split,src_id,dst_id,relation_type,label
train,7b6ecb9ad4829e4e73600a3329baeb3b5df8d23f::Bool.instAssociativeBne,7b6ecb9ad4829e4e73600a3329baeb3b5df8d23f::Std.Associative,instance_ancestor,1
train,7b6ecb9ad4829e4e73600a3329baeb3b5df8d23f::Nat.instAntisymmNotLt,7b6ecb9ad4829e4e73600a3329baeb3b5df8d23f::Antisymm,instance_ancestor,1
train,7b6ecb9ad4829e4e73600a3329baeb3b5df8d23f::StateCpsT.instMonad,7b6ecb9ad4829e4e73600a3329baeb3b5df8d23f::Pure,instance_ancestor,1
train,7b6ecb9ad4829e4e73600a3329baeb3b5df8d23f::instMulUInt32,7b6ecb9ad4829e4e73600a3329baeb3b5df8d23f::Mul,instance_ancestor,1
train,7b6ecb9ad4829e4e73600a3329baeb3b5df8d23f::EStateM.instMonad,7b6ecb9ad4829e4e73600a3329baeb3b5df8d23f::Seq,instance_ancestor,1
train,7b6ecb9ad4829e4e73600a3329baeb3b5df8d23f::Nat.instLawfulBEq,7b6ecb9ad4829e4e73600a3329baeb3b5df8d23f::LawfulBEq,instance_ancestor,1
train,7b6ecb9ad4829e4e73600a3329baeb3b5df8d23f::Except.instMonad,7b6ecb9ad4829e4e73600a3329baeb3b5df8d23f::SeqRight,instance_ancestor,1
train,7b6ecb9ad4829e4e73600a3329baeb3b5df8d23f::BitVec.instAssociativeHMul,7b6ecb9ad4829e4e73600a3329baeb3b5df8d23f::Std.Associative,instance_ancestor,1
train,7b6ecb9ad4829e4e73600a3329baeb3b5df8d23f::Nat.instAssociativeLcm,7b6ecb9ad4829e4e73600a3329baeb3b5df8d23f::Std.Associative,instance_ancestor,1
train,7b6ecb9ad4829e4e73600a3329baeb3b5df8d23f::instMonadOption,7b6ecb9ad4829e4e73600a3329baeb3b5df8d23f::Functor,instance_ancestor,1
train,7b6ecb9ad4829e4e73600a3329baeb3b5df8d23f::instHPow,7b6ecb9ad4829e4e73600a3329baeb3b5df8d23f::HPow,instance_ancestor,1
train,7b6ecb9ad4829e4e73600a3329baeb3b5df8d23f::BitVec.instOrOp,7b6ecb9ad4829e4e73600a3329baeb3b5df8d23f::OrOp,instance_ancestor,1
train,7b6ecb9ad4829e4e73600a3329baeb3b5df8d23f::ReaderT.instLawfulApplicative,7b6ecb9ad4829e4e73600a3329baeb3b5df8d23f::LawfulFunctor,instance_ancestor,1
train,7b6ecb9ad4829e4e73600a3329baeb3b5df8d23f::Array.instToString,7b6ecb9ad4829e4e73600a3329baeb3b5df8d23f::ToString,instance_ancestor,1
train,7b6ecb9ad4829e4e73600a3329baeb3b5df8d23f::instMonadST,7b6ecb9ad4829e4e73600a3329baeb3b5df8d23f::Pure,instance_ancestor,1
train,7b6ecb9ad4829e4e73600a3329baeb3b5df8d23f::ExceptT.instMonad,7b6ecb9ad4829e4e73600a3329baeb3b5df8d23f::SeqRight,instance_ancestor,1
train,7b6ecb9ad4829e4e73600a3329baeb3b5df8d23f::instCoeHTCTIntOfIntCast,7b6ecb9ad4829e4e73600a3329baeb3b5df8d23f::CoeHTCT,instance_ancestor,1
train,7b6ecb9ad4829e4e73600a3329baeb3b5df8d23f::Except.instMonad,7b6ecb9ad4829e4e73600a3329baeb3b5df8d23f::Applicative,instance_ancestor,1
train,7b6ecb9ad4829e4e73600a3329baeb3b5df8d23f::Array.instBEq,7b6ecb9ad4829e4e73600a3329baeb3b5df8d23f::BEq,instance_ancestor,1
train,7b6ecb9ad4829e4e73600a3329baeb3b5df8d23f::instCoeHTCT,7b6ecb9ad4829e4e73600a3329baeb3b5df8d23f::CoeHTCT,instance_ancestor,1
train,7b6ecb9ad4829e4e73600a3329baeb3b5df8d23f::instOrdOption,7b6ecb9ad4829e4e73600a3329baeb3b5df8d23f::Ord,instance_ancestor,1
train,7b6ecb9ad4829e4e73600a3329baeb3b5df8d23f::IO.instInhabitedTaskState,7b6ecb9ad4829e4e73600a3329baeb3b5df8d23f::Inhabited,instance_ancestor,1
train,7b6ecb9ad4829e4e73600a3329baeb3b5df8d23f::Ordering.instDecidableEq,7b6ecb9ad4829e4e73600a3329baeb3b5df8d23f::Decidable,instance_ancestor,1
train,7b6ecb9ad4829e4e73600a3329baeb3b5df8d23f::Bool.instDecidableLe,7b6ecb9ad4829e4e73600a3329baeb3b5df8d23f::Decidable,instance_ancestor,1
train,7b6ecb9ad4829e4e73600a3329baeb3b5df8d23f::Fin.subsingleton_zero,7b6ecb9ad4829e4e73600a3329baeb3b5df8d23f::Subsingleton,instance_ancestor,1
train,7b6ecb9ad4829e4e73600a3329baeb3b5df8d23f::instStreamSubarray,7b6ecb9ad4829e4e73600a3329baeb3b5df8d23f::Stream,instance_ancestor,1
train,7b6ecb9ad4829e4e73600a3329baeb3b5df8d23f::Except.instMonad,7b6ecb9ad4829e4e73600a3329baeb3b5df8d23f::SeqLeft,instance_ancestor,1
train,7b6ecb9ad4829e4e73600a3329baeb3b5df8d23f::StateCpsT.instMonad,7b6ecb9ad4829e4e73600a3329baeb3b5df8d23f::Seq,instance_ancestor,1
train,7b6ecb9ad4829e4e73600a3329baeb3b5df8d23f::Subtype.instDecidableEq,7b6ecb9ad4829e4e73600a3329baeb3b5df8d23f::Decidable,instance_ancestor,1
train,7b6ecb9ad4829e4e73600a3329baeb3b5df8d23f::Lean.instQuoteListMkStr1,7b6ecb9ad4829e4e73600a3329baeb3b5df8d23f::Lean.Quote,instance_ancestor,1
train,7b6ecb9ad4829e4e73600a3329baeb3b5df8d23f::EStateM.instMonad,7b6ecb9ad4829e4e73600a3329baeb3b5df8d23f::SeqLeft,instance_ancestor,1
train,7b6ecb9ad4829e4e73600a3329baeb3b5df8d23f::instMinUInt64,7b6ecb9ad4829e4e73600a3329baeb3b5df8d23f::Min,instance_ancestor,1
train,7b6ecb9ad4829e4e73600a3329baeb3b5df8d23f::Lean.Meta.instReprTransparencyMode,7b6ecb9ad4829e4e73600a3329baeb3b5df8d23f::Repr,instance_ancestor,1
train,7b6ecb9ad4829e4e73600a3329baeb3b5df8d23f::Bool.instDecidableExistsOfDecidablePred,7b6ecb9ad4829e4e73600a3329baeb3b5df8d23f::Decidable,instance_ancestor,1
train,7b6ecb9ad4829e4e73600a3329baeb3b5df8d23f::List.instGetElemNatLtLength,7b6ecb9ad4829e4e73600a3329baeb3b5df8d23f::GetElem,instance_ancestor,1
train,7b6ecb9ad4829e4e73600a3329baeb3b5df8d23f::Lean.instCoeSyntaxTSyntaxConsSyntaxNodeKindMkStr1Nil,7b6ecb9ad4829e4e73600a3329baeb3b5df8d23f::Coe,instance_ancestor,1
train,7b6ecb9ad4829e4e73600a3329baeb3b5df8d23f::instHashableProd,7b6ecb9ad4829e4e73600a3329baeb3b5df8d23f::Hashable,instance_ancestor,1
train,7b6ecb9ad4829e4e73600a3329baeb3b5df8d23f::instOrdUInt16,7b6ecb9ad4829e4e73600a3329baeb3b5df8d23f::Ord,instance_ancestor,1
train,7b6ecb9ad4829e4e73600a3329baeb3b5df8d23f::Array.instRepr,7b6ecb9ad4829e4e73600a3329baeb3b5df8d23f::Repr,instance_ancestor,1
train,7b6ecb9ad4829e4e73600a3329baeb3b5df8d23f::IO.instLETaskState,7b6ecb9ad4829e4e73600a3329baeb3b5df8d23f::LE,instance_ancestor,1
train,7b6ecb9ad4829e4e73600a3329baeb3b5df8d23f::UInt64.instOfNat,7b6ecb9ad4829e4e73600a3329baeb3b5df8d23f::OfNat,instance_ancestor,1
train,7b6ecb9ad4829e4e73600a3329baeb3b5df8d23f::instMonadBaseIO,7b6ecb9ad4829e4e73600a3329baeb3b5df8d23f::Functor,instance_ancestor,1
train,7b6ecb9ad4829e4e73600a3329baeb3b5df8d23f::ByteArray.instGetElemNatUInt8LtSize,7b6ecb9ad4829e4e73600a3329baeb3b5df8d23f::GetElem,instance_ancestor,1
train,7b6ecb9ad4829e4e73600a3329baeb3b5df8d23f::Array.instGetElemUSizeLtNatToNatSize,7b6ecb9ad4829e4e73600a3329baeb3b5df8d23f::GetElem,instance_ancestor,1
train,7b6ecb9ad4829e4e73600a3329baeb3b5df8d23f::instReprStdGen,7b6ecb9ad4829e4e73600a3329baeb3b5df8d23f::Repr,instance_ancestor,1
train,7b6ecb9ad4829e4e73600a3329baeb3b5df8d23f::instMonadOption,7b6ecb9ad4829e4e73600a3329baeb3b5df8d23f::Bind,instance_ancestor,1
train,7b6ecb9ad4829e4e73600a3329baeb3b5df8d23f::instToFormatPos,7b6ecb9ad4829e4e73600a3329baeb3b5df8d23f::Std.ToFormat,instance_ancestor,1
train,7b6ecb9ad4829e4e73600a3329baeb3b5df8d23f::instMinUInt16,7b6ecb9ad4829e4e73600a3329baeb3b5df8d23f::Min,instance_ancestor,1
train,7b6ecb9ad4829e4e73600a3329baeb3b5df8d23f::instOrdUInt32,7b6ecb9ad4829e4e73600a3329baeb3b5df8d23f::Ord,instance_ancestor,1
train,7b6ecb9ad4829e4e73600a3329baeb3b5df8d23f::instInhabitedOption,7b6ecb9ad4829e4e73600a3329baeb3b5df8d23f::Inhabited,instance_ancestor,1
train,7b6ecb9ad4829e4e73600a3329baeb3b5df8d23f::ReaderT.instMonadFunctor,7b6ecb9ad4829e4e73600a3329baeb3b5df8d23f::MonadFunctor,instance_ancestor,1
train,7b6ecb9ad4829e4e73600a3329baeb3b5df8d23f::Lean.instQuoteProdMkStr1,7b6ecb9ad4829e4e73600a3329baeb3b5df8d23f::Lean.Quote,instance_ancestor,1
train,7b6ecb9ad4829e4e73600a3329baeb3b5df8d23f::instMonadBaseIO,7b6ecb9ad4829e4e73600a3329baeb3b5df8d23f::Applicative,instance_ancestor,1
train,7b6ecb9ad4829e4e73600a3329baeb3b5df8d23f::instInhabitedPUnit,7b6ecb9ad4829e4e73600a3329baeb3b5df8d23f::Inhabited,instance_ancestor,1
train,7b6ecb9ad4829e4e73600a3329baeb3b5df8d23f::ByteArray.instAppend,7b6ecb9ad4829e4e73600a3329baeb3b5df8d23f::Append,instance_ancestor,1
train,7b6ecb9ad4829e4e73600a3329baeb3b5df8d23f::instDecidableLtUInt64,7b6ecb9ad4829e4e73600a3329baeb3b5df8d23f::Decidable,instance_ancestor,1
train,7b6ecb9ad4829e4e73600a3329baeb3b5df8d23f::instForInOfStream,7b6ecb9ad4829e4e73600a3329baeb3b5df8d23f::ForIn,instance_ancestor,1
train,7b6ecb9ad4829e4e73600a3329baeb3b5df8d23f::ExceptT.instMonad,7b6ecb9ad4829e4e73600a3329baeb3b5df8d23f::SeqLeft,instance_ancestor,1
train,7b6ecb9ad4829e4e73600a3329baeb3b5df8d23f::instHashable,7b6ecb9ad4829e4e73600a3329baeb3b5df8d23f::Hashable,instance_ancestor,1
train,7b6ecb9ad4829e4e73600a3329baeb3b5df8d23f::Lean.TSyntax.instCoeNumLitTerm,7b6ecb9ad4829e4e73600a3329baeb3b5df8d23f::Coe,instance_ancestor,1
train,7b6ecb9ad4829e4e73600a3329baeb3b5df8d23f::instMonadOption,7b6ecb9ad4829e4e73600a3329baeb3b5df8d23f::Pure,instance_ancestor,1
train,7b6ecb9ad4829e4e73600a3329baeb3b5df8d23f::instInhabitedForInStep_1,7b6ecb9ad4829e4e73600a3329baeb3b5df8d23f::Inhabited,instance_ancestor,1
train,7b6ecb9ad4829e4e73600a3329baeb3b5df8d23f::instMonadFinallyStateRefT'OfMonad,7b6ecb9ad4829e4e73600a3329baeb3b5df8d23f::MonadFinally,instance_ancestor,1
train,7b6ecb9ad4829e4e73600a3329baeb3b5df8d23f::Lean.Grind.instInhabitedConfig,7b6ecb9ad4829e4e73600a3329baeb3b5df8d23f::Inhabited,instance_ancestor,1
train,7b6ecb9ad4829e4e73600a3329baeb3b5df8d23f::instReprId_1,7b6ecb9ad4829e4e73600a3329baeb3b5df8d23f::Repr,instance_ancestor,1
train,7b6ecb9ad4829e4e73600a3329baeb3b5df8d23f::instAddUSize,7b6ecb9ad4829e4e73600a3329baeb3b5df8d23f::Add,instance_ancestor,1
train,7b6ecb9ad4829e4e73600a3329baeb3b5df8d23f::instIdempotentOpOr,7b6ecb9ad4829e4e73600a3329baeb3b5df8d23f::Std.IdempotentOp,instance_ancestor,1
train,7b6ecb9ad4829e4e73600a3329baeb3b5df8d23f::ReaderT.instAlternativeOfMonad,7b6ecb9ad4829e4e73600a3329baeb3b5df8d23f::Functor,instance_ancestor,1
train,7b6ecb9ad4829e4e73600a3329baeb3b5df8d23f::instMulFloat,7b6ecb9ad4829e4e73600a3329baeb3b5df8d23f::Mul,instance_ancestor,1
train,7b6ecb9ad4829e4e73600a3329baeb3b5df8d23f::instHMod,7b6ecb9ad4829e4e73600a3329baeb3b5df8d23f::HMod,instance_ancestor,1
train,7b6ecb9ad4829e4e73600a3329baeb3b5df8d23f::StateRefT'.instAlternativeOfMonad,7b6ecb9ad4829e4e73600a3329baeb3b5df8d23f::Seq,instance_ancestor,1
train,7b6ecb9ad4829e4e73600a3329baeb3b5df8d23f::instLEFin,7b6ecb9ad4829e4e73600a3329baeb3b5df8d23f::LE,instance_ancestor,1
train,7b6ecb9ad4829e4e73600a3329baeb3b5df8d23f::instMaxUInt16,7b6ecb9ad4829e4e73600a3329baeb3b5df8d23f::Max,instance_ancestor,1
train,7b6ecb9ad4829e4e73600a3329baeb3b5df8d23f::Std.instInhabitedFormat,7b6ecb9ad4829e4e73600a3329baeb3b5df8d23f::Inhabited,instance_ancestor,1
train,7b6ecb9ad4829e4e73600a3329baeb3b5df8d23f::Lean.instCoeOutTSyntaxSyntax,7b6ecb9ad4829e4e73600a3329baeb3b5df8d23f::CoeOut,instance_ancestor,1
train,7b6ecb9ad4829e4e73600a3329baeb3b5df8d23f::instLawfulApplicativeOption,7b6ecb9ad4829e4e73600a3329baeb3b5df8d23f::LawfulApplicative,instance_ancestor,1
train,7b6ecb9ad4829e4e73600a3329baeb3b5df8d23f::EStateM.instInhabitedResult,7b6ecb9ad4829e4e73600a3329baeb3b5df8d23f::Inhabited,instance_ancestor,1
train,7b6ecb9ad4829e4e73600a3329baeb3b5df8d23f::Lean.Syntax.instBEq,7b6ecb9ad4829e4e73600a3329baeb3b5df8d23f::BEq,instance_ancestor,1
train,7b6ecb9ad4829e4e73600a3329baeb3b5df8d23f::Monad,7b6ecb9ad4829e4e73600a3329baeb3b5df8d23f::SeqRight,extends_ancestor,1
train,7b6ecb9ad4829e4e73600a3329baeb3b5df8d23f::FloatArray.instInhabited,7b6ecb9ad4829e4e73600a3329baeb3b5df8d23f::Inhabited,instance_ancestor,1
train,7b6ecb9ad4829e4e73600a3329baeb3b5df8d23f::UInt8.instOfNat,7b6ecb9ad4829e4e73600a3329baeb3b5df8d23f::OfNat,instance_ancestor,1
train,7b6ecb9ad4829e4e73600a3329baeb3b5df8d23f::Prod.lexLtDec,7b6ecb9ad4829e4e73600a3329baeb3b5df8d23f::Decidable,instance_ancestor,1
train,7b6ecb9ad4829e4e73600a3329baeb3b5df8d23f::instDecidableEqSum,7b6ecb9ad4829e4e73600a3329baeb3b5df8d23f::Decidable,instance_ancestor,1
train,7b6ecb9ad4829e4e73600a3329baeb3b5df8d23f::Std.LawfulLeftIdentity,7b6ecb9ad4829e4e73600a3329baeb3b5df8d23f::Std.LeftIdentity,extends_ancestor,1
train,7b6ecb9ad4829e4e73600a3329baeb3b5df8d23f::BitVec.instHShiftLeftNat,7b6ecb9ad4829e4e73600a3329baeb3b5df8d23f::HShiftLeft,instance_ancestor,1
train,7b6ecb9ad4829e4e73600a3329baeb3b5df8d23f::ExceptT.instMonad,7b6ecb9ad4829e4e73600a3329baeb3b5df8d23f::Monad,instance_ancestor,1
train,7b6ecb9ad4829e4e73600a3329baeb3b5df8d23f::instToFormatArray,7b6ecb9ad4829e4e73600a3329baeb3b5df8d23f::Std.ToFormat,instance_ancestor,1
train,7b6ecb9ad4829e4e73600a3329baeb3b5df8d23f::Option.instForM,7b6ecb9ad4829e4e73600a3329baeb3b5df8d23f::ForM,instance_ancestor,1
train,7b6ecb9ad4829e4e73600a3329baeb3b5df8d23f::instDecidableLtUInt8,7b6ecb9ad4829e4e73600a3329baeb3b5df8d23f::Decidable,instance_ancestor,1
train,7b6ecb9ad4829e4e73600a3329baeb3b5df8d23f::instToStringByteArray,7b6ecb9ad4829e4e73600a3329baeb3b5df8d23f::ToString,instance_ancestor,1
train,7b6ecb9ad4829e4e73600a3329baeb3b5df8d23f::instComplementUInt32,7b6ecb9ad4829e4e73600a3329baeb3b5df8d23f::Complement,instance_ancestor,1
train,7b6ecb9ad4829e4e73600a3329baeb3b5df8d23f::instMonadControlReaderT,7b6ecb9ad4829e4e73600a3329baeb3b5df8d23f::MonadControl,instance_ancestor,1
train,7b6ecb9ad4829e4e73600a3329baeb3b5df8d23f::Std.Range.instForInNat,7b6ecb9ad4829e4e73600a3329baeb3b5df8d23f::ForIn,instance_ancestor,1
train,7b6ecb9ad4829e4e73600a3329baeb3b5df8d23f::Lean.instQuoteSubstringMkStr1,7b6ecb9ad4829e4e73600a3329baeb3b5df8d23f::Lean.Quote,instance_ancestor,1
train,7b6ecb9ad4829e4e73600a3329baeb3b5df8d23f::ExceptCpsT.instMonad,7b6ecb9ad4829e4e73600a3329baeb3b5df8d23f::Seq,instance_ancestor,1
train,7b6ecb9ad4829e4e73600a3329baeb3b5df8d23f::instStreamRangeNat,7b6ecb9ad4829e4e73600a3329baeb3b5df8d23f::Stream,instance_ancestor,1
train,7b6ecb9ad4829e4e73600a3329baeb3b5df8d23f::instHashableFin,7b6ecb9ad4829e4e73600a3329baeb3b5df8d23f::Hashable,instance_ancestor,1
train,7b6ecb9ad4829e4e73600a3329baeb3b5df8d23f::ReaderT.instAlternativeOfMonad,7b6ecb9ad4829e4e73600a3329baeb3b5df8d23f::Applicative,instance_ancestor,1
train,7b6ecb9ad4829e4e73600a3329baeb3b5df8d23f::StateT.instAlternative,7b6ecb9ad4829e4e73600a3329baeb3b5df8d23f::Seq,instance_ancestor,1
train,7b6ecb9ad4829e4e73600a3329baeb3b5df8d23f::Lean.Omega.instBEqConstraint,7b6ecb9ad4829e4e73600a3329baeb3b5df8d23f::BEq,instance_ancestor,1
train,7b6ecb9ad4829e4e73600a3329baeb3b5df8d23f::Fin.decLt,7b6ecb9ad4829e4e73600a3329baeb3b5df8d23f::Decidable,instance_ancestor,1
train,7b6ecb9ad4829e4e73600a3329baeb3b5df8d23f::instLawfulBEqChar,7b6ecb9ad4829e4e73600a3329baeb3b5df8d23f::LawfulBEq,instance_ancestor,1
train,7b6ecb9ad4829e4e73600a3329baeb3b5df8d23f::ShareCommon.instNonemptyStateFactory,7b6ecb9ad4829e4e73600a3329baeb3b5df8d23f::Nonempty,instance_ancestor,1
train,7b6ecb9ad4829e4e73600a3329baeb3b5df8d23f::Nat.instCommutativeHAdd,7b6ecb9ad4829e4e73600a3329baeb3b5df8d23f::Std.Commutative,instance_ancestor,1
train,7b6ecb9ad4829e4e73600a3329baeb3b5df8d23f::ReaderT.instApplicativeOfMonad,7b6ecb9ad4829e4e73600a3329baeb3b5df8d23f::Pure,instance_ancestor,1
train,7b6ecb9ad4829e4e73600a3329baeb3b5df8d23f::Bool.instLawfulIdentityBneFalse,7b6ecb9ad4829e4e73600a3329baeb3b5df8d23f::Std.RightIdentity,instance_ancestor,1
train,7b6ecb9ad4829e4e73600a3329baeb3b5df8d23f::StateCpsT.instMonad,7b6ecb9ad4829e4e73600a3329baeb3b5df8d23f::SeqLeft,instance_ancestor,1
train,7b6ecb9ad4829e4e73600a3329baeb3b5df8d23f::instReprId,7b6ecb9ad4829e4e73600a3329baeb3b5df8d23f::Repr,instance_ancestor,1
train,7b6ecb9ad4829e4e73600a3329baeb3b5df8d23f::BitVec.instSubsingletonOfNatNat,7b6ecb9ad4829e4e73600a3329baeb3b5df8d23f::Subsingleton,instance_ancestor,1
train,7b6ecb9ad4829e4e73600a3329baeb3b5df8d23f::Array.instForIn,7b6ecb9ad4829e4e73600a3329baeb3b5df8d23f::ForIn,instance_ancestor,1
train,7b6ecb9ad4829e4e73600a3329baeb3b5df8d23f::BitVec.instOfNat,7b6ecb9ad4829e4e73600a3329baeb3b5df8d23f::OfNat,instance_ancestor,1
train,7b6ecb9ad4829e4e73600a3329baeb3b5df8d23f::instDivUInt64,7b6ecb9ad4829e4e73600a3329baeb3b5df8d23f::Div,instance_ancestor,1
train,7b6ecb9ad4829e4e73600a3329baeb3b5df8d23f::IO.instNonemptyCondvar,7b6ecb9ad4829e4e73600a3329baeb3b5df8d23f::Nonempty,instance_ancestor,1
train,7b6ecb9ad4829e4e73600a3329baeb3b5df8d23f::BitVec.instAssociativeHAdd,7b6ecb9ad4829e4e73600a3329baeb3b5df8d23f::Std.Associative,instance_ancestor,1
train,7b6ecb9ad4829e4e73600a3329baeb3b5df8d23f::instInhabitedUInt32,7b6ecb9ad4829e4e73600a3329baeb3b5df8d23f::Inhabited,instance_ancestor,1
train,7b6ecb9ad4829e4e73600a3329baeb3b5df8d23f::Lean.Omega.LinearCombo.instAdd,7b6ecb9ad4829e4e73600a3329baeb3b5df8d23f::Add,instance_ancestor,1
train,7b6ecb9ad4829e4e73600a3329baeb3b5df8d23f::String.instDecidableEqIterator,7b6ecb9ad4829e4e73600a3329baeb3b5df8d23f::Decidable,instance_ancestor,1
train,7b6ecb9ad4829e4e73600a3329baeb3b5df8d23f::instHashableBool,7b6ecb9ad4829e4e73600a3329baeb3b5df8d23f::Hashable,instance_ancestor,1
train,7b6ecb9ad4829e4e73600a3329baeb3b5df8d23f::BitVec.instDiv,7b6ecb9ad4829e4e73600a3329baeb3b5df8d23f::Div,instance_ancestor,1
train,7b6ecb9ad4829e4e73600a3329baeb3b5df8d23f::instCoeHTCOfCoeHeadOfCoeOTC,7b6ecb9ad4829e4e73600a3329baeb3b5df8d23f::CoeHTC,instance_ancestor,1
train,7b6ecb9ad4829e4e73600a3329baeb3b5df8d23f::ExceptT.instMonad,7b6ecb9ad4829e4e73600a3329baeb3b5df8d23f::Functor,instance_ancestor,1
train,7b6ecb9ad4829e4e73600a3329baeb3b5df8d23f::instMonadLiftBaseIOEIO,7b6ecb9ad4829e4e73600a3329baeb3b5df8d23f::MonadLift,instance_ancestor,1
train,7b6ecb9ad4829e4e73600a3329baeb3b5df8d23f::instToStringFin,7b6ecb9ad4829e4e73600a3329baeb3b5df8d23f::ToString,instance_ancestor,1
train,7b6ecb9ad4829e4e73600a3329baeb3b5df8d23f::Char.instLE,7b6ecb9ad4829e4e73600a3329baeb3b5df8d23f::LE,instance_ancestor,1
train,7b6ecb9ad4829e4e73600a3329baeb3b5df8d23f::instToStringFloatArray,7b6ecb9ad4829e4e73600a3329baeb3b5df8d23f::ToString,instance_ancestor,1
train,7b6ecb9ad4829e4e73600a3329baeb3b5df8d23f::IO.FS.instBEqSystemTime,7b6ecb9ad4829e4e73600a3329baeb3b5df8d23f::BEq,instance_ancestor,1
train,7b6ecb9ad4829e4e73600a3329baeb3b5df8d23f::instInhabitedBool,7b6ecb9ad4829e4e73600a3329baeb3b5df8d23f::Inhabited,instance_ancestor,1
train,7b6ecb9ad4829e4e73600a3329baeb3b5df8d23f::instMonadST,7b6ecb9ad4829e4e73600a3329baeb3b5df8d23f::SeqRight,instance_ancestor,1
train,7b6ecb9ad4829e4e73600a3329baeb3b5df8d23f::Decidable.predToBool,7b6ecb9ad4829e4e73600a3329baeb3b5df8d23f::CoeDep,instance_ancestor,1
train,7b6ecb9ad4829e4e73600a3329baeb3b5df8d23f::ReaderT.instLawfulMonad,7b6ecb9ad4829e4e73600a3329baeb3b5df8d23f::LawfulFunctor,instance_ancestor,1
train,7b6ecb9ad4829e4e73600a3329baeb3b5df8d23f::instToStringBool,7b6ecb9ad4829e4e73600a3329baeb3b5df8d23f::ToString,instance_ancestor,1
train,7b6ecb9ad4829e4e73600a3329baeb3b5df8d23f::ShareCommon.instNonemptyState,7b6ecb9ad4829e4e73600a3329baeb3b5df8d23f::Nonempty,instance_ancestor,1
train,7b6ecb9ad4829e4e73600a3329baeb3b5df8d23f::instLawfulIdentityAndTrue,7b6ecb9ad4829e4e73600a3329baeb3b5df8d23f::Std.LeftIdentity,instance_ancestor,1
train,7b6ecb9ad4829e4e73600a3329baeb3b5df8d23f::instInhabitedForInStep,7b6ecb9ad4829e4e73600a3329baeb3b5df8d23f::Inhabited,instance_ancestor,1
train,7b6ecb9ad4829e4e73600a3329baeb3b5df8d23f::Bool.instCommutativeAnd,7b6ecb9ad4829e4e73600a3329baeb3b5df8d23f::Std.Commutative,instance_ancestor,1
train,7b6ecb9ad4829e4e73600a3329baeb3b5df8d23f::instDecidableLePos,7b6ecb9ad4829e4e73600a3329baeb3b5df8d23f::Decidable,instance_ancestor,1
train,7b6ecb9ad4829e4e73600a3329baeb3b5df8d23f::instCoeTOfCoeDep,7b6ecb9ad4829e4e73600a3329baeb3b5df8d23f::CoeT,instance_ancestor,1
train,7b6ecb9ad4829e4e73600a3329baeb3b5df8d23f::instLEUInt8,7b6ecb9ad4829e4e73600a3329baeb3b5df8d23f::LE,instance_ancestor,1
train,7b6ecb9ad4829e4e73600a3329baeb3b5df8d23f::Lean.Syntax.instToString,7b6ecb9ad4829e4e73600a3329baeb3b5df8d23f::ToString,instance_ancestor,1
train,7b6ecb9ad4829e4e73600a3329baeb3b5df8d23f::Nat.instDvd,7b6ecb9ad4829e4e73600a3329baeb3b5df8d23f::Dvd,instance_ancestor,1
train,7b6ecb9ad4829e4e73600a3329baeb3b5df8d23f::Nat.instAntisymmLe,7b6ecb9ad4829e4e73600a3329baeb3b5df8d23f::Antisymm,instance_ancestor,1
train,7b6ecb9ad4829e4e73600a3329baeb3b5df8d23f::BitVec.instMod,7b6ecb9ad4829e4e73600a3329baeb3b5df8d23f::Mod,instance_ancestor,1
train,7b6ecb9ad4829e4e73600a3329baeb3b5df8d23f::System.FilePath.instHDivString,7b6ecb9ad4829e4e73600a3329baeb3b5df8d23f::HDiv,instance_ancestor,1
train,7b6ecb9ad4829e4e73600a3329baeb3b5df8d23f::instToStreamRange,7b6ecb9ad4829e4e73600a3329baeb3b5df8d23f::ToStream,instance_ancestor,1
train,7b6ecb9ad4829e4e73600a3329baeb3b5df8d23f::StateT.instMonad,7b6ecb9ad4829e4e73600a3329baeb3b5df8d23f::SeqLeft,instance_ancestor,1
train,7b6ecb9ad4829e4e73600a3329baeb3b5df8d23f::IO.instMinTaskState,7b6ecb9ad4829e4e73600a3329baeb3b5df8d23f::Min,instance_ancestor,1
train,7b6ecb9ad4829e4e73600a3329baeb3b5df8d23f::Lean.Omega.IntList.instSub,7b6ecb9ad4829e4e73600a3329baeb3b5df8d23f::Sub,instance_ancestor,1
train,7b6ecb9ad4829e4e73600a3329baeb3b5df8d23f::Lean.TSyntax.instCoeScientificLitTerm,7b6ecb9ad4829e4e73600a3329baeb3b5df8d23f::Coe,instance_ancestor,1
train,7b6ecb9ad4829e4e73600a3329baeb3b5df8d23f::instToStringNat,7b6ecb9ad4829e4e73600a3329baeb3b5df8d23f::ToString,instance_ancestor,1
train,7b6ecb9ad4829e4e73600a3329baeb3b5df8d23f::ReaderT.instApplicativeOfMonad,7b6ecb9ad4829e4e73600a3329baeb3b5df8d23f::Functor,instance_ancestor,1
train,7b6ecb9ad4829e4e73600a3329baeb3b5df8d23f::FloatArray.instGetElemUSizeFloatLtNatValValSize,7b6ecb9ad4829e4e73600a3329baeb3b5df8d23f::GetElem,instance_ancestor,1
train,7b6ecb9ad4829e4e73600a3329baeb3b5df8d23f::Lean.Omega.IntList.instAdd,7b6ecb9ad4829e4e73600a3329baeb3b5df8d23f::Add,instance_ancestor,1
train,7b6ecb9ad4829e4e73600a3329baeb3b5df8d23f::instReprDecidable,7b6ecb9ad4829e4e73600a3329baeb3b5df8d23f::Repr,instance_ancestor,1
train,7b6ecb9ad4829e4e73600a3329baeb3b5df8d23f::StateCpsT.instMonad,7b6ecb9ad4829e4e73600a3329baeb3b5df8d23f::Monad,instance_ancestor,1
train,7b6ecb9ad4829e4e73600a3329baeb3b5df8d23f::IO.FS.instReprMetadata,7b6ecb9ad4829e4e73600a3329baeb3b5df8d23f::Repr,instance_ancestor,1
train,7b6ecb9ad4829e4e73600a3329baeb3b5df8d23f::StateRefT'.instAlternativeOfMonad,7b6ecb9ad4829e4e73600a3329baeb3b5df8d23f::Alternative,instance_ancestor,1
train,7b6ecb9ad4829e4e73600a3329baeb3b5df8d23f::instLawfulApplicativeOption,7b6ecb9ad4829e4e73600a3329baeb3b5df8d23f::LawfulFunctor,instance_ancestor,1
train,7b6ecb9ad4829e4e73600a3329baeb3b5df8d23f::Int.instLawfulIdentityHMulOfNat,7b6ecb9ad4829e4e73600a3329baeb3b5df8d23f::Std.LeftIdentity,instance_ancestor,1
train,7b6ecb9ad4829e4e73600a3329baeb3b5df8d23f::instLawfulMonadStateRefT',7b6ecb9ad4829e4e73600a3329baeb3b5df8d23f::LawfulApplicative,instance_ancestor,1
train,7b6ecb9ad4829e4e73600a3329baeb3b5df8d23f::BitVec.instHShiftRightNat,7b6ecb9ad4829e4e73600a3329baeb3b5df8d23f::HShiftRight,instance_ancestor,1
train,7b6ecb9ad4829e4e73600a3329baeb3b5df8d23f::instMonadBaseIO,7b6ecb9ad4829e4e73600a3329baeb3b5df8d23f::Bind,instance_ancestor,1
train,7b6ecb9ad4829e4e73600a3329baeb3b5df8d23f::Lean.Omega.instReprLinearCombo,7b6ecb9ad4829e4e73600a3329baeb3b5df8d23f::Repr,instance_ancestor,1
train,7b6ecb9ad4829e4e73600a3329baeb3b5df8d23f::List.instLawfulIdentityHAppendNil,7b6ecb9ad4829e4e73600a3329baeb3b5df8d23f::Std.LeftIdentity,instance_ancestor,1
train,7b6ecb9ad4829e4e73600a3329baeb3b5df8d23f::Except.instMonad,7b6ecb9ad4829e4e73600a3329baeb3b5df8d23f::Bind,instance_ancestor,1
train,7b6ecb9ad4829e4e73600a3329baeb3b5df8d23f::Lean.TSyntax.instCoeIdentLevel,7b6ecb9ad4829e4e73600a3329baeb3b5df8d23f::Coe,instance_ancestor,1
train,7b6ecb9ad4829e4e73600a3329baeb3b5df8d23f::Lean.Syntax.instEmptyCollectionSepArray,7b6ecb9ad4829e4e73600a3329baeb3b5df8d23f::EmptyCollection,instance_ancestor,1
train,7b6ecb9ad4829e4e73600a3329baeb3b5df8d23f::instToStreamSubarray,7b6ecb9ad4829e4e73600a3329baeb3b5df8d23f::ToStream,instance_ancestor,1
train,7b6ecb9ad4829e4e73600a3329baeb3b5df8d23f::instSubUInt32,7b6ecb9ad4829e4e73600a3329baeb3b5df8d23f::Sub,instance_ancestor,1
train,7b6ecb9ad4829e4e73600a3329baeb3b5df8d23f::Std.instCommutativeIff,7b6ecb9ad4829e4e73600a3329baeb3b5df8d23f::Std.Commutative,instance_ancestor,1
train,7b6ecb9ad4829e4e73600a3329baeb3b5df8d23f::instHShiftRightOfShiftRight,7b6ecb9ad4829e4e73600a3329baeb3b5df8d23f::HShiftRight,instance_ancestor,1
train,7b6ecb9ad4829e4e73600a3329baeb3b5df8d23f::instDecidableDite,7b6ecb9ad4829e4e73600a3329baeb3b5df8d23f::Decidable,instance_ancestor,1
train,7b6ecb9ad4829e4e73600a3329baeb3b5df8d23f::instCoeHTC,7b6ecb9ad4829e4e73600a3329baeb3b5df8d23f::CoeHTC,instance_ancestor,1
train,7b6ecb9ad4829e4e73600a3329baeb3b5df8d23f::Lean.TSyntax.instCoeNumLitPrio,7b6ecb9ad4829e4e73600a3329baeb3b5df8d23f::Coe,instance_ancestor,1
train,7b6ecb9ad4829e4e73600a3329baeb3b5df8d23f::instMonadEST,7b6ecb9ad4829e4e73600a3329baeb3b5df8d23f::SeqLeft,instance_ancestor,1
train,7b6ecb9ad4829e4e73600a3329baeb3b5df8d23f::Lean.Omega.IntList.instHMulInt,7b6ecb9ad4829e4e73600a3329baeb3b5df8d23f::HMul,instance_ancestor,1
train,7b6ecb9ad4829e4e73600a3329baeb3b5df8d23f::ExceptCpsT.instMonad,7b6ecb9ad4829e4e73600a3329baeb3b5df8d23f::Applicative,instance_ancestor,1
train,7b6ecb9ad4829e4e73600a3329baeb3b5df8d23f::instDecidableRelLt,7b6ecb9ad4829e4e73600a3329baeb3b5df8d23f::Decidable,instance_ancestor,1
train,7b6ecb9ad4829e4e73600a3329baeb3b5df8d23f::instLEUInt64,7b6ecb9ad4829e4e73600a3329baeb3b5df8d23f::LE,instance_ancestor,1
train,7b6ecb9ad4829e4e73600a3329baeb3b5df8d23f::instModUInt16,7b6ecb9ad4829e4e73600a3329baeb3b5df8d23f::Mod,instance_ancestor,1
train,7b6ecb9ad4829e4e73600a3329baeb3b5df8d23f::instMonadOption,7b6ecb9ad4829e4e73600a3329baeb3b5df8d23f::SeqRight,instance_ancestor,1
train,7b6ecb9ad4829e4e73600a3329baeb3b5df8d23f::instReprPos,7b6ecb9ad4829e4e73600a3329baeb3b5df8d23f::Repr,instance_ancestor,1
train,7b6ecb9ad4829e4e73600a3329baeb3b5df8d23f::instCoeStringError,7b6ecb9ad4829e4e73600a3329baeb3b5df8d23f::Coe,instance_ancestor,1
train,7b6ecb9ad4829e4e73600a3329baeb3b5df8d23f::IO.FS.instReprDirEntry,7b6ecb9ad4829e4e73600a3329baeb3b5df8d23f::Repr,instance_ancestor,1
train,7b6ecb9ad4829e4e73600a3329baeb3b5df8d23f::Nat.instCommutativeHMul,7b6ecb9ad4829e4e73600a3329baeb3b5df8d23f::Std.Commutative,instance_ancestor,1
train,7b6ecb9ad4829e4e73600a3329baeb3b5df8d23f::Int.instHShiftRightNat,7b6ecb9ad4829e4e73600a3329baeb3b5df8d23f::HShiftRight,instance_ancestor,1
train,7b6ecb9ad4829e4e73600a3329baeb3b5df8d23f::instLawfulFunctorExcept,7b6ecb9ad4829e4e73600a3329baeb3b5df8d23f::LawfulFunctor,instance_ancestor,1
train,7b6ecb9ad4829e4e73600a3329baeb3b5df8d23f::instReprString,7b6ecb9ad4829e4e73600a3329baeb3b5df8d23f::Repr,instance_ancestor,1
train,7b6ecb9ad4829e4e73600a3329baeb3b5df8d23f::Lean.instQuoteOfCoeHTCTTSyntaxConsSyntaxNodeKindNil,7b6ecb9ad4829e4e73600a3329baeb3b5df8d23f::Lean.Quote,instance_ancestor,1
train,7b6ecb9ad4829e4e73600a3329baeb3b5df8d23f::IO.FS.instBEqFileType,7b6ecb9ad4829e4e73600a3329baeb3b5df8d23f::BEq,instance_ancestor,1
train,7b6ecb9ad4829e4e73600a3329baeb3b5df8d23f::Lean.Omega.LinearCombo.instInhabited,7b6ecb9ad4829e4e73600a3329baeb3b5df8d23f::Inhabited,instance_ancestor,1
train,7b6ecb9ad4829e4e73600a3329baeb3b5df8d23f::instOfNatNat,7b6ecb9ad4829e4e73600a3329baeb3b5df8d23f::OfNat,instance_ancestor,1
train,7b6ecb9ad4829e4e73600a3329baeb3b5df8d23f::Bool.instLawfulIdentityBeqTrue,7b6ecb9ad4829e4e73600a3329baeb3b5df8d23f::Std.LawfulIdentity,instance_ancestor,1
train,7b6ecb9ad4829e4e73600a3329baeb3b5df8d23f::Lean.Syntax.instCoeArraySepArray,7b6ecb9ad4829e4e73600a3329baeb3b5df8d23f::Coe,instance_ancestor,1
train,7b6ecb9ad4829e4e73600a3329baeb3b5df8d23f::instHModUInt8Nat,7b6ecb9ad4829e4e73600a3329baeb3b5df8d23f::HMod,instance_ancestor,1
train,7b6ecb9ad4829e4e73600a3329baeb3b5df8d23f::instHasEquivOfSetoid,7b6ecb9ad4829e4e73600a3329baeb3b5df8d23f::HasEquiv,instance_ancestor,1
train,7b6ecb9ad4829e4e73600a3329baeb3b5df8d23f::ExceptT.instMonad,7b6ecb9ad4829e4e73600a3329baeb3b5df8d23f::Bind,instance_ancestor,1
train,7b6ecb9ad4829e4e73600a3329baeb3b5df8d23f::StateCpsT.instLawfulMonad,7b6ecb9ad4829e4e73600a3329baeb3b5df8d23f::LawfulMonad,instance_ancestor,1
train,7b6ecb9ad4829e4e73600a3329baeb3b5df8d23f::ExceptT.instMonad,7b6ecb9ad4829e4e73600a3329baeb3b5df8d23f::Applicative,instance_ancestor,1
train,7b6ecb9ad4829e4e73600a3329baeb3b5df8d23f::instShiftLeftUSize,7b6ecb9ad4829e4e73600a3329baeb3b5df8d23f::ShiftLeft,instance_ancestor,1
train,7b6ecb9ad4829e4e73600a3329baeb3b5df8d23f::StateT.instMonadExceptOf,7b6ecb9ad4829e4e73600a3329baeb3b5df8d23f::MonadExceptOf,instance_ancestor,1
train,7b6ecb9ad4829e4e73600a3329baeb3b5df8d23f::OptionT.instMonadLift,7b6ecb9ad4829e4e73600a3329baeb3b5df8d23f::MonadLift,instance_ancestor,1
train,7b6ecb9ad4829e4e73600a3329baeb3b5df8d23f::Nat.instCommutativeLcm,7b6ecb9ad4829e4e73600a3329baeb3b5df8d23f::Std.Commutative,instance_ancestor,1
train,7b6ecb9ad4829e4e73600a3329baeb3b5df8d23f::StateCpsT.instMonadLiftOfMonad,7b6ecb9ad4829e4e73600a3329baeb3b5df8d23f::MonadLift,instance_ancestor,1
train,7b6ecb9ad4829e4e73600a3329baeb3b5df8d23f::EStateM.instMonad,7b6ecb9ad4829e4e73600a3329baeb3b5df8d23f::Applicative,instance_ancestor,1
train,7b6ecb9ad4829e4e73600a3329baeb3b5df8d23f::StateCpsT.instMonad,7b6ecb9ad4829e4e73600a3329baeb3b5df8d23f::Bind,instance_ancestor,1
train,7b6ecb9ad4829e4e73600a3329baeb3b5df8d23f::Nat.decidableExistsLE,7b6ecb9ad4829e4e73600a3329baeb3b5df8d23f::Decidable,instance_ancestor,1
train,7b6ecb9ad4829e4e73600a3329baeb3b5df8d23f::instReprAtomFloat,7b6ecb9ad4829e4e73600a3329baeb3b5df8d23f::ReprAtom,instance_ancestor,1
train,7b6ecb9ad4829e4e73600a3329baeb3b5df8d23f::Lean.Meta.DSimp.instBEqConfig,7b6ecb9ad4829e4e73600a3329baeb3b5df8d23f::BEq,instance_ancestor,1
train,7b6ecb9ad4829e4e73600a3329baeb3b5df8d23f::Int.decLt,7b6ecb9ad4829e4e73600a3329baeb3b5df8d23f::Decidable,instance_ancestor,1
train,7b6ecb9ad4829e4e73600a3329baeb3b5df8d23f::Std.instMembershipNatRange,7b6ecb9ad4829e4e73600a3329baeb3b5df8d23f::Membership,instance_ancestor,1
train,7b6ecb9ad4829e4e73600a3329baeb3b5df8d23f::Nat.instOrOp,7b6ecb9ad4829e4e73600a3329baeb3b5df8d23f::OrOp,instance_ancestor,1
train,7b6ecb9ad4829e4e73600a3329baeb3b5df8d23f::List.instFunctor,7b6ecb9ad4829e4e73600a3329baeb3b5df8d23f::Functor,instance_ancestor,1
train,7b6ecb9ad4829e4e73600a3329baeb3b5df8d23f::List.instLawfulGetElemNatLtLength,7b6ecb9ad4829e4e73600a3329baeb3b5df8d23f::LawfulGetElem,instance_ancestor,1
train,7b6ecb9ad4829e4e73600a3329baeb3b5df8d23f::instComplementUSize,7b6ecb9ad4829e4e73600a3329baeb3b5df8d23f::Complement,instance_ancestor,1
train,7b6ecb9ad4829e4e73600a3329baeb3b5df8d23f::instToStringPos,7b6ecb9ad4829e4e73600a3329baeb3b5df8d23f::ToString,instance_ancestor,1
train,7b6ecb9ad4829e4e73600a3329baeb3b5df8d23f::instHModUInt16Nat,7b6ecb9ad4829e4e73600a3329baeb3b5df8d23f::HMod,instance_ancestor,1
train,7b6ecb9ad4829e4e73600a3329baeb3b5df8d23f::Monad,7b6ecb9ad4829e4e73600a3329baeb3b5df8d23f::Pure,extends_ancestor,1
train,7b6ecb9ad4829e4e73600a3329baeb3b5df8d23f::ReaderT.instAlternativeOfMonad,7b6ecb9ad4829e4e73600a3329baeb3b5df8d23f::Alternative,instance_ancestor,1
train,7b6ecb9ad4829e4e73600a3329baeb3b5df8d23f::Subarray.instLawfulGetElemNatLtSize,7b6ecb9ad4829e4e73600a3329baeb3b5df8d23f::LawfulGetElem,instance_ancestor,1
train,7b6ecb9ad4829e4e73600a3329baeb3b5df8d23f::instToStringFloat,7b6ecb9ad4829e4e73600a3329baeb3b5df8d23f::ToString,instance_ancestor,1
train,7b6ecb9ad4829e4e73600a3329baeb3b5df8d23f::instToBoolOption,7b6ecb9ad4829e4e73600a3329baeb3b5df8d23f::ToBool,instance_ancestor,1
train,7b6ecb9ad4829e4e73600a3329baeb3b5df8d23f::instOrOpUInt64,7b6ecb9ad4829e4e73600a3329baeb3b5df8d23f::OrOp,instance_ancestor,1
train,7b6ecb9ad4829e4e73600a3329baeb3b5df8d23f::instMinFloat,7b6ecb9ad4829e4e73600a3329baeb3b5df8d23f::Min,instance_ancestor,1
train,7b6ecb9ad4829e4e73600a3329baeb3b5df8d23f::instToStringIterator,7b6ecb9ad4829e4e73600a3329baeb3b5df8d23f::ToString,instance_ancestor,1
train,7b6ecb9ad4829e4e73600a3329baeb3b5df8d23f::Lean.instQuoteCharCharLitKind,7b6ecb9ad4829e4e73600a3329baeb3b5df8d23f::Lean.Quote,instance_ancestor,1
train,7b6ecb9ad4829e4e73600a3329baeb3b5df8d23f::instLTUSize,7b6ecb9ad4829e4e73600a3329baeb3b5df8d23f::LT,instance_ancestor,1
train,7b6ecb9ad4829e4e73600a3329baeb3b5df8d23f::instHashableSubtype,7b6ecb9ad4829e4e73600a3329baeb3b5df8d23f::Hashable,instance_ancestor,1
train,7b6ecb9ad4829e4e73600a3329baeb3b5df8d23f::Option.instDecidableMemOfDecidableEq,7b6ecb9ad4829e4e73600a3329baeb3b5df8d23f::Decidable,instance_ancestor,1
train,7b6ecb9ad4829e4e73600a3329baeb3b5df8d23f::List.instLawfulIdentityHAppendNil,7b6ecb9ad4829e4e73600a3329baeb3b5df8d23f::Std.LawfulIdentity,instance_ancestor,1
train,7b6ecb9ad4829e4e73600a3329baeb3b5df8d23f::instHOrElseOfOrElse,7b6ecb9ad4829e4e73600a3329baeb3b5df8d23f::HOrElse,instance_ancestor,1
train,7b6ecb9ad4829e4e73600a3329baeb3b5df8d23f::System.instCoeStringFilePath,7b6ecb9ad4829e4e73600a3329baeb3b5df8d23f::Coe,instance_ancestor,1
train,7b6ecb9ad4829e4e73600a3329baeb3b5df8d23f::StateCpsT.instMonad,7b6ecb9ad4829e4e73600a3329baeb3b5df8d23f::Applicative,instance_ancestor,1
train,7b6ecb9ad4829e4e73600a3329baeb3b5df8d23f::Nat.instLawfulIdentityGcdOfNat,7b6ecb9ad4829e4e73600a3329baeb3b5df8d23f::Std.LeftIdentity,instance_ancestor,1
train,7b6ecb9ad4829e4e73600a3329baeb3b5df8d23f::Nat.instLawfulIdentityMaxOfNat,7b6ecb9ad4829e4e73600a3329baeb3b5df8d23f::Std.RightIdentity,instance_ancestor,1
train,7b6ecb9ad4829e4e73600a3329baeb3b5df8d23f::instMonadWithReaderOfOfMonadFunctor,7b6ecb9ad4829e4e73600a3329baeb3b5df8d23f::MonadWithReaderOf,instance_ancestor,1
train,7b6ecb9ad4829e4e73600a3329baeb3b5df8d23f::Monad,7b6ecb9ad4829e4e73600a3329baeb3b5df8d23f::Functor,extends_ancestor,1
train,7b6ecb9ad4829e4e73600a3329baeb3b5df8d23f::instReprAtomNat,7b6ecb9ad4829e4e73600a3329baeb3b5df8d23f::ReprAtom,instance_ancestor,1
train,7b6ecb9ad4829e4e73600a3329baeb3b5df8d23f::EStateM.instReprResult,7b6ecb9ad4829e4e73600a3329baeb3b5df8d23f::Repr,instance_ancestor,1
train,7b6ecb9ad4829e4e73600a3329baeb3b5df8d23f::Nat.instTransLt,7b6ecb9ad4829e4e73600a3329baeb3b5df8d23f::Trans,instance_ancestor,1
train,7b6ecb9ad4829e4e73600a3329baeb3b5df8d23f::instMonadExceptOfExcept,7b6ecb9ad4829e4e73600a3329baeb3b5df8d23f::MonadExceptOf,instance_ancestor,1
train,7b6ecb9ad4829e4e73600a3329baeb3b5df8d23f::Fin.instXor,7b6ecb9ad4829e4e73600a3329baeb3b5df8d23f::Xor,instance_ancestor,1
train,7b6ecb9ad4829e4e73600a3329baeb3b5df8d23f::EStateM.instToStringResult,7b6ecb9ad4829e4e73600a3329baeb3b5df8d23f::ToString,instance_ancestor,1
train,7b6ecb9ad4829e4e73600a3329baeb3b5df8d23f::Option.instDecidableExistsAndMemOfDecidablePred,7b6ecb9ad4829e4e73600a3329baeb3b5df8d23f::Decidable,instance_ancestor,1
train,7b6ecb9ad4829e4e73600a3329baeb3b5df8d23f::instLTUInt16,7b6ecb9ad4829e4e73600a3329baeb3b5df8d23f::LT,instance_ancestor,1
train,7b6ecb9ad4829e4e73600a3329baeb3b5df8d23f::Nat.instIdempotentOpMax,7b6ecb9ad4829e4e73600a3329baeb3b5df8d23f::Std.IdempotentOp,instance_ancestor,1
train,7b6ecb9ad4829e4e73600a3329baeb3b5df8d23f::instDecidableEqList,7b6ecb9ad4829e4e73600a3329baeb3b5df8d23f::Decidable,instance_ancestor,1
train,7b6ecb9ad4829e4e73600a3329baeb3b5df8d23f::StateCpsT.instMonad,7b6ecb9ad4829e4e73600a3329baeb3b5df8d23f::SeqRight,instance_ancestor,1
train,7b6ecb9ad4829e4e73600a3329baeb3b5df8d23f::instDecidableLtUInt16,7b6ecb9ad4829e4e73600a3329baeb3b5df8d23f::Decidable,instance_ancestor,1
train,7b6ecb9ad4829e4e73600a3329baeb3b5df8d23f::instDecidableLeUSize,7b6ecb9ad4829e4e73600a3329baeb3b5df8d23f::Decidable,instance_ancestor,1
train,7b6ecb9ad4829e4e73600a3329baeb3b5df8d23f::StateT.instAlternative,7b6ecb9ad4829e4e73600a3329baeb3b5df8d23f::Functor,instance_ancestor,1
train,7b6ecb9ad4829e4e73600a3329baeb3b5df8d23f::IO.Process.SpawnArgs,7b6ecb9ad4829e4e73600a3329baeb3b5df8d23f::IO.Process.StdioConfig,extends_ancestor,1
train,7b6ecb9ad4829e4e73600a3329baeb3b5df8d23f::instCoeHTCTOfCoeTailOfCoeHTC,7b6ecb9ad4829e4e73600a3329baeb3b5df8d23f::CoeHTCT,instance_ancestor,1
train,7b6ecb9ad4829e4e73600a3329baeb3b5df8d23f::Lean.PrettyPrinter.instMonadQuotationUnexpandM,7b6ecb9ad4829e4e73600a3329baeb3b5df8d23f::Lean.MonadRef,instance_ancestor,1
train,7b6ecb9ad4829e4e73600a3329baeb3b5df8d23f::Lean.TSyntax.instCoeCharLitTerm,7b6ecb9ad4829e4e73600a3329baeb3b5df8d23f::Coe,instance_ancestor,1
train,7b6ecb9ad4829e4e73600a3329baeb3b5df8d23f::instToFormatOption,7b6ecb9ad4829e4e73600a3329baeb3b5df8d23f::Std.ToFormat,instance_ancestor,1
train,7b6ecb9ad4829e4e73600a3329baeb3b5df8d23f::UInt64.instInhabited,7b6ecb9ad4829e4e73600a3329baeb3b5df8d23f::Inhabited,instance_ancestor,1
train,7b6ecb9ad4829e4e73600a3329baeb3b5df8d23f::instOfScientificFloat,7b6ecb9ad4829e4e73600a3329baeb3b5df8d23f::OfScientific,instance_ancestor,1
train,7b6ecb9ad4829e4e73600a3329baeb3b5df8d23f::BitVec.instLE,7b6ecb9ad4829e4e73600a3329baeb3b5df8d23f::LE,instance_ancestor,1
train,7b6ecb9ad4829e4e73600a3329baeb3b5df8d23f::instCoeHTCOfCoeOTC,7b6ecb9ad4829e4e73600a3329baeb3b5df8d23f::CoeHTC,instance_ancestor,1
train,7b6ecb9ad4829e4e73600a3329baeb3b5df8d23f::Id.instMonad,7b6ecb9ad4829e4e73600a3329baeb3b5df8d23f::Bind,instance_ancestor,1
train,7b6ecb9ad4829e4e73600a3329baeb3b5df8d23f::instLTUInt32,7b6ecb9ad4829e4e73600a3329baeb3b5df8d23f::LT,instance_ancestor,1
train,7b6ecb9ad4829e4e73600a3329baeb3b5df8d23f::Int.instLawfulIdentityHMulOfNat,7b6ecb9ad4829e4e73600a3329baeb3b5df8d23f::Std.RightIdentity,instance_ancestor,1
train,7b6ecb9ad4829e4e73600a3329baeb3b5df8d23f::instOrdNat,7b6ecb9ad4829e4e73600a3329baeb3b5df8d23f::Ord,instance_ancestor,1
train,7b6ecb9ad4829e4e73600a3329baeb3b5df8d23f::Lean.Omega.LinearCombo.instSub,7b6ecb9ad4829e4e73600a3329baeb3b5df8d23f::Sub,instance_ancestor,1
train,7b6ecb9ad4829e4e73600a3329baeb3b5df8d23f::instToStringInt,7b6ecb9ad4829e4e73600a3329baeb3b5df8d23f::ToString,instance_ancestor,1
train,7b6ecb9ad4829e4e73600a3329baeb3b5df8d23f::instDecidableEqFin,7b6ecb9ad4829e4e73600a3329baeb3b5df8d23f::Decidable,instance_ancestor,1
train,7b6ecb9ad4829e4e73600a3329baeb3b5df8d23f::Nat.instLawfulIdentityMaxOfNat,7b6ecb9ad4829e4e73600a3329baeb3b5df8d23f::Std.LeftIdentity,instance_ancestor,1
train,7b6ecb9ad4829e4e73600a3329baeb3b5df8d23f::BitVec.instRepr,7b6ecb9ad4829e4e73600a3329baeb3b5df8d23f::Repr,instance_ancestor,1
train,7b6ecb9ad4829e4e73600a3329baeb3b5df8d23f::Lean.instQuoteArrayMkStr1,7b6ecb9ad4829e4e73600a3329baeb3b5df8d23f::Lean.Quote,instance_ancestor,1
train,7b6ecb9ad4829e4e73600a3329baeb3b5df8d23f::instMonadControlStateRefT',7b6ecb9ad4829e4e73600a3329baeb3b5df8d23f::MonadControl,instance_ancestor,1
train,7b6ecb9ad4829e4e73600a3329baeb3b5df8d23f::instModUInt32,7b6ecb9ad4829e4e73600a3329baeb3b5df8d23f::Mod,instance_ancestor,1
train,7b6ecb9ad4829e4e73600a3329baeb3b5df8d23f::instDecidableLeUInt32,7b6ecb9ad4829e4e73600a3329baeb3b5df8d23f::Decidable,instance_ancestor,1
train,7b6ecb9ad4829e4e73600a3329baeb3b5df8d23f::instOrdUInt8,7b6ecb9ad4829e4e73600a3329baeb3b5df8d23f::Ord,instance_ancestor,1
train,7b6ecb9ad4829e4e73600a3329baeb3b5df8d23f::UInt8.instInhabited,7b6ecb9ad4829e4e73600a3329baeb3b5df8d23f::Inhabited,instance_ancestor,1
train,7b6ecb9ad4829e4e73600a3329baeb3b5df8d23f::Bool.instLT,7b6ecb9ad4829e4e73600a3329baeb3b5df8d23f::LT,instance_ancestor,1
train,7b6ecb9ad4829e4e73600a3329baeb3b5df8d23f::BitVec.instCommutativeHMul,7b6ecb9ad4829e4e73600a3329baeb3b5df8d23f::Std.Commutative,instance_ancestor,1
train,7b6ecb9ad4829e4e73600a3329baeb3b5df8d23f::instMonadST,7b6ecb9ad4829e4e73600a3329baeb3b5df8d23f::SeqLeft,instance_ancestor,1
train,7b6ecb9ad4829e4e73600a3329baeb3b5df8d23f::instHSubPos,7b6ecb9ad4829e4e73600a3329baeb3b5df8d23f::HSub,instance_ancestor,1
train,7b6ecb9ad4829e4e73600a3329baeb3b5df8d23f::instMonadBaseIO,7b6ecb9ad4829e4e73600a3329baeb3b5df8d23f::Monad,instance_ancestor,1
train,7b6ecb9ad4829e4e73600a3329baeb3b5df8d23f::boolToSort,7b6ecb9ad4829e4e73600a3329baeb3b5df8d23f::CoeSort,instance_ancestor,1
train,7b6ecb9ad4829e4e73600a3329baeb3b5df8d23f::Nat.instCommutativeGcd,7b6ecb9ad4829e4e73600a3329baeb3b5df8d23f::Std.Commutative,instance_ancestor,1
train,7b6ecb9ad4829e4e73600a3329baeb3b5df8d23f::Array.instAppend,7b6ecb9ad4829e4e73600a3329baeb3b5df8d23f::Append,instance_ancestor,1
train,7b6ecb9ad4829e4e73600a3329baeb3b5df8d23f::ShareCommon.instInhabitedState,7b6ecb9ad4829e4e73600a3329baeb3b5df8d23f::Inhabited,instance_ancestor,1
train,7b6ecb9ad4829e4e73600a3329baeb3b5df8d23f::Option.instMax,7b6ecb9ad4829e4e73600a3329baeb3b5df8d23f::Max,instance_ancestor,1
train,7b6ecb9ad4829e4e73600a3329baeb3b5df8d23f::ByteArray.instForInUInt8,7b6ecb9ad4829e4e73600a3329baeb3b5df8d23f::ForIn,instance_ancestor,1
train,7b6ecb9ad4829e4e73600a3329baeb3b5df8d23f::instInhabitedNat,7b6ecb9ad4829e4e73600a3329baeb3b5df8d23f::Inhabited,instance_ancestor,1
train,7b6ecb9ad4829e4e73600a3329baeb3b5df8d23f::Std.Range.instForIn'NatInferInstanceMembership,7b6ecb9ad4829e4e73600a3329baeb3b5df8d23f::ForIn',instance_ancestor,1
train,7b6ecb9ad4829e4e73600a3329baeb3b5df8d23f::instReprIterator,7b6ecb9ad4829e4e73600a3329baeb3b5df8d23f::Repr,instance_ancestor,1
train,7b6ecb9ad4829e4e73600a3329baeb3b5df8d23f::instAndOpUInt32,7b6ecb9ad4829e4e73600a3329baeb3b5df8d23f::AndOp,instance_ancestor,1
train,7b6ecb9ad4829e4e73600a3329baeb3b5df8d23f::instReprUInt32,7b6ecb9ad4829e4e73600a3329baeb3b5df8d23f::Repr,instance_ancestor,1
train,7b6ecb9ad4829e4e73600a3329baeb3b5df8d23f::Bool.instLawfulIdentityBneFalse,7b6ecb9ad4829e4e73600a3329baeb3b5df8d23f::Std.LeftIdentity,instance_ancestor,1
train,7b6ecb9ad4829e4e73600a3329baeb3b5df8d23f::instSubFloat,7b6ecb9ad4829e4e73600a3329baeb3b5df8d23f::Sub,instance_ancestor,1
train,7b6ecb9ad4829e4e73600a3329baeb3b5df8d23f::Int.instLTInt,7b6ecb9ad4829e4e73600a3329baeb3b5df8d23f::LT,instance_ancestor,1
train,7b6ecb9ad4829e4e73600a3329baeb3b5df8d23f::StateRefT'.instMonadStateOfOfMonadLiftTSTOfMonad,7b6ecb9ad4829e4e73600a3329baeb3b5df8d23f::MonadStateOf,instance_ancestor,1
train,7b6ecb9ad4829e4e73600a3329baeb3b5df8d23f::instMonadLiftTOfMonadLift,7b6ecb9ad4829e4e73600a3329baeb3b5df8d23f::MonadLiftT,instance_ancestor,1
train,7b6ecb9ad4829e4e73600a3329baeb3b5df8d23f::instSubUInt64,7b6ecb9ad4829e4e73600a3329baeb3b5df8d23f::Sub,instance_ancestor,1
train,7b6ecb9ad4829e4e73600a3329baeb3b5df8d23f::Nat.instCommutativeMin,7b6ecb9ad4829e4e73600a3329baeb3b5df8d23f::Std.Commutative,instance_ancestor,1
train,7b6ecb9ad4829e4e73600a3329baeb3b5df8d23f::IO.instNonemptyMutex,7b6ecb9ad4829e4e73600a3329baeb3b5df8d23f::Nonempty,instance_ancestor,1
train,7b6ecb9ad4829e4e73600a3329baeb3b5df8d23f::instShiftRightUInt8,7b6ecb9ad4829e4e73600a3329baeb3b5df8d23f::ShiftRight,instance_ancestor,1
train,7b6ecb9ad4829e4e73600a3329baeb3b5df8d23f::instToStringExcept,7b6ecb9ad4829e4e73600a3329baeb3b5df8d23f::ToString,instance_ancestor,1
train,7b6ecb9ad4829e4e73600a3329baeb3b5df8d23f::Int.instTransLeLt,7b6ecb9ad4829e4e73600a3329baeb3b5df8d23f::Trans,instance_ancestor,1
train,7b6ecb9ad4829e4e73600a3329baeb3b5df8d23f::EStateM.instOrElseOfBacktrackable,7b6ecb9ad4829e4e73600a3329baeb3b5df8d23f::OrElse,instance_ancestor,1
train,7b6ecb9ad4829e4e73600a3329baeb3b5df8d23f::instMonadLiftSTEST,7b6ecb9ad4829e4e73600a3329baeb3b5df8d23f::MonadLift,instance_ancestor,1
train,7b6ecb9ad4829e4e73600a3329baeb3b5df8d23f::instDecidableEqNat,7b6ecb9ad4829e4e73600a3329baeb3b5df8d23f::Decidable,instance_ancestor,1
train,7b6ecb9ad4829e4e73600a3329baeb3b5df8d23f::Applicative,7b6ecb9ad4829e4e73600a3329baeb3b5df8d23f::Pure,extends_ancestor,1
train,7b6ecb9ad4829e4e73600a3329baeb3b5df8d23f::instLEFloat,7b6ecb9ad4829e4e73600a3329baeb3b5df8d23f::LE,instance_ancestor,1
train,7b6ecb9ad4829e4e73600a3329baeb3b5df8d23f::StateT.instMonad,7b6ecb9ad4829e4e73600a3329baeb3b5df8d23f::Pure,instance_ancestor,1
train,7b6ecb9ad4829e4e73600a3329baeb3b5df8d23f::instMonadFinallyBaseIO,7b6ecb9ad4829e4e73600a3329baeb3b5df8d23f::MonadFinally,instance_ancestor,1
train,7b6ecb9ad4829e4e73600a3329baeb3b5df8d23f::instOrdUSize,7b6ecb9ad4829e4e73600a3329baeb3b5df8d23f::Ord,instance_ancestor,1
train,7b6ecb9ad4829e4e73600a3329baeb3b5df8d23f::Sum.inhabitedLeft,7b6ecb9ad4829e4e73600a3329baeb3b5df8d23f::Inhabited,instance_ancestor,1
train,7b6ecb9ad4829e4e73600a3329baeb3b5df8d23f::Nat.instLawfulIdentityGcdOfNat,7b6ecb9ad4829e4e73600a3329baeb3b5df8d23f::Std.RightIdentity,instance_ancestor,1
train,7b6ecb9ad4829e4e73600a3329baeb3b5df8d23f::ExceptCpsT.instMonadLiftOfMonad,7b6ecb9ad4829e4e73600a3329baeb3b5df8d23f::MonadLift,instance_ancestor,1
train,7b6ecb9ad4829e4e73600a3329baeb3b5df8d23f::BitVec.instAndOp,7b6ecb9ad4829e4e73600a3329baeb3b5df8d23f::AndOp,instance_ancestor,1
train,7b6ecb9ad4829e4e73600a3329baeb3b5df8d23f::ExceptCpsT.instLawfulMonad,7b6ecb9ad4829e4e73600a3329baeb3b5df8d23f::LawfulMonad,instance_ancestor,1
train,7b6ecb9ad4829e4e73600a3329baeb3b5df8d23f::Fin.instLawfulIdentityHAddNatOfNatHMul,7b6ecb9ad4829e4e73600a3329baeb3b5df8d23f::Std.LawfulIdentity,instance_ancestor,1
train,7b6ecb9ad4829e4e73600a3329baeb3b5df8d23f::instLawfulIdentityAndTrue,7b6ecb9ad4829e4e73600a3329baeb3b5df8d23f::Std.RightIdentity,instance_ancestor,1
train,7b6ecb9ad4829e4e73600a3329baeb3b5df8d23f::IO.instToStringTaskState,7b6ecb9ad4829e4e73600a3329baeb3b5df8d23f::ToString,instance_ancestor,1
train,7b6ecb9ad4829e4e73600a3329baeb3b5df8d23f::Lean.Syntax.instCoeIdentTSyntaxConsSyntaxNodeKindMkStr4Nil,7b6ecb9ad4829e4e73600a3329baeb3b5df8d23f::Coe,instance_ancestor,1
train,7b6ecb9ad4829e4e73600a3329baeb3b5df8d23f::Id.instMonad,7b6ecb9ad4829e4e73600a3329baeb3b5df8d23f::Monad,instance_ancestor,1
train,7b6ecb9ad4829e4e73600a3329baeb3b5df8d23f::Nat.instShiftRight,7b6ecb9ad4829e4e73600a3329baeb3b5df8d23f::ShiftRight,instance_ancestor,1
train,7b6ecb9ad4829e4e73600a3329baeb3b5df8d23f::instHashableString,7b6ecb9ad4829e4e73600a3329baeb3b5df8d23f::Hashable,instance_ancestor,1
train,7b6ecb9ad4829e4e73600a3329baeb3b5df8d23f::Nat.instIdempotentOpGcd,7b6ecb9ad4829e4e73600a3329baeb3b5df8d23f::Std.IdempotentOp,instance_ancestor,1
train,7b6ecb9ad4829e4e73600a3329baeb3b5df8d23f::instMonadEST,7b6ecb9ad4829e4e73600a3329baeb3b5df8d23f::Applicative,instance_ancestor,1
train,7b6ecb9ad4829e4e73600a3329baeb3b5df8d23f::instHashableUInt64,7b6ecb9ad4829e4e73600a3329baeb3b5df8d23f::Hashable,instance_ancestor,1
train,7b6ecb9ad4829e4e73600a3329baeb3b5df8d23f::Lean.Omega.LinearCombo.instNeg,7b6ecb9ad4829e4e73600a3329baeb3b5df8d23f::Neg,instance_ancestor,1
train,7b6ecb9ad4829e4e73600a3329baeb3b5df8d23f::Fin.instAssociativeHMul,7b6ecb9ad4829e4e73600a3329baeb3b5df8d23f::Std.Associative,instance_ancestor,1
train,7b6ecb9ad4829e4e73600a3329baeb3b5df8d23f::String.instAppend,7b6ecb9ad4829e4e73600a3329baeb3b5df8d23f::Append,instance_ancestor,1
train,7b6ecb9ad4829e4e73600a3329baeb3b5df8d23f::Nat.decLe,7b6ecb9ad4829e4e73600a3329baeb3b5df8d23f::Decidable,instance_ancestor,1
train,7b6ecb9ad4829e4e73600a3329baeb3b5df8d23f::instHashableUInt32,7b6ecb9ad4829e4e73600a3329baeb3b5df8d23f::Hashable,instance_ancestor,1
train,7b6ecb9ad4829e4e73600a3329baeb3b5df8d23f::Lean.instQuoteStringStrLitKind,7b6ecb9ad4829e4e73600a3329baeb3b5df8d23f::Lean.Quote,instance_ancestor,1
train,7b6ecb9ad4829e4e73600a3329baeb3b5df8d23f::instInhabitedReaderT,7b6ecb9ad4829e4e73600a3329baeb3b5df8d23f::Inhabited,instance_ancestor,1
train,7b6ecb9ad4829e4e73600a3329baeb3b5df8d23f::instOrElseEIO,7b6ecb9ad4829e4e73600a3329baeb3b5df8d23f::OrElse,instance_ancestor,1
train,7b6ecb9ad4829e4e73600a3329baeb3b5df8d23f::instAppendSubarray,7b6ecb9ad4829e4e73600a3329baeb3b5df8d23f::Append,instance_ancestor,1
train,7b6ecb9ad4829e4e73600a3329baeb3b5df8d23f::instSubsingleton,7b6ecb9ad4829e4e73600a3329baeb3b5df8d23f::Subsingleton,instance_ancestor,1
train,7b6ecb9ad4829e4e73600a3329baeb3b5df8d23f::instMonadEST,7b6ecb9ad4829e4e73600a3329baeb3b5df8d23f::Functor,instance_ancestor,1
train,7b6ecb9ad4829e4e73600a3329baeb3b5df8d23f::instNonemptyTypeName,7b6ecb9ad4829e4e73600a3329baeb3b5df8d23f::Nonempty,instance_ancestor,1
train,7b6ecb9ad4829e4e73600a3329baeb3b5df8d23f::Array.instDecidableEq,7b6ecb9ad4829e4e73600a3329baeb3b5df8d23f::Decidable,instance_ancestor,1
train,7b6ecb9ad4829e4e73600a3329baeb3b5df8d23f::IO.FS.instReprSystemTime,7b6ecb9ad4829e4e73600a3329baeb3b5df8d23f::Repr,instance_ancestor,1
train,7b6ecb9ad4829e4e73600a3329baeb3b5df8d23f::Id.instMonad,7b6ecb9ad4829e4e73600a3329baeb3b5df8d23f::Applicative,instance_ancestor,1
train,7b6ecb9ad4829e4e73600a3329baeb3b5df8d23f::instHashablePos,7b6ecb9ad4829e4e73600a3329baeb3b5df8d23f::Hashable,instance_ancestor,1
train,7b6ecb9ad4829e4e73600a3329baeb3b5df8d23f::instDecidableEqPos,7b6ecb9ad4829e4e73600a3329baeb3b5df8d23f::Decidable,instance_ancestor,1
train,7b6ecb9ad4829e4e73600a3329baeb3b5df8d23f::instLTPos,7b6ecb9ad4829e4e73600a3329baeb3b5df8d23f::LT,instance_ancestor,1
train,7b6ecb9ad4829e4e73600a3329baeb3b5df8d23f::Lean.Syntax.instEmptyCollectionTSepArray,7b6ecb9ad4829e4e73600a3329baeb3b5df8d23f::EmptyCollection,instance_ancestor,1
train,7b6ecb9ad4829e4e73600a3329baeb3b5df8d23f::instInhabitedUSize,7b6ecb9ad4829e4e73600a3329baeb3b5df8d23f::Inhabited,instance_ancestor,1
train,7b6ecb9ad4829e4e73600a3329baeb3b5df8d23f::Lean.instQuoteNameMkStr1,7b6ecb9ad4829e4e73600a3329baeb3b5df8d23f::Lean.Quote,instance_ancestor,1
train,7b6ecb9ad4829e4e73600a3329baeb3b5df8d23f::Std.Format.instBEqFlattenBehavior,7b6ecb9ad4829e4e73600a3329baeb3b5df8d23f::BEq,instance_ancestor,1
train,7b6ecb9ad4829e4e73600a3329baeb3b5df8d23f::instToBoolBool,7b6ecb9ad4829e4e73600a3329baeb3b5df8d23f::ToBool,instance_ancestor,1
train,7b6ecb9ad4829e4e73600a3329baeb3b5df8d23f::instBEqOrdering,7b6ecb9ad4829e4e73600a3329baeb3b5df8d23f::BEq,instance_ancestor,1
train,7b6ecb9ad4829e4e73600a3329baeb3b5df8d23f::Option.instMembership,7b6ecb9ad4829e4e73600a3329baeb3b5df8d23f::Membership,instance_ancestor,1
train,7b6ecb9ad4829e4e73600a3329baeb3b5df8d23f::BitVec.instMul,7b6ecb9ad4829e4e73600a3329baeb3b5df8d23f::Mul,instance_ancestor,1
train,7b6ecb9ad4829e4e73600a3329baeb3b5df8d23f::Lean.TSyntax.instCoeIdentTerm,7b6ecb9ad4829e4e73600a3329baeb3b5df8d23f::Coe,instance_ancestor,1
train,7b6ecb9ad4829e4e73600a3329baeb3b5df8d23f::StateT.instAlternative,7b6ecb9ad4829e4e73600a3329baeb3b5df8d23f::SeqLeft,instance_ancestor,1
train,7b6ecb9ad4829e4e73600a3329baeb3b5df8d23f::instToStreamArraySubarray,7b6ecb9ad4829e4e73600a3329baeb3b5df8d23f::ToStream,instance_ancestor,1
train,7b6ecb9ad4829e4e73600a3329baeb3b5df8d23f::instToStringString,7b6ecb9ad4829e4e73600a3329baeb3b5df8d23f::ToString,instance_ancestor,1
train,7b6ecb9ad4829e4e73600a3329baeb3b5df8d23f::instDivUInt8,7b6ecb9ad4829e4e73600a3329baeb3b5df8d23f::Div,instance_ancestor,1
train,7b6ecb9ad4829e4e73600a3329baeb3b5df8d23f::Lean.instEvalBaseIO,7b6ecb9ad4829e4e73600a3329baeb3b5df8d23f::Lean.Eval,instance_ancestor,1
train,7b6ecb9ad4829e4e73600a3329baeb3b5df8d23f::Lean.TSyntax.instCoeNameLitTerm,7b6ecb9ad4829e4e73600a3329baeb3b5df8d23f::Coe,instance_ancestor,1
train,7b6ecb9ad4829e4e73600a3329baeb3b5df8d23f::StateT.instAlternative,7b6ecb9ad4829e4e73600a3329baeb3b5df8d23f::Alternative,instance_ancestor,1
train,7b6ecb9ad4829e4e73600a3329baeb3b5df8d23f::Lean.Syntax.instCoeOutTSyntaxArrayArray,7b6ecb9ad4829e4e73600a3329baeb3b5df8d23f::CoeOut,instance_ancestor,1
train,7b6ecb9ad4829e4e73600a3329baeb3b5df8d23f::Lean.instInhabitedNameGenerator,7b6ecb9ad4829e4e73600a3329baeb3b5df8d23f::Inhabited,instance_ancestor,1
train,7b6ecb9ad4829e4e73600a3329baeb3b5df8d23f::instTransEq_1,7b6ecb9ad4829e4e73600a3329baeb3b5df8d23f::Trans,instance_ancestor,1
train,7b6ecb9ad4829e4e73600a3329baeb3b5df8d23f::instCoeTCOfCoe,7b6ecb9ad4829e4e73600a3329baeb3b5df8d23f::CoeTC,instance_ancestor,1
train,7b6ecb9ad4829e4e73600a3329baeb3b5df8d23f::ExceptCpsT.instMonad,7b6ecb9ad4829e4e73600a3329baeb3b5df8d23f::Pure,instance_ancestor,1
train,7b6ecb9ad4829e4e73600a3329baeb3b5df8d23f::UInt32.instOfNat,7b6ecb9ad4829e4e73600a3329baeb3b5df8d23f::OfNat,instance_ancestor,1
train,7b6ecb9ad4829e4e73600a3329baeb3b5df8d23f::instOrOpUSize,7b6ecb9ad4829e4e73600a3329baeb3b5df8d23f::OrOp,instance_ancestor,1
train,7b6ecb9ad4829e4e73600a3329baeb3b5df8d23f::instInhabitedOrdering,7b6ecb9ad4829e4e73600a3329baeb3b5df8d23f::Inhabited,instance_ancestor,1
train,7b6ecb9ad4829e4e73600a3329baeb3b5df8d23f::instTransIff,7b6ecb9ad4829e4e73600a3329baeb3b5df8d23f::Trans,instance_ancestor,1
train,7b6ecb9ad4829e4e73600a3329baeb3b5df8d23f::Nat.decidableBallLE,7b6ecb9ad4829e4e73600a3329baeb3b5df8d23f::Decidable,instance_ancestor,1
train,7b6ecb9ad4829e4e73600a3329baeb3b5df8d23f::UInt16.instInhabited,7b6ecb9ad4829e4e73600a3329baeb3b5df8d23f::Inhabited,instance_ancestor,1
train,7b6ecb9ad4829e4e73600a3329baeb3b5df8d23f::IO.FS.instInhabitedStream,7b6ecb9ad4829e4e73600a3329baeb3b5df8d23f::Inhabited,instance_ancestor,1
train,7b6ecb9ad4829e4e73600a3329baeb3b5df8d23f::instNonemptyOfInhabited,7b6ecb9ad4829e4e73600a3329baeb3b5df8d23f::Nonempty,instance_ancestor,1
train,7b6ecb9ad4829e4e73600a3329baeb3b5df8d23f::List.instForIn'InferInstanceMembership,7b6ecb9ad4829e4e73600a3329baeb3b5df8d23f::ForIn',instance_ancestor,1
train,7b6ecb9ad4829e4e73600a3329baeb3b5df8d23f::instMonadExceptOfEIO,7b6ecb9ad4829e4e73600a3329baeb3b5df8d23f::MonadExceptOf,instance_ancestor,1
train,7b6ecb9ad4829e4e73600a3329baeb3b5df8d23f::Alternative,7b6ecb9ad4829e4e73600a3329baeb3b5df8d23f::Functor,extends_ancestor,1
train,7b6ecb9ad4829e4e73600a3329baeb3b5df8d23f::Char.instInhabited,7b6ecb9ad4829e4e73600a3329baeb3b5df8d23f::Inhabited,instance_ancestor,1
train,7b6ecb9ad4829e4e73600a3329baeb3b5df8d23f::Lean.instEvalUnit,7b6ecb9ad4829e4e73600a3329baeb3b5df8d23f::Lean.Eval,instance_ancestor,1
train,7b6ecb9ad4829e4e73600a3329baeb3b5df8d23f::instMinUInt32,7b6ecb9ad4829e4e73600a3329baeb3b5df8d23f::Min,instance_ancestor,1
train,7b6ecb9ad4829e4e73600a3329baeb3b5df8d23f::instDecidableLeUInt16,7b6ecb9ad4829e4e73600a3329baeb3b5df8d23f::Decidable,instance_ancestor,1
train,7b6ecb9ad4829e4e73600a3329baeb3b5df8d23f::Lean.Meta.instBEqEtaStructMode,7b6ecb9ad4829e4e73600a3329baeb3b5df8d23f::BEq,instance_ancestor,1
train,7b6ecb9ad4829e4e73600a3329baeb3b5df8d23f::instXorUInt64,7b6ecb9ad4829e4e73600a3329baeb3b5df8d23f::Xor,instance_ancestor,1
train,7b6ecb9ad4829e4e73600a3329baeb3b5df8d23f::Std.Format.instInhabitedSpaceResult,7b6ecb9ad4829e4e73600a3329baeb3b5df8d23f::Inhabited,instance_ancestor,1
train,7b6ecb9ad4829e4e73600a3329baeb3b5df8d23f::StateRefT'.instAlternativeOfMonad,7b6ecb9ad4829e4e73600a3329baeb3b5df8d23f::SeqRight,instance_ancestor,1
train,7b6ecb9ad4829e4e73600a3329baeb3b5df8d23f::instToStringOption,7b6ecb9ad4829e4e73600a3329baeb3b5df8d23f::ToString,instance_ancestor,1
train,7b6ecb9ad4829e4e73600a3329baeb3b5df8d23f::instDecidableLeUInt8,7b6ecb9ad4829e4e73600a3329baeb3b5df8d23f::Decidable,instance_ancestor,1
train,7b6ecb9ad4829e4e73600a3329baeb3b5df8d23f::StateT.instMonad,7b6ecb9ad4829e4e73600a3329baeb3b5df8d23f::SeqRight,instance_ancestor,1
train,7b6ecb9ad4829e4e73600a3329baeb3b5df8d23f::Lean.Meta.instReprConfig,7b6ecb9ad4829e4e73600a3329baeb3b5df8d23f::Repr,instance_ancestor,1
train,7b6ecb9ad4829e4e73600a3329baeb3b5df8d23f::instToStringUInt16,7b6ecb9ad4829e4e73600a3329baeb3b5df8d23f::ToString,instance_ancestor,1
train,7b6ecb9ad4829e4e73600a3329baeb3b5df8d23f::FloatArray.instForInFloat,7b6ecb9ad4829e4e73600a3329baeb3b5df8d23f::ForIn,instance_ancestor,1
train,7b6ecb9ad4829e4e73600a3329baeb3b5df8d23f::instDecidableLtPos,7b6ecb9ad4829e4e73600a3329baeb3b5df8d23f::Decidable,instance_ancestor,1
train,7b6ecb9ad4829e4e73600a3329baeb3b5df8d23f::instMonadReaderOfReaderTOfMonad,7b6ecb9ad4829e4e73600a3329baeb3b5df8d23f::MonadReaderOf,instance_ancestor,1
train,7b6ecb9ad4829e4e73600a3329baeb3b5df8d23f::Bool.instLawfulIdentityBneFalse,7b6ecb9ad4829e4e73600a3329baeb3b5df8d23f::Std.LawfulIdentity,instance_ancestor,1
train,7b6ecb9ad4829e4e73600a3329baeb3b5df8d23f::instDecidableOr,7b6ecb9ad4829e4e73600a3329baeb3b5df8d23f::Decidable,instance_ancestor,1
train,7b6ecb9ad4829e4e73600a3329baeb3b5df8d23f::instOfNatFloat,7b6ecb9ad4829e4e73600a3329baeb3b5df8d23f::OfNat,instance_ancestor,1
train,7b6ecb9ad4829e4e73600a3329baeb3b5df8d23f::instSubsingletonStateM,7b6ecb9ad4829e4e73600a3329baeb3b5df8d23f::Subsingleton,instance_ancestor,1
train,7b6ecb9ad4829e4e73600a3329baeb3b5df8d23f::String.instOfNatPos,7b6ecb9ad4829e4e73600a3329baeb3b5df8d23f::OfNat,instance_ancestor,1
train,7b6ecb9ad4829e4e73600a3329baeb3b5df8d23f::ReaderT.tryFinally,7b6ecb9ad4829e4e73600a3329baeb3b5df8d23f::MonadFinally,instance_ancestor,1
train,7b6ecb9ad4829e4e73600a3329baeb3b5df8d23f::instDecidableEqOfIff,7b6ecb9ad4829e4e73600a3329baeb3b5df8d23f::Decidable,instance_ancestor,1
train,7b6ecb9ad4829e4e73600a3329baeb3b5df8d23f::StateT.instAlternative,7b6ecb9ad4829e4e73600a3329baeb3b5df8d23f::SeqRight,instance_ancestor,1
train,7b6ecb9ad4829e4e73600a3329baeb3b5df8d23f::ByteArray.instLawfulGetElemUSizeUInt8LtNatValValSize,7b6ecb9ad4829e4e73600a3329baeb3b5df8d23f::LawfulGetElem,instance_ancestor,1
train,7b6ecb9ad4829e4e73600a3329baeb3b5df8d23f::Fin.instLawfulIdentityHAddNatOfNatHMul,7b6ecb9ad4829e4e73600a3329baeb3b5df8d23f::Std.LeftIdentity,instance_ancestor,1
train,7b6ecb9ad4829e4e73600a3329baeb3b5df8d23f::instReprSubstring,7b6ecb9ad4829e4e73600a3329baeb3b5df8d23f::Repr,instance_ancestor,1
train,7b6ecb9ad4829e4e73600a3329baeb3b5df8d23f::ByteArray.instEmptyCollection,7b6ecb9ad4829e4e73600a3329baeb3b5df8d23f::EmptyCollection,instance_ancestor,1
train,7b6ecb9ad4829e4e73600a3329baeb3b5df8d23f::Nat.instLawfulIdentityHMulOfNat,7b6ecb9ad4829e4e73600a3329baeb3b5df8d23f::Std.LawfulIdentity,instance_ancestor,1
train,7b6ecb9ad4829e4e73600a3329baeb3b5df8d23f::subtypeCoe,7b6ecb9ad4829e4e73600a3329baeb3b5df8d23f::CoeOut,instance_ancestor,1
train,7b6ecb9ad4829e4e73600a3329baeb3b5df8d23f::ByteArray.instLawfulGetElemNatUInt8LtSize,7b6ecb9ad4829e4e73600a3329baeb3b5df8d23f::LawfulGetElem,instance_ancestor,1
train,7b6ecb9ad4829e4e73600a3329baeb3b5df8d23f::instReprAtomInt,7b6ecb9ad4829e4e73600a3329baeb3b5df8d23f::ReprAtom,instance_ancestor,1
train,7b6ecb9ad4829e4e73600a3329baeb3b5df8d23f::instDivUSize,7b6ecb9ad4829e4e73600a3329baeb3b5df8d23f::Div,instance_ancestor,1
train,7b6ecb9ad4829e4e73600a3329baeb3b5df8d23f::Fin.instOrOp,7b6ecb9ad4829e4e73600a3329baeb3b5df8d23f::OrOp,instance_ancestor,1
train,7b6ecb9ad4829e4e73600a3329baeb3b5df8d23f::floatDecLe,7b6ecb9ad4829e4e73600a3329baeb3b5df8d23f::Decidable,instance_ancestor,1
train,7b6ecb9ad4829e4e73600a3329baeb3b5df8d23f::instMonadStateOfMonadStateOf,7b6ecb9ad4829e4e73600a3329baeb3b5df8d23f::MonadState,instance_ancestor,1
train,7b6ecb9ad4829e4e73600a3329baeb3b5df8d23f::instLawfulMonadStateRefT',7b6ecb9ad4829e4e73600a3329baeb3b5df8d23f::LawfulMonad,instance_ancestor,1
train,7b6ecb9ad4829e4e73600a3329baeb3b5df8d23f::Id.instMonad,7b6ecb9ad4829e4e73600a3329baeb3b5df8d23f::Functor,instance_ancestor,1
train,7b6ecb9ad4829e4e73600a3329baeb3b5df8d23f::Bool.instLawfulIdentityBeqTrue,7b6ecb9ad4829e4e73600a3329baeb3b5df8d23f::Std.Identity,instance_ancestor,1
train,7b6ecb9ad4829e4e73600a3329baeb3b5df8d23f::Id.instMonad,7b6ecb9ad4829e4e73600a3329baeb3b5df8d23f::SeqLeft,instance_ancestor,1
train,7b6ecb9ad4829e4e73600a3329baeb3b5df8d23f::Array.instGetElemNatLtSize,7b6ecb9ad4829e4e73600a3329baeb3b5df8d23f::GetElem,instance_ancestor,1
train,7b6ecb9ad4829e4e73600a3329baeb3b5df8d23f::Fin.instShiftLeft,7b6ecb9ad4829e4e73600a3329baeb3b5df8d23f::ShiftLeft,instance_ancestor,1
train,7b6ecb9ad4829e4e73600a3329baeb3b5df8d23f::Except.instMonad,7b6ecb9ad4829e4e73600a3329baeb3b5df8d23f::Monad,instance_ancestor,1
train,7b6ecb9ad4829e4e73600a3329baeb3b5df8d23f::instMonadST,7b6ecb9ad4829e4e73600a3329baeb3b5df8d23f::Applicative,instance_ancestor,1
train,7b6ecb9ad4829e4e73600a3329baeb3b5df8d23f::Int.instTransLtLe,7b6ecb9ad4829e4e73600a3329baeb3b5df8d23f::Trans,instance_ancestor,1
train,7b6ecb9ad4829e4e73600a3329baeb3b5df8d23f::EStateM.instMonadStateOf,7b6ecb9ad4829e4e73600a3329baeb3b5df8d23f::MonadStateOf,instance_ancestor,1
train,7b6ecb9ad4829e4e73600a3329baeb3b5df8d23f::Bool.instDecidableForallOfDecidablePred,7b6ecb9ad4829e4e73600a3329baeb3b5df8d23f::Decidable,instance_ancestor,1
train,7b6ecb9ad4829e4e73600a3329baeb3b5df8d23f::instCoeOTCOfCoeOut,7b6ecb9ad4829e4e73600a3329baeb3b5df8d23f::CoeOTC,instance_ancestor,1
train,7b6ecb9ad4829e4e73600a3329baeb3b5df8d23f::instReprAtomBool,7b6ecb9ad4829e4e73600a3329baeb3b5df8d23f::ReprAtom,instance_ancestor,1
train,7b6ecb9ad4829e4e73600a3329baeb3b5df8d23f::Lean.instMonadQuotationOfMonadFunctorOfMonadLift,7b6ecb9ad4829e4e73600a3329baeb3b5df8d23f::Lean.MonadQuotation,instance_ancestor,1
train,7b6ecb9ad4829e4e73600a3329baeb3b5df8d23f::instCoeTC,7b6ecb9ad4829e4e73600a3329baeb3b5df8d23f::CoeTC,instance_ancestor,1
train,7b6ecb9ad4829e4e73600a3329baeb3b5df8d23f::IO.FS.instReprFileType,7b6ecb9ad4829e4e73600a3329baeb3b5df8d23f::Repr,instance_ancestor,1
train,7b6ecb9ad4829e4e73600a3329baeb3b5df8d23f::Lean.instQuoteTermMkStr1,7b6ecb9ad4829e4e73600a3329baeb3b5df8d23f::Lean.Quote,instance_ancestor,1
train,7b6ecb9ad4829e4e73600a3329baeb3b5df8d23f::instHashableUInt8,7b6ecb9ad4829e4e73600a3329baeb3b5df8d23f::Hashable,instance_ancestor,1
train,7b6ecb9ad4829e4e73600a3329baeb3b5df8d23f::Id.instMonad,7b6ecb9ad4829e4e73600a3329baeb3b5df8d23f::Pure,instance_ancestor,1
train,7b6ecb9ad4829e4e73600a3329baeb3b5df8d23f::EStateM.instInhabited,7b6ecb9ad4829e4e73600a3329baeb3b5df8d23f::Inhabited,instance_ancestor,1
train,7b6ecb9ad4829e4e73600a3329baeb3b5df8d23f::instInhabitedProd,7b6ecb9ad4829e4e73600a3329baeb3b5df8d23f::Inhabited,instance_ancestor,1
train,7b6ecb9ad4829e4e73600a3329baeb3b5df8d23f::instIdempotentOpBoolOr,7b6ecb9ad4829e4e73600a3329baeb3b5df8d23f::Std.IdempotentOp,instance_ancestor,1
train,7b6ecb9ad4829e4e73600a3329baeb3b5df8d23f::Array.instInhabited,7b6ecb9ad4829e4e73600a3329baeb3b5df8d23f::Inhabited,instance_ancestor,1
train,7b6ecb9ad4829e4e73600a3329baeb3b5df8d23f::String.decLE,7b6ecb9ad4829e4e73600a3329baeb3b5df8d23f::Decidable,instance_ancestor,1
train,7b6ecb9ad4829e4e73600a3329baeb3b5df8d23f::Except.instMonad,7b6ecb9ad4829e4e73600a3329baeb3b5df8d23f::Pure,instance_ancestor,1
train,7b6ecb9ad4829e4e73600a3329baeb3b5df8d23f::Bool.instCommutativeOr,7b6ecb9ad4829e4e73600a3329baeb3b5df8d23f::Std.Commutative,instance_ancestor,1
train,7b6ecb9ad4829e4e73600a3329baeb3b5df8d23f::LawfulMonad,7b6ecb9ad4829e4e73600a3329baeb3b5df8d23f::LawfulFunctor,extends_ancestor,1
train,7b6ecb9ad4829e4e73600a3329baeb3b5df8d23f::ReaderT.instLawfulApplicative,7b6ecb9ad4829e4e73600a3329baeb3b5df8d23f::LawfulApplicative,instance_ancestor,1
train,7b6ecb9ad4829e4e73600a3329baeb3b5df8d23f::Lean.Data.AC.instEvalInformationContext,7b6ecb9ad4829e4e73600a3329baeb3b5df8d23f::Lean.Data.AC.EvalInformation,instance_ancestor,1
train,7b6ecb9ad4829e4e73600a3329baeb3b5df8d23f::instLawfulBEqString,7b6ecb9ad4829e4e73600a3329baeb3b5df8d23f::LawfulBEq,instance_ancestor,1
train,7b6ecb9ad4829e4e73600a3329baeb3b5df8d23f::instInhabitedOfMonad,7b6ecb9ad4829e4e73600a3329baeb3b5df8d23f::Inhabited,instance_ancestor,1
train,7b6ecb9ad4829e4e73600a3329baeb3b5df8d23f::instSubsingletonForall,7b6ecb9ad4829e4e73600a3329baeb3b5df8d23f::Subsingleton,instance_ancestor,1
train,7b6ecb9ad4829e4e73600a3329baeb3b5df8d23f::instPowNat,7b6ecb9ad4829e4e73600a3329baeb3b5df8d23f::Pow,instance_ancestor,1
train,7b6ecb9ad4829e4e73600a3329baeb3b5df8d23f::Lean.instEval,7b6ecb9ad4829e4e73600a3329baeb3b5df8d23f::Lean.Eval,instance_ancestor,1
train,7b6ecb9ad4829e4e73600a3329baeb3b5df8d23f::PSigma.instWellFoundedRelation,7b6ecb9ad4829e4e73600a3329baeb3b5df8d23f::WellFoundedRelation,instance_ancestor,1
train,7b6ecb9ad4829e4e73600a3329baeb3b5df8d23f::ExceptCpsT.instMonadExceptOf,7b6ecb9ad4829e4e73600a3329baeb3b5df8d23f::MonadExceptOf,instance_ancestor,1
train,7b6ecb9ad4829e4e73600a3329baeb3b5df8d23f::instDecidableEqUSize,7b6ecb9ad4829e4e73600a3329baeb3b5df8d23f::Decidable,instance_ancestor,1
train,7b6ecb9ad4829e4e73600a3329baeb3b5df8d23f::Lean.Meta.DSimp.instInhabitedConfig,7b6ecb9ad4829e4e73600a3329baeb3b5df8d23f::Inhabited,instance_ancestor,1
train,7b6ecb9ad4829e4e73600a3329baeb3b5df8d23f::Sum.instBEq,7b6ecb9ad4829e4e73600a3329baeb3b5df8d23f::BEq,instance_ancestor,1
train,7b6ecb9ad4829e4e73600a3329baeb3b5df8d23f::Lean.Syntax.instRepr,7b6ecb9ad4829e4e73600a3329baeb3b5df8d23f::Repr,instance_ancestor,1
train,7b6ecb9ad4829e4e73600a3329baeb3b5df8d23f::IO.FS.instOrdSystemTime,7b6ecb9ad4829e4e73600a3329baeb3b5df8d23f::Ord,instance_ancestor,1
train,7b6ecb9ad4829e4e73600a3329baeb3b5df8d23f::List.decidableBEx,7b6ecb9ad4829e4e73600a3329baeb3b5df8d23f::Decidable,instance_ancestor,1
train,7b6ecb9ad4829e4e73600a3329baeb3b5df8d23f::ST.instNonemptyRef,7b6ecb9ad4829e4e73600a3329baeb3b5df8d23f::Nonempty,instance_ancestor,1
train,7b6ecb9ad4829e4e73600a3329baeb3b5df8d23f::Alternative,7b6ecb9ad4829e4e73600a3329baeb3b5df8d23f::Applicative,extends_ancestor,1
train,7b6ecb9ad4829e4e73600a3329baeb3b5df8d23f::instXorUSize,7b6ecb9ad4829e4e73600a3329baeb3b5df8d23f::Xor,instance_ancestor,1
train,7b6ecb9ad4829e4e73600a3329baeb3b5df8d23f::instDecidableEqUInt8,7b6ecb9ad4829e4e73600a3329baeb3b5df8d23f::Decidable,instance_ancestor,1
train,7b6ecb9ad4829e4e73600a3329baeb3b5df8d23f::Lean.Syntax.instCoeTermTSyntaxConsSyntaxNodeKindMkStr4Nil,7b6ecb9ad4829e4e73600a3329baeb3b5df8d23f::Coe,instance_ancestor,1
train,7b6ecb9ad4829e4e73600a3329baeb3b5df8d23f::instLTUInt8,7b6ecb9ad4829e4e73600a3329baeb3b5df8d23f::LT,instance_ancestor,1
train,7b6ecb9ad4829e4e73600a3329baeb3b5df8d23f::StateRefT'.instMonadExceptOf,7b6ecb9ad4829e4e73600a3329baeb3b5df8d23f::MonadExceptOf,instance_ancestor,1
train,7b6ecb9ad4829e4e73600a3329baeb3b5df8d23f::Int.instTransLe,7b6ecb9ad4829e4e73600a3329baeb3b5df8d23f::Trans,instance_ancestor,1
train,7b6ecb9ad4829e4e73600a3329baeb3b5df8d23f::ReaderT.instAlternativeOfMonad,7b6ecb9ad4829e4e73600a3329baeb3b5df8d23f::SeqRight,instance_ancestor,1
train,7b6ecb9ad4829e4e73600a3329baeb3b5df8d23f::instMonadOption,7b6ecb9ad4829e4e73600a3329baeb3b5df8d23f::Seq,instance_ancestor,1
train,7b6ecb9ad4829e4e73600a3329baeb3b5df8d23f::Int.instLawfulBEq,7b6ecb9ad4829e4e73600a3329baeb3b5df8d23f::LawfulBEq,instance_ancestor,1
train,7b6ecb9ad4829e4e73600a3329baeb3b5df8d23f::Nat.instAssociativeHMul,7b6ecb9ad4829e4e73600a3329baeb3b5df8d23f::Std.Associative,instance_ancestor,1
train,7b6ecb9ad4829e4e73600a3329baeb3b5df8d23f::Lean.Data.AC.instReprExpr,7b6ecb9ad4829e4e73600a3329baeb3b5df8d23f::Repr,instance_ancestor,1
train,7b6ecb9ad4829e4e73600a3329baeb3b5df8d23f::Std.Queue.instInhabited,7b6ecb9ad4829e4e73600a3329baeb3b5df8d23f::Inhabited,instance_ancestor,1
train,7b6ecb9ad4829e4e73600a3329baeb3b5df8d23f::ExceptT.instMonad,7b6ecb9ad4829e4e73600a3329baeb3b5df8d23f::Seq,instance_ancestor,1
train,7b6ecb9ad4829e4e73600a3329baeb3b5df8d23f::List.instForIn,7b6ecb9ad4829e4e73600a3329baeb3b5df8d23f::ForIn,instance_ancestor,1
train,7b6ecb9ad4829e4e73600a3329baeb3b5df8d23f::instReprTupleOfRepr,7b6ecb9ad4829e4e73600a3329baeb3b5df8d23f::ReprTuple,instance_ancestor,1
train,7b6ecb9ad4829e4e73600a3329baeb3b5df8d23f::instDecidableEqPEmpty,7b6ecb9ad4829e4e73600a3329baeb3b5df8d23f::Decidable,instance_ancestor,1
train,7b6ecb9ad4829e4e73600a3329baeb3b5df8d23f::instMonadOption,7b6ecb9ad4829e4e73600a3329baeb3b5df8d23f::SeqLeft,instance_ancestor,1
train,7b6ecb9ad4829e4e73600a3329baeb3b5df8d23f::Array.instMembership,7b6ecb9ad4829e4e73600a3329baeb3b5df8d23f::Membership,instance_ancestor,1
train,7b6ecb9ad4829e4e73600a3329baeb3b5df8d23f::instMonadST,7b6ecb9ad4829e4e73600a3329baeb3b5df8d23f::Seq,instance_ancestor,1
train,7b6ecb9ad4829e4e73600a3329baeb3b5df8d23f::Lean.Macro.instMonadRefMacroM,7b6ecb9ad4829e4e73600a3329baeb3b5df8d23f::Lean.MonadRef,instance_ancestor,1
train,7b6ecb9ad4829e4e73600a3329baeb3b5df8d23f::StateRefT'.instMonadFunctorOfMonad,7b6ecb9ad4829e4e73600a3329baeb3b5df8d23f::MonadFunctor,instance_ancestor,1
train,7b6ecb9ad4829e4e73600a3329baeb3b5df8d23f::forall_prop_decidable,7b6ecb9ad4829e4e73600a3329baeb3b5df8d23f::Decidable,instance_ancestor,1
train,7b6ecb9ad4829e4e73600a3329baeb3b5df8d23f::Alternative,7b6ecb9ad4829e4e73600a3329baeb3b5df8d23f::SeqLeft,extends_ancestor,1
train,7b6ecb9ad4829e4e73600a3329baeb3b5df8d23f::Nat.instAndOp,7b6ecb9ad4829e4e73600a3329baeb3b5df8d23f::AndOp,instance_ancestor,1
train,7b6ecb9ad4829e4e73600a3329baeb3b5df8d23f::instMonadExceptOfMonadExceptOf,7b6ecb9ad4829e4e73600a3329baeb3b5df8d23f::MonadExcept,instance_ancestor,1
train,7b6ecb9ad4829e4e73600a3329baeb3b5df8d23f::IO.Channel.instInhabitedState,7b6ecb9ad4829e4e73600a3329baeb3b5df8d23f::Inhabited,instance_ancestor,1
train,7b6ecb9ad4829e4e73600a3329baeb3b5df8d23f::StateCpsT.instMonad,7b6ecb9ad4829e4e73600a3329baeb3b5df8d23f::Functor,instance_ancestor,1
train,7b6ecb9ad4829e4e73600a3329baeb3b5df8d23f::instMulUSize,7b6ecb9ad4829e4e73600a3329baeb3b5df8d23f::Mul,instance_ancestor,1
train,7b6ecb9ad4829e4e73600a3329baeb3b5df8d23f::instMonadControlTOfPure,7b6ecb9ad4829e4e73600a3329baeb3b5df8d23f::MonadControlT,instance_ancestor,1
train,7b6ecb9ad4829e4e73600a3329baeb3b5df8d23f::Lean.Macro.instInhabitedMethods,7b6ecb9ad4829e4e73600a3329baeb3b5df8d23f::Inhabited,instance_ancestor,1
train,7b6ecb9ad4829e4e73600a3329baeb3b5df8d23f::Fin.instAndOp,7b6ecb9ad4829e4e73600a3329baeb3b5df8d23f::AndOp,instance_ancestor,1
train,7b6ecb9ad4829e4e73600a3329baeb3b5df8d23f::String.instLE,7b6ecb9ad4829e4e73600a3329baeb3b5df8d23f::LE,instance_ancestor,1
train,7b6ecb9ad4829e4e73600a3329baeb3b5df8d23f::optionCoe,7b6ecb9ad4829e4e73600a3329baeb3b5df8d23f::Coe,instance_ancestor,1
train,7b6ecb9ad4829e4e73600a3329baeb3b5df8d23f::Nat.instLawfulIdentityHMulOfNat,7b6ecb9ad4829e4e73600a3329baeb3b5df8d23f::Std.LeftIdentity,instance_ancestor,1
train,7b6ecb9ad4829e4e73600a3329baeb3b5df8d23f::Nat.instCommutativeMax,7b6ecb9ad4829e4e73600a3329baeb3b5df8d23f::Std.Commutative,instance_ancestor,1
train,7b6ecb9ad4829e4e73600a3329baeb3b5df8d23f::BitVec.instXor,7b6ecb9ad4829e4e73600a3329baeb3b5df8d23f::Xor,instance_ancestor,1
train,7b6ecb9ad4829e4e73600a3329baeb3b5df8d23f::List.instBEq,7b6ecb9ad4829e4e73600a3329baeb3b5df8d23f::BEq,instance_ancestor,1
train,7b6ecb9ad4829e4e73600a3329baeb3b5df8d23f::IO.FS.instInhabitedSystemTime,7b6ecb9ad4829e4e73600a3329baeb3b5df8d23f::Inhabited,instance_ancestor,1
train,7b6ecb9ad4829e4e73600a3329baeb3b5df8d23f::instLEUInt16,7b6ecb9ad4829e4e73600a3329baeb3b5df8d23f::LE,instance_ancestor,1
train,7b6ecb9ad4829e4e73600a3329baeb3b5df8d23f::instComplementUInt16,7b6ecb9ad4829e4e73600a3329baeb3b5df8d23f::Complement,instance_ancestor,1
train,7b6ecb9ad4829e4e73600a3329baeb3b5df8d23f::instOrdBool,7b6ecb9ad4829e4e73600a3329baeb3b5df8d23f::Ord,instance_ancestor,1
train,7b6ecb9ad4829e4e73600a3329baeb3b5df8d23f::Lean.Name.instRepr,7b6ecb9ad4829e4e73600a3329baeb3b5df8d23f::Repr,instance_ancestor,1
train,7b6ecb9ad4829e4e73600a3329baeb3b5df8d23f::instHXorOfXor,7b6ecb9ad4829e4e73600a3329baeb3b5df8d23f::HXor,instance_ancestor,1
train,7b6ecb9ad4829e4e73600a3329baeb3b5df8d23f::instStreamProd,7b6ecb9ad4829e4e73600a3329baeb3b5df8d23f::Stream,instance_ancestor,1
train,7b6ecb9ad4829e4e73600a3329baeb3b5df8d23f::instToStringUInt8,7b6ecb9ad4829e4e73600a3329baeb3b5df8d23f::ToString,instance_ancestor,1
train,7b6ecb9ad4829e4e73600a3329baeb3b5df8d23f::ReaderT.instAlternativeOfMonad,7b6ecb9ad4829e4e73600a3329baeb3b5df8d23f::Pure,instance_ancestor,1
train,7b6ecb9ad4829e4e73600a3329baeb3b5df8d23f::instToStringId_1,7b6ecb9ad4829e4e73600a3329baeb3b5df8d23f::ToString,instance_ancestor,1
train,7b6ecb9ad4829e4e73600a3329baeb3b5df8d23f::ReaderT.instFunctorOfMonad,7b6ecb9ad4829e4e73600a3329baeb3b5df8d23f::Functor,instance_ancestor,1
train,7b6ecb9ad4829e4e73600a3329baeb3b5df8d23f::instInhabitedForall_1,7b6ecb9ad4829e4e73600a3329baeb3b5df8d23f::Inhabited,instance_ancestor,1
train,7b6ecb9ad4829e4e73600a3329baeb3b5df8d23f::Sum.inhabitedRight,7b6ecb9ad4829e4e73600a3329baeb3b5df8d23f::Inhabited,instance_ancestor,1
train,7b6ecb9ad4829e4e73600a3329baeb3b5df8d23f::instCoeT,7b6ecb9ad4829e4e73600a3329baeb3b5df8d23f::CoeT,instance_ancestor,1
train,7b6ecb9ad4829e4e73600a3329baeb3b5df8d23f::instDecidableEqUInt32,7b6ecb9ad4829e4e73600a3329baeb3b5df8d23f::Decidable,instance_ancestor,1
train,7b6ecb9ad4829e4e73600a3329baeb3b5df8d23f::IO.instNonemptyChannel,7b6ecb9ad4829e4e73600a3329baeb3b5df8d23f::Nonempty,instance_ancestor,1
train,7b6ecb9ad4829e4e73600a3329baeb3b5df8d23f::EStateM.instMonad,7b6ecb9ad4829e4e73600a3329baeb3b5df8d23f::Functor,instance_ancestor,1
train,7b6ecb9ad4829e4e73600a3329baeb3b5df8d23f::instMulUInt16,7b6ecb9ad4829e4e73600a3329baeb3b5df8d23f::Mul,instance_ancestor,1
train,7b6ecb9ad4829e4e73600a3329baeb3b5df8d23f::instInhabitedFloat,7b6ecb9ad4829e4e73600a3329baeb3b5df8d23f::Inhabited,instance_ancestor,1
train,7b6ecb9ad4829e4e73600a3329baeb3b5df8d23f::instHShiftLeftOfShiftLeft,7b6ecb9ad4829e4e73600a3329baeb3b5df8d23f::HShiftLeft,instance_ancestor,1
train,7b6ecb9ad4829e4e73600a3329baeb3b5df8d23f::ExceptCpsT.instInhabited,7b6ecb9ad4829e4e73600a3329baeb3b5df8d23f::Inhabited,instance_ancestor,1
train,7b6ecb9ad4829e4e73600a3329baeb3b5df8d23f::instMonadExceptOfExceptTOfMonad,7b6ecb9ad4829e4e73600a3329baeb3b5df8d23f::MonadExceptOf,instance_ancestor,1
train,7b6ecb9ad4829e4e73600a3329baeb3b5df8d23f::instInhabitedPNonScalar,7b6ecb9ad4829e4e73600a3329baeb3b5df8d23f::Inhabited,instance_ancestor,1
train,7b6ecb9ad4829e4e73600a3329baeb3b5df8d23f::instHAdd,7b6ecb9ad4829e4e73600a3329baeb3b5df8d23f::HAdd,instance_ancestor,1
train,7b6ecb9ad4829e4e73600a3329baeb3b5df8d23f::instMonadOption,7b6ecb9ad4829e4e73600a3329baeb3b5df8d23f::Monad,instance_ancestor,1
train,7b6ecb9ad4829e4e73600a3329baeb3b5df8d23f::instToStreamStringSubstring,7b6ecb9ad4829e4e73600a3329baeb3b5df8d23f::ToStream,instance_ancestor,1
train,7b6ecb9ad4829e4e73600a3329baeb3b5df8d23f::Fin.instLawfulGetElemValOfNat,7b6ecb9ad4829e4e73600a3329baeb3b5df8d23f::LawfulGetElem,instance_ancestor,1
train,7b6ecb9ad4829e4e73600a3329baeb3b5df8d23f::List.instAntisymmLeOfNotLt,7b6ecb9ad4829e4e73600a3329baeb3b5df8d23f::Antisymm,instance_ancestor,1
train,7b6ecb9ad4829e4e73600a3329baeb3b5df8d23f::OptionT.instMonadExceptOfUnit,7b6ecb9ad4829e4e73600a3329baeb3b5df8d23f::MonadExceptOf,instance_ancestor,1
train,7b6ecb9ad4829e4e73600a3329baeb3b5df8d23f::Nat.instAssociativeHAdd,7b6ecb9ad4829e4e73600a3329baeb3b5df8d23f::Std.Associative,instance_ancestor,1
train,7b6ecb9ad4829e4e73600a3329baeb3b5df8d23f::instReprListOfReprAtom,7b6ecb9ad4829e4e73600a3329baeb3b5df8d23f::Repr,instance_ancestor,1
train,7b6ecb9ad4829e4e73600a3329baeb3b5df8d23f::EStateM.instMonad,7b6ecb9ad4829e4e73600a3329baeb3b5df8d23f::Bind,instance_ancestor,1
train,7b6ecb9ad4829e4e73600a3329baeb3b5df8d23f::instInhabitedForall,7b6ecb9ad4829e4e73600a3329baeb3b5df8d23f::Inhabited,instance_ancestor,1
train,7b6ecb9ad4829e4e73600a3329baeb3b5df8d23f::Lean.Grind.instBEqConfig,7b6ecb9ad4829e4e73600a3329baeb3b5df8d23f::BEq,instance_ancestor,1
train,7b6ecb9ad4829e4e73600a3329baeb3b5df8d23f::Std.LawfulCommIdentity,7b6ecb9ad4829e4e73600a3329baeb3b5df8d23f::Std.LeftIdentity,extends_ancestor,1
train,7b6ecb9ad4829e4e73600a3329baeb3b5df8d23f::instAndOpUSize,7b6ecb9ad4829e4e73600a3329baeb3b5df8d23f::AndOp,instance_ancestor,1
train,7b6ecb9ad4829e4e73600a3329baeb3b5df8d23f::StateRefT'.instAlternativeOfMonad,7b6ecb9ad4829e4e73600a3329baeb3b5df8d23f::Pure,instance_ancestor,1
train,7b6ecb9ad4829e4e73600a3329baeb3b5df8d23f::Int.decidableDvd,7b6ecb9ad4829e4e73600a3329baeb3b5df8d23f::Decidable,instance_ancestor,1
train,7b6ecb9ad4829e4e73600a3329baeb3b5df8d23f::instDecidableEqBool,7b6ecb9ad4829e4e73600a3329baeb3b5df8d23f::Decidable,instance_ancestor,1
train,7b6ecb9ad4829e4e73600a3329baeb3b5df8d23f::instDecidableEqEmpty,7b6ecb9ad4829e4e73600a3329baeb3b5df8d23f::Decidable,instance_ancestor,1
train,7b6ecb9ad4829e4e73600a3329baeb3b5df8d23f::StateT.instAlternative,7b6ecb9ad4829e4e73600a3329baeb3b5df8d23f::Pure,instance_ancestor,1
train,7b6ecb9ad4829e4e73600a3329baeb3b5df8d23f::instDecidableEqBitVec,7b6ecb9ad4829e4e73600a3329baeb3b5df8d23f::Decidable,instance_ancestor,1
train,7b6ecb9ad4829e4e73600a3329baeb3b5df8d23f::BitVec.natCastInst,7b6ecb9ad4829e4e73600a3329baeb3b5df8d23f::NatCast,instance_ancestor,1
train,7b6ecb9ad4829e4e73600a3329baeb3b5df8d23f::Applicative,7b6ecb9ad4829e4e73600a3329baeb3b5df8d23f::Functor,extends_ancestor,1
train,7b6ecb9ad4829e4e73600a3329baeb3b5df8d23f::instToStringSubstring,7b6ecb9ad4829e4e73600a3329baeb3b5df8d23f::ToString,instance_ancestor,1
train,7b6ecb9ad4829e4e73600a3329baeb3b5df8d23f::Array.instDecidableMemOfDecidableEq,7b6ecb9ad4829e4e73600a3329baeb3b5df8d23f::Decidable,instance_ancestor,1
train,7b6ecb9ad4829e4e73600a3329baeb3b5df8d23f::instHModUInt32Nat,7b6ecb9ad4829e4e73600a3329baeb3b5df8d23f::HMod,instance_ancestor,1
train,7b6ecb9ad4829e4e73600a3329baeb3b5df8d23f::instCoeOTCOfCoeTC,7b6ecb9ad4829e4e73600a3329baeb3b5df8d23f::CoeOTC,instance_ancestor,1
train,7b6ecb9ad4829e4e73600a3329baeb3b5df8d23f::List.instLEOfLT,7b6ecb9ad4829e4e73600a3329baeb3b5df8d23f::LE,instance_ancestor,1
train,7b6ecb9ad4829e4e73600a3329baeb3b5df8d23f::Lean.Syntax.instBEqTSyntax,7b6ecb9ad4829e4e73600a3329baeb3b5df8d23f::BEq,instance_ancestor,1
train,7b6ecb9ad4829e4e73600a3329baeb3b5df8d23f::instReprSigma,7b6ecb9ad4829e4e73600a3329baeb3b5df8d23f::Repr,instance_ancestor,1
train,7b6ecb9ad4829e4e73600a3329baeb3b5df8d23f::ExceptCpsT.instMonad,7b6ecb9ad4829e4e73600a3329baeb3b5df8d23f::Bind,instance_ancestor,1
train,7b6ecb9ad4829e4e73600a3329baeb3b5df8d23f::instShiftLeftUInt32,7b6ecb9ad4829e4e73600a3329baeb3b5df8d23f::ShiftLeft,instance_ancestor,1
train,7b6ecb9ad4829e4e73600a3329baeb3b5df8d23f::Bool.instMin,7b6ecb9ad4829e4e73600a3329baeb3b5df8d23f::Min,instance_ancestor,1
train,7b6ecb9ad4829e4e73600a3329baeb3b5df8d23f::Nat.Linear.instBEqPolyCnstr,7b6ecb9ad4829e4e73600a3329baeb3b5df8d23f::BEq,instance_ancestor,1
train,7b6ecb9ad4829e4e73600a3329baeb3b5df8d23f::StateT.monadControl,7b6ecb9ad4829e4e73600a3329baeb3b5df8d23f::MonadControl,instance_ancestor,1
train,7b6ecb9ad4829e4e73600a3329baeb3b5df8d23f::instMonadEST,7b6ecb9ad4829e4e73600a3329baeb3b5df8d23f::Pure,instance_ancestor,1
train,7b6ecb9ad4829e4e73600a3329baeb3b5df8d23f::instMaxUInt32,7b6ecb9ad4829e4e73600a3329baeb3b5df8d23f::Max,instance_ancestor,1
train,7b6ecb9ad4829e4e73600a3329baeb3b5df8d23f::instMonadOption,7b6ecb9ad4829e4e73600a3329baeb3b5df8d23f::Applicative,instance_ancestor,1
train,7b6ecb9ad4829e4e73600a3329baeb3b5df8d23f::instIdempotentOpBoolAnd,7b6ecb9ad4829e4e73600a3329baeb3b5df8d23f::Std.IdempotentOp,instance_ancestor,1
train,7b6ecb9ad4829e4e73600a3329baeb3b5df8d23f::Lean.instEvalOfRepr,7b6ecb9ad4829e4e73600a3329baeb3b5df8d23f::Lean.Eval,instance_ancestor,1
train,7b6ecb9ad4829e4e73600a3329baeb3b5df8d23f::instSTWorldEST,7b6ecb9ad4829e4e73600a3329baeb3b5df8d23f::STWorld,instance_ancestor,1
train,7b6ecb9ad4829e4e73600a3329baeb3b5df8d23f::Int.instDecidableEq,7b6ecb9ad4829e4e73600a3329baeb3b5df8d23f::Decidable,instance_ancestor,1
train,7b6ecb9ad4829e4e73600a3329baeb3b5df8d23f::StateT.instMonad,7b6ecb9ad4829e4e73600a3329baeb3b5df8d23f::Functor,instance_ancestor,1
train,7b6ecb9ad4829e4e73600a3329baeb3b5df8d23f::Nat.instLawfulIdentityMaxOfNat,7b6ecb9ad4829e4e73600a3329baeb3b5df8d23f::Std.Identity,instance_ancestor,1
train,7b6ecb9ad4829e4e73600a3329baeb3b5df8d23f::Std.Format.instInhabitedFlattenBehavior,7b6ecb9ad4829e4e73600a3329baeb3b5df8d23f::Inhabited,instance_ancestor,1
train,7b6ecb9ad4829e4e73600a3329baeb3b5df8d23f::Fin.instDiv,7b6ecb9ad4829e4e73600a3329baeb3b5df8d23f::Div,instance_ancestor,1
train,7b6ecb9ad4829e4e73600a3329baeb3b5df8d23f::instSubsingletonPUnit,7b6ecb9ad4829e4e73600a3329baeb3b5df8d23f::Subsingleton,instance_ancestor,1
train,7b6ecb9ad4829e4e73600a3329baeb3b5df8d23f::BitVec.instDecidableLt,7b6ecb9ad4829e4e73600a3329baeb3b5df8d23f::Decidable,instance_ancestor,1
train,7b6ecb9ad4829e4e73600a3329baeb3b5df8d23f::OptionT.instMonadFunctor,7b6ecb9ad4829e4e73600a3329baeb3b5df8d23f::MonadFunctor,instance_ancestor,1
train,7b6ecb9ad4829e4e73600a3329baeb3b5df8d23f::Lean.Syntax.instCoeTSyntaxArrayTSepArray,7b6ecb9ad4829e4e73600a3329baeb3b5df8d23f::Coe,instance_ancestor,1
train,7b6ecb9ad4829e4e73600a3329baeb3b5df8d23f::instOrdInt,7b6ecb9ad4829e4e73600a3329baeb3b5df8d23f::Ord,instance_ancestor,1
train,7b6ecb9ad4829e4e73600a3329baeb3b5df8d23f::Applicative,7b6ecb9ad4829e4e73600a3329baeb3b5df8d23f::SeqRight,extends_ancestor,1
train,7b6ecb9ad4829e4e73600a3329baeb3b5df8d23f::instReprNat,7b6ecb9ad4829e4e73600a3329baeb3b5df8d23f::Repr,instance_ancestor,1
train,7b6ecb9ad4829e4e73600a3329baeb3b5df8d23f::instMonadWithReaderOfReaderTOfMonad,7b6ecb9ad4829e4e73600a3329baeb3b5df8d23f::MonadWithReaderOf,instance_ancestor,1
train,7b6ecb9ad4829e4e73600a3329baeb3b5df8d23f::Bool.instLawfulIdentityBeqTrue,7b6ecb9ad4829e4e73600a3329baeb3b5df8d23f::Std.RightIdentity,instance_ancestor,1
train,7b6ecb9ad4829e4e73600a3329baeb3b5df8d23f::Lean.instQuoteNatNumLitKind,7b6ecb9ad4829e4e73600a3329baeb3b5df8d23f::Lean.Quote,instance_ancestor,1
train,7b6ecb9ad4829e4e73600a3329baeb3b5df8d23f::System.instReprFilePath,7b6ecb9ad4829e4e73600a3329baeb3b5df8d23f::Repr,instance_ancestor,1
train,7b6ecb9ad4829e4e73600a3329baeb3b5df8d23f::instAssociativeBoolAnd,7b6ecb9ad4829e4e73600a3329baeb3b5df8d23f::Std.Associative,instance_ancestor,1
train,7b6ecb9ad4829e4e73600a3329baeb3b5df8d23f::instDecidableIff,7b6ecb9ad4829e4e73600a3329baeb3b5df8d23f::Decidable,instance_ancestor,1
train,7b6ecb9ad4829e4e73600a3329baeb3b5df8d23f::Int.instCommutativeMax,7b6ecb9ad4829e4e73600a3329baeb3b5df8d23f::Std.Commutative,instance_ancestor,1
train,7b6ecb9ad4829e4e73600a3329baeb3b5df8d23f::instReprUnit,7b6ecb9ad4829e4e73600a3329baeb3b5df8d23f::Repr,instance_ancestor,1
train,7b6ecb9ad4829e4e73600a3329baeb3b5df8d23f::Std.instCommutativeAnd,7b6ecb9ad4829e4e73600a3329baeb3b5df8d23f::Std.Commutative,instance_ancestor,1
train,7b6ecb9ad4829e4e73600a3329baeb3b5df8d23f::StateT.instAlternative,7b6ecb9ad4829e4e73600a3329baeb3b5df8d23f::Applicative,instance_ancestor,1
train,7b6ecb9ad4829e4e73600a3329baeb3b5df8d23f::Nat.instIdempotentOpMin,7b6ecb9ad4829e4e73600a3329baeb3b5df8d23f::Std.IdempotentOp,instance_ancestor,1
train,7b6ecb9ad4829e4e73600a3329baeb3b5df8d23f::instReprProdOfReprTuple,7b6ecb9ad4829e4e73600a3329baeb3b5df8d23f::Repr,instance_ancestor,1
train,7b6ecb9ad4829e4e73600a3329baeb3b5df8d23f::instAddNat,7b6ecb9ad4829e4e73600a3329baeb3b5df8d23f::Add,instance_ancestor,1
train,7b6ecb9ad4829e4e73600a3329baeb3b5df8d23f::instAssociativeOr,7b6ecb9ad4829e4e73600a3329baeb3b5df8d23f::Std.Associative,instance_ancestor,1
train,7b6ecb9ad4829e4e73600a3329baeb3b5df8d23f::Lean.Omega.IntList.instNeg,7b6ecb9ad4829e4e73600a3329baeb3b5df8d23f::Neg,instance_ancestor,1
train,7b6ecb9ad4829e4e73600a3329baeb3b5df8d23f::instInhabitedStdGen,7b6ecb9ad4829e4e73600a3329baeb3b5df8d23f::Inhabited,instance_ancestor,1
train,7b6ecb9ad4829e4e73600a3329baeb3b5df8d23f::Array.instLawfulGetElemNatLtSize,7b6ecb9ad4829e4e73600a3329baeb3b5df8d23f::LawfulGetElem,instance_ancestor,1
train,7b6ecb9ad4829e4e73600a3329baeb3b5df8d23f::instInhabitedUInt8,7b6ecb9ad4829e4e73600a3329baeb3b5df8d23f::Inhabited,instance_ancestor,1
train,7b6ecb9ad4829e4e73600a3329baeb3b5df8d23f::instModUInt8,7b6ecb9ad4829e4e73600a3329baeb3b5df8d23f::Mod,instance_ancestor,1
train,7b6ecb9ad4829e4e73600a3329baeb3b5df8d23f::instMonadStateOfStateTOfMonad,7b6ecb9ad4829e4e73600a3329baeb3b5df8d23f::MonadStateOf,instance_ancestor,1
train,7b6ecb9ad4829e4e73600a3329baeb3b5df8d23f::Int.instMul,7b6ecb9ad4829e4e73600a3329baeb3b5df8d23f::Mul,instance_ancestor,1
train,7b6ecb9ad4829e4e73600a3329baeb3b5df8d23f::Lean.TSyntax.instCoeConsSyntaxNodeKind,7b6ecb9ad4829e4e73600a3329baeb3b5df8d23f::Coe,instance_ancestor,1
train,7b6ecb9ad4829e4e73600a3329baeb3b5df8d23f::instMonadFunctorTOfMonadFunctor,7b6ecb9ad4829e4e73600a3329baeb3b5df8d23f::MonadFunctorT,instance_ancestor,1
train,7b6ecb9ad4829e4e73600a3329baeb3b5df8d23f::Lean.Meta.instInhabitedEtaStructMode,7b6ecb9ad4829e4e73600a3329baeb3b5df8d23f::Inhabited,instance_ancestor,1
train,7b6ecb9ad4829e4e73600a3329baeb3b5df8d23f::instMonadBaseIO,7b6ecb9ad4829e4e73600a3329baeb3b5df8d23f::SeqLeft,instance_ancestor,1
train,7b6ecb9ad4829e4e73600a3329baeb3b5df8d23f::LawfulMonad,7b6ecb9ad4829e4e73600a3329baeb3b5df8d23f::LawfulApplicative,extends_ancestor,1
train,7b6ecb9ad4829e4e73600a3329baeb3b5df8d23f::boolToProp,7b6ecb9ad4829e4e73600a3329baeb3b5df8d23f::Coe,instance_ancestor,1
train,7b6ecb9ad4829e4e73600a3329baeb3b5df8d23f::decPropToBool,7b6ecb9ad4829e4e73600a3329baeb3b5df8d23f::CoeDep,instance_ancestor,1
train,7b6ecb9ad4829e4e73600a3329baeb3b5df8d23f::instHOrOfOrOp,7b6ecb9ad4829e4e73600a3329baeb3b5df8d23f::HOr,instance_ancestor,1
train,7b6ecb9ad4829e4e73600a3329baeb3b5df8d23f::Char.instDecidableLe,7b6ecb9ad4829e4e73600a3329baeb3b5df8d23f::Decidable,instance_ancestor,1
train,7b6ecb9ad4829e4e73600a3329baeb3b5df8d23f::ReaderT.instMonadLift,7b6ecb9ad4829e4e73600a3329baeb3b5df8d23f::MonadLift,instance_ancestor,1
train,7b6ecb9ad4829e4e73600a3329baeb3b5df8d23f::instMonadBaseIO,7b6ecb9ad4829e4e73600a3329baeb3b5df8d23f::SeqRight,instance_ancestor,1
train,7b6ecb9ad4829e4e73600a3329baeb3b5df8d23f::instLEUSize,7b6ecb9ad4829e4e73600a3329baeb3b5df8d23f::LE,instance_ancestor,1
train,7b6ecb9ad4829e4e73600a3329baeb3b5df8d23f::List.decidableBAll,7b6ecb9ad4829e4e73600a3329baeb3b5df8d23f::Decidable,instance_ancestor,1
train,7b6ecb9ad4829e4e73600a3329baeb3b5df8d23f::instSubsingletonPEmpty,7b6ecb9ad4829e4e73600a3329baeb3b5df8d23f::Subsingleton,instance_ancestor,1
train,7b6ecb9ad4829e4e73600a3329baeb3b5df8d23f::instMonadLiftT,7b6ecb9ad4829e4e73600a3329baeb3b5df8d23f::MonadLiftT,instance_ancestor,1
train,7b6ecb9ad4829e4e73600a3329baeb3b5df8d23f::BitVec.instDecidableLe,7b6ecb9ad4829e4e73600a3329baeb3b5df8d23f::Decidable,instance_ancestor,1
train,7b6ecb9ad4829e4e73600a3329baeb3b5df8d23f::Bool.instLawfulIdentityBneFalse,7b6ecb9ad4829e4e73600a3329baeb3b5df8d23f::Std.Identity,instance_ancestor,1
train,7b6ecb9ad4829e4e73600a3329baeb3b5df8d23f::Subarray.instForIn,7b6ecb9ad4829e4e73600a3329baeb3b5df8d23f::ForIn,instance_ancestor,1
train,7b6ecb9ad4829e4e73600a3329baeb3b5df8d23f::ReaderT.instLawfulFunctor,7b6ecb9ad4829e4e73600a3329baeb3b5df8d23f::LawfulFunctor,instance_ancestor,1
train,7b6ecb9ad4829e4e73600a3329baeb3b5df8d23f::System.instHashableFilePath,7b6ecb9ad4829e4e73600a3329baeb3b5df8d23f::Hashable,instance_ancestor,1
train,7b6ecb9ad4829e4e73600a3329baeb3b5df8d23f::instToStringULift,7b6ecb9ad4829e4e73600a3329baeb3b5df8d23f::ToString,instance_ancestor,1
train,7b6ecb9ad4829e4e73600a3329baeb3b5df8d23f::instDecidableEqUInt16,7b6ecb9ad4829e4e73600a3329baeb3b5df8d23f::Decidable,instance_ancestor,1
train,7b6ecb9ad4829e4e73600a3329baeb3b5df8d23f::ReaderT.instAlternativeOfMonad,7b6ecb9ad4829e4e73600a3329baeb3b5df8d23f::SeqLeft,instance_ancestor,1
train,7b6ecb9ad4829e4e73600a3329baeb3b5df8d23f::Nat.instLawfulIdentityHMulOfNat,7b6ecb9ad4829e4e73600a3329baeb3b5df8d23f::Std.Identity,instance_ancestor,1
train,7b6ecb9ad4829e4e73600a3329baeb3b5df8d23f::instAndOpUInt64,7b6ecb9ad4829e4e73600a3329baeb3b5df8d23f::AndOp,instance_ancestor,1
train,7b6ecb9ad4829e4e73600a3329baeb3b5df8d23f::Lean.Syntax.instLawfulGetElemNatTrue,7b6ecb9ad4829e4e73600a3329baeb3b5df8d23f::LawfulGetElem,instance_ancestor,1
train,7b6ecb9ad4829e4e73600a3329baeb3b5df8d23f::Fin.instLawfulIdentityHAddNatOfNatHMul,7b6ecb9ad4829e4e73600a3329baeb3b5df8d23f::Std.RightIdentity,instance_ancestor,1
train,7b6ecb9ad4829e4e73600a3329baeb3b5df8d23f::EStateM.instMonadFinally,7b6ecb9ad4829e4e73600a3329baeb3b5df8d23f::MonadFinally,instance_ancestor,1
train,7b6ecb9ad4829e4e73600a3329baeb3b5df8d23f::Nat.decLt,7b6ecb9ad4829e4e73600a3329baeb3b5df8d23f::Decidable,instance_ancestor,1
train,7b6ecb9ad4829e4e73600a3329baeb3b5df8d23f::System.instToStringFilePath,7b6ecb9ad4829e4e73600a3329baeb3b5df8d23f::ToString,instance_ancestor,1
train,7b6ecb9ad4829e4e73600a3329baeb3b5df8d23f::Std.LawfulCommIdentity,7b6ecb9ad4829e4e73600a3329baeb3b5df8d23f::Std.LawfulIdentity,extends_ancestor,1
train,7b6ecb9ad4829e4e73600a3329baeb3b5df8d23f::Int.instInhabited,7b6ecb9ad4829e4e73600a3329baeb3b5df8d23f::Inhabited,instance_ancestor,1
train,7b6ecb9ad4829e4e73600a3329baeb3b5df8d23f::Int.instCommutativeHAdd,7b6ecb9ad4829e4e73600a3329baeb3b5df8d23f::Std.Commutative,instance_ancestor,1
train,7b6ecb9ad4829e4e73600a3329baeb3b5df8d23f::Nat.instLawfulIdentityMaxOfNat,7b6ecb9ad4829e4e73600a3329baeb3b5df8d23f::Std.LawfulIdentity,instance_ancestor,1
train,7b6ecb9ad4829e4e73600a3329baeb3b5df8d23f::instToStringProd,7b6ecb9ad4829e4e73600a3329baeb3b5df8d23f::ToString,instance_ancestor,1
train,7b6ecb9ad4829e4e73600a3329baeb3b5df8d23f::instComplementUInt8,7b6ecb9ad4829e4e73600a3329baeb3b5df8d23f::Complement,instance_ancestor,1
train,7b6ecb9ad4829e4e73600a3329baeb3b5df8d23f::instReprUSize,7b6ecb9ad4829e4e73600a3329baeb3b5df8d23f::Repr,instance_ancestor,1
train,7b6ecb9ad4829e4e73600a3329baeb3b5df8d23f::Nat.instTransLtLe,7b6ecb9ad4829e4e73600a3329baeb3b5df8d23f::Trans,instance_ancestor,1
train,7b6ecb9ad4829e4e73600a3329baeb3b5df8d23f::Lean.instMonadQuotationOfMonadFunctorOfMonadLift,7b6ecb9ad4829e4e73600a3329baeb3b5df8d23f::Lean.MonadRef,instance_ancestor,1
train,7b6ecb9ad4829e4e73600a3329baeb3b5df8d23f::instMonadReaderOfMonadReaderOf,7b6ecb9ad4829e4e73600a3329baeb3b5df8d23f::MonadReader,instance_ancestor,1
train,7b6ecb9ad4829e4e73600a3329baeb3b5df8d23f::instMonadST,7b6ecb9ad4829e4e73600a3329baeb3b5df8d23f::Monad,instance_ancestor,1
train,7b6ecb9ad4829e4e73600a3329baeb3b5df8d23f::FloatArray.instEmptyCollection,7b6ecb9ad4829e4e73600a3329baeb3b5df8d23f::EmptyCollection,instance_ancestor,1
train,7b6ecb9ad4829e4e73600a3329baeb3b5df8d23f::instComplementUInt64,7b6ecb9ad4829e4e73600a3329baeb3b5df8d23f::Complement,instance_ancestor,1
train,7b6ecb9ad4829e4e73600a3329baeb3b5df8d23f::instSubUSize,7b6ecb9ad4829e4e73600a3329baeb3b5df8d23f::Sub,instance_ancestor,1
train,7b6ecb9ad4829e4e73600a3329baeb3b5df8d23f::IO.instCoeOutMutexBaseMutex,7b6ecb9ad4829e4e73600a3329baeb3b5df8d23f::CoeOut,instance_ancestor,1
train,7b6ecb9ad4829e4e73600a3329baeb3b5df8d23f::instStreamList,7b6ecb9ad4829e4e73600a3329baeb3b5df8d23f::Stream,instance_ancestor,1
train,7b6ecb9ad4829e4e73600a3329baeb3b5df8d23f::instMonadReaderOfOfMonadLift,7b6ecb9ad4829e4e73600a3329baeb3b5df8d23f::MonadReaderOf,instance_ancestor,1
train,7b6ecb9ad4829e4e73600a3329baeb3b5df8d23f::Lean.instEvalIO,7b6ecb9ad4829e4e73600a3329baeb3b5df8d23f::Lean.Eval,instance_ancestor,1
train,7b6ecb9ad4829e4e73600a3329baeb3b5df8d23f::Lean.Macro.instInhabitedMethodsRef,7b6ecb9ad4829e4e73600a3329baeb3b5df8d23f::Inhabited,instance_ancestor,1
train,7b6ecb9ad4829e4e73600a3329baeb3b5df8d23f::instAddFloat,7b6ecb9ad4829e4e73600a3329baeb3b5df8d23f::Add,instance_ancestor,1
train,7b6ecb9ad4829e4e73600a3329baeb3b5df8d23f::ReaderT.instAlternativeOfMonad,7b6ecb9ad4829e4e73600a3329baeb3b5df8d23f::Seq,instance_ancestor,1
train,7b6ecb9ad4829e4e73600a3329baeb3b5df8d23f::instReprUInt64,7b6ecb9ad4829e4e73600a3329baeb3b5df8d23f::Repr,instance_ancestor,1
train,7b6ecb9ad4829e4e73600a3329baeb3b5df8d23f::Prod.instWellFoundedRelation,7b6ecb9ad4829e4e73600a3329baeb3b5df8d23f::WellFoundedRelation,instance_ancestor,1
train,7b6ecb9ad4829e4e73600a3329baeb3b5df8d23f::instOrdString,7b6ecb9ad4829e4e73600a3329baeb3b5df8d23f::Ord,instance_ancestor,1
train,7b6ecb9ad4829e4e73600a3329baeb3b5df8d23f::StateRefT'.instAlternativeOfMonad,7b6ecb9ad4829e4e73600a3329baeb3b5df8d23f::Applicative,instance_ancestor,1
train,7b6ecb9ad4829e4e73600a3329baeb3b5df8d23f::Std.LawfulCommIdentity,7b6ecb9ad4829e4e73600a3329baeb3b5df8d23f::Std.RightIdentity,extends_ancestor,1
train,7b6ecb9ad4829e4e73600a3329baeb3b5df8d23f::instLawfulMonadExcept,7b6ecb9ad4829e4e73600a3329baeb3b5df8d23f::LawfulApplicative,instance_ancestor,1
train,7b6ecb9ad4829e4e73600a3329baeb3b5df8d23f::instMonadControlTOfMonadControl,7b6ecb9ad4829e4e73600a3329baeb3b5df8d23f::MonadControlT,instance_ancestor,1
train,7b6ecb9ad4829e4e73600a3329baeb3b5df8d23f::Int.instMin,7b6ecb9ad4829e4e73600a3329baeb3b5df8d23f::Min,instance_ancestor,1
train,7b6ecb9ad4829e4e73600a3329baeb3b5df8d23f::instCoeTailIntOfIntCast,7b6ecb9ad4829e4e73600a3329baeb3b5df8d23f::CoeTail,instance_ancestor,1
train,7b6ecb9ad4829e4e73600a3329baeb3b5df8d23f::instCoeOutOfCoeFun,7b6ecb9ad4829e4e73600a3329baeb3b5df8d23f::CoeOut,instance_ancestor,1
train,7b6ecb9ad4829e4e73600a3329baeb3b5df8d23f::instFunctorOption,7b6ecb9ad4829e4e73600a3329baeb3b5df8d23f::Functor,instance_ancestor,1
train,7b6ecb9ad4829e4e73600a3329baeb3b5df8d23f::String.decLt,7b6ecb9ad4829e4e73600a3329baeb3b5df8d23f::Decidable,instance_ancestor,1
train,7b6ecb9ad4829e4e73600a3329baeb3b5df8d23f::Nat.SOM.instInhabitedExpr,7b6ecb9ad4829e4e73600a3329baeb3b5df8d23f::Inhabited,instance_ancestor,1
train,7b6ecb9ad4829e4e73600a3329baeb3b5df8d23f::ExceptCpsT.instLawfulMonad,7b6ecb9ad4829e4e73600a3329baeb3b5df8d23f::LawfulFunctor,instance_ancestor,1
train,7b6ecb9ad4829e4e73600a3329baeb3b5df8d23f::IO.instMaxTaskState,7b6ecb9ad4829e4e73600a3329baeb3b5df8d23f::Max,instance_ancestor,1
train,7b6ecb9ad4829e4e73600a3329baeb3b5df8d23f::instXorUInt32,7b6ecb9ad4829e4e73600a3329baeb3b5df8d23f::Xor,instance_ancestor,1
train,7b6ecb9ad4829e4e73600a3329baeb3b5df8d23f::instToStringSubtype,7b6ecb9ad4829e4e73600a3329baeb3b5df8d23f::ToString,instance_ancestor,1
train,7b6ecb9ad4829e4e73600a3329baeb3b5df8d23f::Id.instMonad,7b6ecb9ad4829e4e73600a3329baeb3b5df8d23f::Seq,instance_ancestor,1
train,7b6ecb9ad4829e4e73600a3329baeb3b5df8d23f::instLawfulMonadStateRefT',7b6ecb9ad4829e4e73600a3329baeb3b5df8d23f::LawfulFunctor,instance_ancestor,1
train,7b6ecb9ad4829e4e73600a3329baeb3b5df8d23f::instCoeOutOfCoeSort,7b6ecb9ad4829e4e73600a3329baeb3b5df8d23f::CoeOut,instance_ancestor,1
train,7b6ecb9ad4829e4e73600a3329baeb3b5df8d23f::instShiftRightUInt16,7b6ecb9ad4829e4e73600a3329baeb3b5df8d23f::ShiftRight,instance_ancestor,1
train,7b6ecb9ad4829e4e73600a3329baeb3b5df8d23f::instMonadST,7b6ecb9ad4829e4e73600a3329baeb3b5df8d23f::Functor,instance_ancestor,1
train,7b6ecb9ad4829e4e73600a3329baeb3b5df8d23f::instShiftRightUInt64,7b6ecb9ad4829e4e73600a3329baeb3b5df8d23f::ShiftRight,instance_ancestor,1
train,7b6ecb9ad4829e4e73600a3329baeb3b5df8d23f::Lean.PrettyPrinter.instMonadQuotationUnexpandM,7b6ecb9ad4829e4e73600a3329baeb3b5df8d23f::Lean.MonadQuotation,instance_ancestor,1
train,7b6ecb9ad4829e4e73600a3329baeb3b5df8d23f::instAssociativeBoolOr,7b6ecb9ad4829e4e73600a3329baeb3b5df8d23f::Std.Associative,instance_ancestor,1
train,7b6ecb9ad4829e4e73600a3329baeb3b5df8d23f::instDecidableEqString,7b6ecb9ad4829e4e73600a3329baeb3b5df8d23f::Decidable,instance_ancestor,1
train,7b6ecb9ad4829e4e73600a3329baeb3b5df8d23f::instLawfulApplicativeExcept,7b6ecb9ad4829e4e73600a3329baeb3b5df8d23f::LawfulFunctor,instance_ancestor,1
train,7b6ecb9ad4829e4e73600a3329baeb3b5df8d23f::instInhabitedTrue,7b6ecb9ad4829e4e73600a3329baeb3b5df8d23f::Inhabited,instance_ancestor,1
train,7b6ecb9ad4829e4e73600a3329baeb3b5df8d23f::instBEqOfDecidableEq,7b6ecb9ad4829e4e73600a3329baeb3b5df8d23f::BEq,instance_ancestor,1
train,7b6ecb9ad4829e4e73600a3329baeb3b5df8d23f::instDecidableFalse,7b6ecb9ad4829e4e73600a3329baeb3b5df8d23f::Decidable,instance_ancestor,1
train,7b6ecb9ad4829e4e73600a3329baeb3b5df8d23f::instMulNat,7b6ecb9ad4829e4e73600a3329baeb3b5df8d23f::Mul,instance_ancestor,1
train,7b6ecb9ad4829e4e73600a3329baeb3b5df8d23f::Int.instCommutativeMin,7b6ecb9ad4829e4e73600a3329baeb3b5df8d23f::Std.Commutative,instance_ancestor,1
train,7b6ecb9ad4829e4e73600a3329baeb3b5df8d23f::Applicative,7b6ecb9ad4829e4e73600a3329baeb3b5df8d23f::Seq,extends_ancestor,1
train,7b6ecb9ad4829e4e73600a3329baeb3b5df8d23f::System.instInhabitedFilePath,7b6ecb9ad4829e4e73600a3329baeb3b5df8d23f::Inhabited,instance_ancestor,1
train,7b6ecb9ad4829e4e73600a3329baeb3b5df8d23f::instNatCastNat,7b6ecb9ad4829e4e73600a3329baeb3b5df8d23f::NatCast,instance_ancestor,1
train,7b6ecb9ad4829e4e73600a3329baeb3b5df8d23f::instNonemptyForall,7b6ecb9ad4829e4e73600a3329baeb3b5df8d23f::Nonempty,instance_ancestor,1
train,7b6ecb9ad4829e4e73600a3329baeb3b5df8d23f::ExceptT.instMonadFunctor,7b6ecb9ad4829e4e73600a3329baeb3b5df8d23f::MonadFunctor,instance_ancestor,1
train,7b6ecb9ad4829e4e73600a3329baeb3b5df8d23f::instInhabitedUInt16,7b6ecb9ad4829e4e73600a3329baeb3b5df8d23f::Inhabited,instance_ancestor,1
train,7b6ecb9ad4829e4e73600a3329baeb3b5df8d23f::Fin.instMod,7b6ecb9ad4829e4e73600a3329baeb3b5df8d23f::Mod,instance_ancestor,1
train,7b6ecb9ad4829e4e73600a3329baeb3b5df8d23f::instHashableList,7b6ecb9ad4829e4e73600a3329baeb3b5df8d23f::Hashable,instance_ancestor,1
train,7b6ecb9ad4829e4e73600a3329baeb3b5df8d23f::UInt16.instOfNat,7b6ecb9ad4829e4e73600a3329baeb3b5df8d23f::OfNat,instance_ancestor,1
train,7b6ecb9ad4829e4e73600a3329baeb3b5df8d23f::Fin.instShiftRight,7b6ecb9ad4829e4e73600a3329baeb3b5df8d23f::ShiftRight,instance_ancestor,1
train,7b6ecb9ad4829e4e73600a3329baeb3b5df8d23f::Lean.TSyntax.instCoeStrLitTerm,7b6ecb9ad4829e4e73600a3329baeb3b5df8d23f::Coe,instance_ancestor,1
train,7b6ecb9ad4829e4e73600a3329baeb3b5df8d23f::EStateM.nonBacktrackable,7b6ecb9ad4829e4e73600a3329baeb3b5df8d23f::EStateM.Backtrackable,instance_ancestor,1
train,7b6ecb9ad4829e4e73600a3329baeb3b5df8d23f::instCoeTailNatOfNatCast,7b6ecb9ad4829e4e73600a3329baeb3b5df8d23f::CoeTail,instance_ancestor,1
train,7b6ecb9ad4829e4e73600a3329baeb3b5df8d23f::Lean.Name.instLawfulBEq,7b6ecb9ad4829e4e73600a3329baeb3b5df8d23f::LawfulBEq,instance_ancestor,1
train,7b6ecb9ad4829e4e73600a3329baeb3b5df8d23f::instReprUInt16,7b6ecb9ad4829e4e73600a3329baeb3b5df8d23f::Repr,instance_ancestor,1
train,7b6ecb9ad4829e4e73600a3329baeb3b5df8d23f::List.instLawfulIdentityHAppendNil,7b6ecb9ad4829e4e73600a3329baeb3b5df8d23f::Std.Identity,instance_ancestor,1
train,7b6ecb9ad4829e4e73600a3329baeb3b5df8d23f::Int.instTransLt,7b6ecb9ad4829e4e73600a3329baeb3b5df8d23f::Trans,instance_ancestor,1
train,7b6ecb9ad4829e4e73600a3329baeb3b5df8d23f::Lean.Omega.Constraint.instToString,7b6ecb9ad4829e4e73600a3329baeb3b5df8d23f::ToString,instance_ancestor,1
train,7b6ecb9ad4829e4e73600a3329baeb3b5df8d23f::Lean.Omega.instDecidableEqConstraint,7b6ecb9ad4829e4e73600a3329baeb3b5df8d23f::Decidable,instance_ancestor,1
train,7b6ecb9ad4829e4e73600a3329baeb3b5df8d23f::instMonadBaseIO,7b6ecb9ad4829e4e73600a3329baeb3b5df8d23f::Seq,instance_ancestor,1
train,7b6ecb9ad4829e4e73600a3329baeb3b5df8d23f::Prod.Lex.instDecidableRelOfDecidableEq,7b6ecb9ad4829e4e73600a3329baeb3b5df8d23f::Decidable,instance_ancestor,1
train,7b6ecb9ad4829e4e73600a3329baeb3b5df8d23f::Array.instCoeSubarray,7b6ecb9ad4829e4e73600a3329baeb3b5df8d23f::Coe,instance_ancestor,1
train,7b6ecb9ad4829e4e73600a3329baeb3b5df8d23f::instSubUInt16,7b6ecb9ad4829e4e73600a3329baeb3b5df8d23f::Sub,instance_ancestor,1
train,7b6ecb9ad4829e4e73600a3329baeb3b5df8d23f::instInhabitedForallOfMonad,7b6ecb9ad4829e4e73600a3329baeb3b5df8d23f::Inhabited,instance_ancestor,1
train,7b6ecb9ad4829e4e73600a3329baeb3b5df8d23f::Nat.instShiftLeft,7b6ecb9ad4829e4e73600a3329baeb3b5df8d23f::ShiftLeft,instance_ancestor,1
train,7b6ecb9ad4829e4e73600a3329baeb3b5df8d23f::instLTOption,7b6ecb9ad4829e4e73600a3329baeb3b5df8d23f::LT,instance_ancestor,1
train,7b6ecb9ad4829e4e73600a3329baeb3b5df8d23f::Monad,7b6ecb9ad4829e4e73600a3329baeb3b5df8d23f::Bind,extends_ancestor,1
train,7b6ecb9ad4829e4e73600a3329baeb3b5df8d23f::instHAppendOfAppend,7b6ecb9ad4829e4e73600a3329baeb3b5df8d23f::HAppend,instance_ancestor,1
train,7b6ecb9ad4829e4e73600a3329baeb3b5df8d23f::EStateM.instMonad,7b6ecb9ad4829e4e73600a3329baeb3b5df8d23f::SeqRight,instance_ancestor,1
train,7b6ecb9ad4829e4e73600a3329baeb3b5df8d23f::instMonadControlExceptTOfMonad,7b6ecb9ad4829e4e73600a3329baeb3b5df8d23f::MonadControl,instance_ancestor,1
train,7b6ecb9ad4829e4e73600a3329baeb3b5df8d23f::instLawfulMonadExcept,7b6ecb9ad4829e4e73600a3329baeb3b5df8d23f::LawfulFunctor,instance_ancestor,1
train,7b6ecb9ad4829e4e73600a3329baeb3b5df8d23f::IO.instForInSyncOfMonadLiftTBaseIO,7b6ecb9ad4829e4e73600a3329baeb3b5df8d23f::ForIn,instance_ancestor,1
train,7b6ecb9ad4829e4e73600a3329baeb3b5df8d23f::instTransEq,7b6ecb9ad4829e4e73600a3329baeb3b5df8d23f::Trans,instance_ancestor,1
train,7b6ecb9ad4829e4e73600a3329baeb3b5df8d23f::instDivUInt32,7b6ecb9ad4829e4e73600a3329baeb3b5df8d23f::Div,instance_ancestor,1
train,7b6ecb9ad4829e4e73600a3329baeb3b5df8d23f::instToStringPUnit,7b6ecb9ad4829e4e73600a3329baeb3b5df8d23f::ToString,instance_ancestor,1
train,7b6ecb9ad4829e4e73600a3329baeb3b5df8d23f::Lean.Meta.instInhabitedOccurrences,7b6ecb9ad4829e4e73600a3329baeb3b5df8d23f::Inhabited,instance_ancestor,1
train,7b6ecb9ad4829e4e73600a3329baeb3b5df8d23f::Lean.instInhabitedTSyntax,7b6ecb9ad4829e4e73600a3329baeb3b5df8d23f::Inhabited,instance_ancestor,1
train,7b6ecb9ad4829e4e73600a3329baeb3b5df8d23f::Int.instDiv,7b6ecb9ad4829e4e73600a3329baeb3b5df8d23f::Div,instance_ancestor,1
train,7b6ecb9ad4829e4e73600a3329baeb3b5df8d23f::instInhabitedProp,7b6ecb9ad4829e4e73600a3329baeb3b5df8d23f::Inhabited,instance_ancestor,1
train,7b6ecb9ad4829e4e73600a3329baeb3b5df8d23f::Id.instOfNat,7b6ecb9ad4829e4e73600a3329baeb3b5df8d23f::OfNat,instance_ancestor,1
train,7b6ecb9ad4829e4e73600a3329baeb3b5df8d23f::instNonemptyForall_1,7b6ecb9ad4829e4e73600a3329baeb3b5df8d23f::Nonempty,instance_ancestor,1
train,7b6ecb9ad4829e4e73600a3329baeb3b5df8d23f::instInhabitedTask,7b6ecb9ad4829e4e73600a3329baeb3b5df8d23f::Inhabited,instance_ancestor,1
train,7b6ecb9ad4829e4e73600a3329baeb3b5df8d23f::Id.instMonad,7b6ecb9ad4829e4e73600a3329baeb3b5df8d23f::SeqRight,instance_ancestor,1
train,7b6ecb9ad4829e4e73600a3329baeb3b5df8d23f::Nat.decidableExistsLT,7b6ecb9ad4829e4e73600a3329baeb3b5df8d23f::Decidable,instance_ancestor,1
train,7b6ecb9ad4829e4e73600a3329baeb3b5df8d23f::Int.instNegInt,7b6ecb9ad4829e4e73600a3329baeb3b5df8d23f::Neg,instance_ancestor,1
train,7b6ecb9ad4829e4e73600a3329baeb3b5df8d23f::ReaderT.instApplicativeOfMonad,7b6ecb9ad4829e4e73600a3329baeb3b5df8d23f::Seq,instance_ancestor,1
train,7b6ecb9ad4829e4e73600a3329baeb3b5df8d23f::instSubsingletonEmpty,7b6ecb9ad4829e4e73600a3329baeb3b5df8d23f::Subsingleton,instance_ancestor,1
train,7b6ecb9ad4829e4e73600a3329baeb3b5df8d23f::System.FilePath.instDiv,7b6ecb9ad4829e4e73600a3329baeb3b5df8d23f::Div,instance_ancestor,1
train,7b6ecb9ad4829e4e73600a3329baeb3b5df8d23f::IO.instReprTaskState,7b6ecb9ad4829e4e73600a3329baeb3b5df8d23f::Repr,instance_ancestor,1
train,7b6ecb9ad4829e4e73600a3329baeb3b5df8d23f::List.instLawfulIdentityHAppendNil,7b6ecb9ad4829e4e73600a3329baeb3b5df8d23f::Std.RightIdentity,instance_ancestor,1
train,7b6ecb9ad4829e4e73600a3329baeb3b5df8d23f::ExceptCpsT.instMonad,7b6ecb9ad4829e4e73600a3329baeb3b5df8d23f::Functor,instance_ancestor,1
train,7b6ecb9ad4829e4e73600a3329baeb3b5df8d23f::instToFormatOfToString,7b6ecb9ad4829e4e73600a3329baeb3b5df8d23f::Std.ToFormat,instance_ancestor,1
train,7b6ecb9ad4829e4e73600a3329baeb3b5df8d23f::Applicative,7b6ecb9ad4829e4e73600a3329baeb3b5df8d23f::SeqLeft,extends_ancestor,1
train,7b6ecb9ad4829e4e73600a3329baeb3b5df8d23f::instDecidableIte,7b6ecb9ad4829e4e73600a3329baeb3b5df8d23f::Decidable,instance_ancestor,1
train,7b6ecb9ad4829e4e73600a3329baeb3b5df8d23f::instToStringSum,7b6ecb9ad4829e4e73600a3329baeb3b5df8d23f::ToString,instance_ancestor,1
train,7b6ecb9ad4829e4e73600a3329baeb3b5df8d23f::Option.instOrElse,7b6ecb9ad4829e4e73600a3329baeb3b5df8d23f::OrElse,instance_ancestor,1
train,7b6ecb9ad4829e4e73600a3329baeb3b5df8d23f::StateT.instMonad,7b6ecb9ad4829e4e73600a3329baeb3b5df8d23f::Monad,instance_ancestor,1
train,7b6ecb9ad4829e4e73600a3329baeb3b5df8d23f::instReprPUnit,7b6ecb9ad4829e4e73600a3329baeb3b5df8d23f::Repr,instance_ancestor,1
train,7b6ecb9ad4829e4e73600a3329baeb3b5df8d23f::instCoeHTCTOfCoeHTC,7b6ecb9ad4829e4e73600a3329baeb3b5df8d23f::CoeHTCT,instance_ancestor,1
train,7b6ecb9ad4829e4e73600a3329baeb3b5df8d23f::Bool.instDecidableLt,7b6ecb9ad4829e4e73600a3329baeb3b5df8d23f::Decidable,instance_ancestor,1
train,7b6ecb9ad4829e4e73600a3329baeb3b5df8d23f::StateT.instMonadLift,7b6ecb9ad4829e4e73600a3329baeb3b5df8d23f::MonadLift,instance_ancestor,1
train,7b6ecb9ad4829e4e73600a3329baeb3b5df8d23f::Std.Queue.instEmptyCollection,7b6ecb9ad4829e4e73600a3329baeb3b5df8d23f::EmptyCollection,instance_ancestor,1
train,7b6ecb9ad4829e4e73600a3329baeb3b5df8d23f::StateRefT'.instAlternativeOfMonad,7b6ecb9ad4829e4e73600a3329baeb3b5df8d23f::Functor,instance_ancestor,1
train,7b6ecb9ad4829e4e73600a3329baeb3b5df8d23f::Lean.TSyntax.instCoeConsSyntaxNodeKindNil,7b6ecb9ad4829e4e73600a3329baeb3b5df8d23f::Coe,instance_ancestor,1
train,7b6ecb9ad4829e4e73600a3329baeb3b5df8d23f::thunkCoe,7b6ecb9ad4829e4e73600a3329baeb3b5df8d23f::CoeTail,instance_ancestor,1
train,7b6ecb9ad4829e4e73600a3329baeb3b5df8d23f::Lean.Macro.instMonadQuotationMacroM,7b6ecb9ad4829e4e73600a3329baeb3b5df8d23f::Lean.MonadQuotation,instance_ancestor,1
train,7b6ecb9ad4829e4e73600a3329baeb3b5df8d23f::BitVec.instToString,7b6ecb9ad4829e4e73600a3329baeb3b5df8d23f::ToString,instance_ancestor,1
train,7b6ecb9ad4829e4e73600a3329baeb3b5df8d23f::ReaderT.instMonadExceptOf,7b6ecb9ad4829e4e73600a3329baeb3b5df8d23f::MonadExceptOf,instance_ancestor,1
train,7b6ecb9ad4829e4e73600a3329baeb3b5df8d23f::StateCpsT.instLawfulMonad,7b6ecb9ad4829e4e73600a3329baeb3b5df8d23f::LawfulApplicative,instance_ancestor,1
train,7b6ecb9ad4829e4e73600a3329baeb3b5df8d23f::instToStringChar,7b6ecb9ad4829e4e73600a3329baeb3b5df8d23f::ToString,instance_ancestor,1
train,7b6ecb9ad4829e4e73600a3329baeb3b5df8d23f::instHashableUInt16,7b6ecb9ad4829e4e73600a3329baeb3b5df8d23f::Hashable,instance_ancestor,1
train,7b6ecb9ad4829e4e73600a3329baeb3b5df8d23f::Int.instCommutativeHMul,7b6ecb9ad4829e4e73600a3329baeb3b5df8d23f::Std.Commutative,instance_ancestor,1
train,7b6ecb9ad4829e4e73600a3329baeb3b5df8d23f::instSizeOf,7b6ecb9ad4829e4e73600a3329baeb3b5df8d23f::SizeOf,instance_ancestor,1
train,7b6ecb9ad4829e4e73600a3329baeb3b5df8d23f::instDecidableEqQuotientOfDecidableEquiv,7b6ecb9ad4829e4e73600a3329baeb3b5df8d23f::Decidable,instance_ancestor,1
train,7b6ecb9ad4829e4e73600a3329baeb3b5df8d23f::Std.LawfulRightIdentity,7b6ecb9ad4829e4e73600a3329baeb3b5df8d23f::Std.RightIdentity,extends_ancestor,1
train,7b6ecb9ad4829e4e73600a3329baeb3b5df8d23f::Alternative,7b6ecb9ad4829e4e73600a3329baeb3b5df8d23f::Pure,extends_ancestor,1
train,7b6ecb9ad4829e4e73600a3329baeb3b5df8d23f::ExceptT.instMonadLift,7b6ecb9ad4829e4e73600a3329baeb3b5df8d23f::MonadLift,instance_ancestor,1
train,7b6ecb9ad4829e4e73600a3329baeb3b5df8d23f::instCoeHTCTNatOfNatCast,7b6ecb9ad4829e4e73600a3329baeb3b5df8d23f::CoeHTCT,instance_ancestor,1
train,7b6ecb9ad4829e4e73600a3329baeb3b5df8d23f::Nat.decidable_dvd,7b6ecb9ad4829e4e73600a3329baeb3b5df8d23f::Decidable,instance_ancestor,1
train,7b6ecb9ad4829e4e73600a3329baeb3b5df8d23f::Int.instLawfulIdentityHMulOfNat,7b6ecb9ad4829e4e73600a3329baeb3b5df8d23f::Std.LawfulIdentity,instance_ancestor,1
train,7b6ecb9ad4829e4e73600a3329baeb3b5df8d23f::Nat.instLawfulIdentityHMulOfNat,7b6ecb9ad4829e4e73600a3329baeb3b5df8d23f::Std.RightIdentity,instance_ancestor,1
train,7b6ecb9ad4829e4e73600a3329baeb3b5df8d23f::Std.Format.instCoeString,7b6ecb9ad4829e4e73600a3329baeb3b5df8d23f::Coe,instance_ancestor,1
train,7b6ecb9ad4829e4e73600a3329baeb3b5df8d23f::StateT.instMonadFunctorOfMonad,7b6ecb9ad4829e4e73600a3329baeb3b5df8d23f::MonadFunctor,instance_ancestor,1
train,7b6ecb9ad4829e4e73600a3329baeb3b5df8d23f::instSubsingletonProd,7b6ecb9ad4829e4e73600a3329baeb3b5df8d23f::Subsingleton,instance_ancestor,1
train,7b6ecb9ad4829e4e73600a3329baeb3b5df8d23f::instReprSubarray,7b6ecb9ad4829e4e73600a3329baeb3b5df8d23f::Repr,instance_ancestor,1
train,7b6ecb9ad4829e4e73600a3329baeb3b5df8d23f::IO.FS.instLTSystemTime,7b6ecb9ad4829e4e73600a3329baeb3b5df8d23f::LT,instance_ancestor,1
train,7b6ecb9ad4829e4e73600a3329baeb3b5df8d23f::Lean.Meta.Simp.instBEqConfig,7b6ecb9ad4829e4e73600a3329baeb3b5df8d23f::BEq,instance_ancestor,1
train,7b6ecb9ad4829e4e73600a3329baeb3b5df8d23f::instOrdChar,7b6ecb9ad4829e4e73600a3329baeb3b5df8d23f::Ord,instance_ancestor,1
train,7b6ecb9ad4829e4e73600a3329baeb3b5df8d23f::instMonadEST,7b6ecb9ad4829e4e73600a3329baeb3b5df8d23f::Bind,instance_ancestor,1
train,7b6ecb9ad4829e4e73600a3329baeb3b5df8d23f::instHAddPosString,7b6ecb9ad4829e4e73600a3329baeb3b5df8d23f::HAdd,instance_ancestor,1
train,7b6ecb9ad4829e4e73600a3329baeb3b5df8d23f::IO.instNonemptyPromise,7b6ecb9ad4829e4e73600a3329baeb3b5df8d23f::Nonempty,instance_ancestor,1
train,7b6ecb9ad4829e4e73600a3329baeb3b5df8d23f::OptionT.instMonadExceptOfOfMonad,7b6ecb9ad4829e4e73600a3329baeb3b5df8d23f::MonadExceptOf,instance_ancestor,1
train,7b6ecb9ad4829e4e73600a3329baeb3b5df8d23f::instInhabitedEIO,7b6ecb9ad4829e4e73600a3329baeb3b5df8d23f::Inhabited,instance_ancestor,1
train,7b6ecb9ad4829e4e73600a3329baeb3b5df8d23f::Int.instLawfulIdentityHMulOfNat,7b6ecb9ad4829e4e73600a3329baeb3b5df8d23f::Std.Identity,instance_ancestor,1
train,7b6ecb9ad4829e4e73600a3329baeb3b5df8d23f::instMonadExceptOfUnitOption,7b6ecb9ad4829e4e73600a3329baeb3b5df8d23f::MonadExceptOf,instance_ancestor,1
train,7b6ecb9ad4829e4e73600a3329baeb3b5df8d23f::ReaderT.instLawfulMonad,7b6ecb9ad4829e4e73600a3329baeb3b5df8d23f::LawfulMonad,instance_ancestor,1
train,7b6ecb9ad4829e4e73600a3329baeb3b5df8d23f::instLENat,7b6ecb9ad4829e4e73600a3329baeb3b5df8d23f::LE,instance_ancestor,1
train,7b6ecb9ad4829e4e73600a3329baeb3b5df8d23f::LawfulApplicative,7b6ecb9ad4829e4e73600a3329baeb3b5df8d23f::LawfulFunctor,extends_ancestor,1
train,7b6ecb9ad4829e4e73600a3329baeb3b5df8d23f::instToFormatProd,7b6ecb9ad4829e4e73600a3329baeb3b5df8d23f::Std.ToFormat,instance_ancestor,1
train,7b6ecb9ad4829e4e73600a3329baeb3b5df8d23f::Lean.Omega.IntList.instMul,7b6ecb9ad4829e4e73600a3329baeb3b5df8d23f::Mul,instance_ancestor,1
train,7b6ecb9ad4829e4e73600a3329baeb3b5df8d23f::Lean.Syntax.instCoeOutTSepArrayTSyntaxArray,7b6ecb9ad4829e4e73600a3329baeb3b5df8d23f::CoeOut,instance_ancestor,1
train,7b6ecb9ad4829e4e73600a3329baeb3b5df8d23f::StateCpsT.instLawfulMonad,7b6ecb9ad4829e4e73600a3329baeb3b5df8d23f::LawfulFunctor,instance_ancestor,1
train,7b6ecb9ad4829e4e73600a3329baeb3b5df8d23f::Option.instBEq,7b6ecb9ad4829e4e73600a3329baeb3b5df8d23f::BEq,instance_ancestor,1
train,7b6ecb9ad4829e4e73600a3329baeb3b5df8d23f::instSubNat,7b6ecb9ad4829e4e73600a3329baeb3b5df8d23f::Sub,instance_ancestor,1
train,7b6ecb9ad4829e4e73600a3329baeb3b5df8d23f::Std.instToFormatFormat,7b6ecb9ad4829e4e73600a3329baeb3b5df8d23f::Std.ToFormat,instance_ancestor,1
train,7b6ecb9ad4829e4e73600a3329baeb3b5df8d23f::IO.Error.instToString,7b6ecb9ad4829e4e73600a3329baeb3b5df8d23f::ToString,instance_ancestor,1
train,7b6ecb9ad4829e4e73600a3329baeb3b5df8d23f::instHAndThenOfAndThen,7b6ecb9ad4829e4e73600a3329baeb3b5df8d23f::HAndThen,instance_ancestor,1
train,7b6ecb9ad4829e4e73600a3329baeb3b5df8d23f::List.instDecidableMemOfLawfulBEq,7b6ecb9ad4829e4e73600a3329baeb3b5df8d23f::Decidable,instance_ancestor,1
train,7b6ecb9ad4829e4e73600a3329baeb3b5df8d23f::Monad,7b6ecb9ad4829e4e73600a3329baeb3b5df8d23f::Applicative,extends_ancestor,1
train,7b6ecb9ad4829e4e73600a3329baeb3b5df8d23f::instToFormatList,7b6ecb9ad4829e4e73600a3329baeb3b5df8d23f::Std.ToFormat,instance_ancestor,1
train,7b6ecb9ad4829e4e73600a3329baeb3b5df8d23f::instLawfulIdentityAndTrue,7b6ecb9ad4829e4e73600a3329baeb3b5df8d23f::Std.LawfulIdentity,instance_ancestor,1
train,7b6ecb9ad4829e4e73600a3329baeb3b5df8d23f::instReprUInt8,7b6ecb9ad4829e4e73600a3329baeb3b5df8d23f::Repr,instance_ancestor,1
train,7b6ecb9ad4829e4e73600a3329baeb3b5df8d23f::Lean.instHashableName,7b6ecb9ad4829e4e73600a3329baeb3b5df8d23f::Hashable,instance_ancestor,1
train,7b6ecb9ad4829e4e73600a3329baeb3b5df8d23f::Subarray.instGetElemNatLtSize,7b6ecb9ad4829e4e73600a3329baeb3b5df8d23f::GetElem,instance_ancestor,1
train,7b6ecb9ad4829e4e73600a3329baeb3b5df8d23f::Monad,7b6ecb9ad4829e4e73600a3329baeb3b5df8d23f::SeqLeft,extends_ancestor,1
train,7b6ecb9ad4829e4e73600a3329baeb3b5df8d23f::Int.instAssociativeHAdd,7b6ecb9ad4829e4e73600a3329baeb3b5df8d23f::Std.Associative,instance_ancestor,1
train,7b6ecb9ad4829e4e73600a3329baeb3b5df8d23f::instHAndOfAndOp,7b6ecb9ad4829e4e73600a3329baeb3b5df8d23f::HAnd,instance_ancestor,1
train,7b6ecb9ad4829e4e73600a3329baeb3b5df8d23f::Lean.Name.instDecidableEq,7b6ecb9ad4829e4e73600a3329baeb3b5df8d23f::Decidable,instance_ancestor,1
train,7b6ecb9ad4829e4e73600a3329baeb3b5df8d23f::BitVec.instCommutativeHAdd,7b6ecb9ad4829e4e73600a3329baeb3b5df8d23f::Std.Commutative,instance_ancestor,1
train,7b6ecb9ad4829e4e73600a3329baeb3b5df8d23f::Lean.Macro.instMonadQuotationMacroM,7b6ecb9ad4829e4e73600a3329baeb3b5df8d23f::Lean.MonadRef,instance_ancestor,1
train,7b6ecb9ad4829e4e73600a3329baeb3b5df8d23f::StateT.instMonad,7b6ecb9ad4829e4e73600a3329baeb3b5df8d23f::Bind,instance_ancestor,1
train,7b6ecb9ad4829e4e73600a3329baeb3b5df8d23f::instMonadBaseIO,7b6ecb9ad4829e4e73600a3329baeb3b5df8d23f::Pure,instance_ancestor,1
train,7b6ecb9ad4829e4e73600a3329baeb3b5df8d23f::instNonemptyDynamic,7b6ecb9ad4829e4e73600a3329baeb3b5df8d23f::Nonempty,instance_ancestor,1
train,7b6ecb9ad4829e4e73600a3329baeb3b5df8d23f::IO.instLTTaskState,7b6ecb9ad4829e4e73600a3329baeb3b5df8d23f::LT,instance_ancestor,1
train,7b6ecb9ad4829e4e73600a3329baeb3b5df8d23f::instReprTupleProdOfRepr,7b6ecb9ad4829e4e73600a3329baeb3b5df8d23f::ReprTuple,instance_ancestor,1
train,7b6ecb9ad4829e4e73600a3329baeb3b5df8d23f::Std.Format.instMonadPrettyFormatStateMState,7b6ecb9ad4829e4e73600a3329baeb3b5df8d23f::Std.Format.MonadPrettyFormat,instance_ancestor,1
train,7b6ecb9ad4829e4e73600a3329baeb3b5df8d23f::List.instLT,7b6ecb9ad4829e4e73600a3329baeb3b5df8d23f::LT,instance_ancestor,1
train,7b6ecb9ad4829e4e73600a3329baeb3b5df8d23f::instAddUInt64,7b6ecb9ad4829e4e73600a3329baeb3b5df8d23f::Add,instance_ancestor,1
train,7b6ecb9ad4829e4e73600a3329baeb3b5df8d23f::instHSub,7b6ecb9ad4829e4e73600a3329baeb3b5df8d23f::HSub,instance_ancestor,1
train,7b6ecb9ad4829e4e73600a3329baeb3b5df8d23f::instBEqNat,7b6ecb9ad4829e4e73600a3329baeb3b5df8d23f::BEq,instance_ancestor,1
train,7b6ecb9ad4829e4e73600a3329baeb3b5df8d23f::Option.instDecidableForallForallMemOfDecidablePred,7b6ecb9ad4829e4e73600a3329baeb3b5df8d23f::Decidable,instance_ancestor,1
train,7b6ecb9ad4829e4e73600a3329baeb3b5df8d23f::Lean.Meta.instBEqOccurrences,7b6ecb9ad4829e4e73600a3329baeb3b5df8d23f::BEq,instance_ancestor,1
train,7b6ecb9ad4829e4e73600a3329baeb3b5df8d23f::Option.instForIn'InferInstanceMembership,7b6ecb9ad4829e4e73600a3329baeb3b5df8d23f::ForIn',instance_ancestor,1
train,7b6ecb9ad4829e4e73600a3329baeb3b5df8d23f::ShareCommonT.monadShareCommon,7b6ecb9ad4829e4e73600a3329baeb3b5df8d23f::MonadShareCommon,instance_ancestor,1
train,7b6ecb9ad4829e4e73600a3329baeb3b5df8d23f::Fin.instMul,7b6ecb9ad4829e4e73600a3329baeb3b5df8d23f::Mul,instance_ancestor,1
train,7b6ecb9ad4829e4e73600a3329baeb3b5df8d23f::instSizeOfNat,7b6ecb9ad4829e4e73600a3329baeb3b5df8d23f::SizeOf,instance_ancestor,1
train,7b6ecb9ad4829e4e73600a3329baeb3b5df8d23f::instDecidableLtUInt32,7b6ecb9ad4829e4e73600a3329baeb3b5df8d23f::Decidable,instance_ancestor,1
train,7b6ecb9ad4829e4e73600a3329baeb3b5df8d23f::Nat.Linear.instInhabitedExpr,7b6ecb9ad4829e4e73600a3329baeb3b5df8d23f::Inhabited,instance_ancestor,1
train,7b6ecb9ad4829e4e73600a3329baeb3b5df8d23f::instShiftLeftUInt8,7b6ecb9ad4829e4e73600a3329baeb3b5df8d23f::ShiftLeft,instance_ancestor,1
train,7b6ecb9ad4829e4e73600a3329baeb3b5df8d23f::Lean.Meta.instReprConfig_1,7b6ecb9ad4829e4e73600a3329baeb3b5df8d23f::Repr,instance_ancestor,1
train,7b6ecb9ad4829e4e73600a3329baeb3b5df8d23f::List.instDecidableLeOfDecidableRelLt,7b6ecb9ad4829e4e73600a3329baeb3b5df8d23f::Decidable,instance_ancestor,1
train,7b6ecb9ad4829e4e73600a3329baeb3b5df8d23f::EStateM.instMonad,7b6ecb9ad4829e4e73600a3329baeb3b5df8d23f::Pure,instance_ancestor,1
train,7b6ecb9ad4829e4e73600a3329baeb3b5df8d23f::Nat.instLawfulIdentityGcdOfNat,7b6ecb9ad4829e4e73600a3329baeb3b5df8d23f::Std.LawfulIdentity,instance_ancestor,1
train,7b6ecb9ad4829e4e73600a3329baeb3b5df8d23f::instInhabitedNonemptyType,7b6ecb9ad4829e4e73600a3329baeb3b5df8d23f::Inhabited,instance_ancestor,1
train,7b6ecb9ad4829e4e73600a3329baeb3b5df8d23f::instSubsingletonSquash,7b6ecb9ad4829e4e73600a3329baeb3b5df8d23f::Subsingleton,instance_ancestor,1
train,7b6ecb9ad4829e4e73600a3329baeb3b5df8d23f::String.instInhabited,7b6ecb9ad4829e4e73600a3329baeb3b5df8d23f::Inhabited,instance_ancestor,1
train,7b6ecb9ad4829e4e73600a3329baeb3b5df8d23f::instReprAtomUSize,7b6ecb9ad4829e4e73600a3329baeb3b5df8d23f::ReprAtom,instance_ancestor,1
train,7b6ecb9ad4829e4e73600a3329baeb3b5df8d23f::instLawfulApplicativeExcept,7b6ecb9ad4829e4e73600a3329baeb3b5df8d23f::LawfulApplicative,instance_ancestor,1
train,7b6ecb9ad4829e4e73600a3329baeb3b5df8d23f::Except.instMonad,7b6ecb9ad4829e4e73600a3329baeb3b5df8d23f::Functor,instance_ancestor,1
train,7b6ecb9ad4829e4e73600a3329baeb3b5df8d23f::Nat.instMod,7b6ecb9ad4829e4e73600a3329baeb3b5df8d23f::Mod,instance_ancestor,1
train,7b6ecb9ad4829e4e73600a3329baeb3b5df8d23f::ExceptT.instMonad,7b6ecb9ad4829e4e73600a3329baeb3b5df8d23f::Pure,instance_ancestor,1
train,7b6ecb9ad4829e4e73600a3329baeb3b5df8d23f::monadFunctorRefl,7b6ecb9ad4829e4e73600a3329baeb3b5df8d23f::MonadFunctorT,instance_ancestor,1
train,7b6ecb9ad4829e4e73600a3329baeb3b5df8d23f::ExceptCpsT.instMonad,7b6ecb9ad4829e4e73600a3329baeb3b5df8d23f::Monad,instance_ancestor,1
train,7b6ecb9ad4829e4e73600a3329baeb3b5df8d23f::instLEUInt32,7b6ecb9ad4829e4e73600a3329baeb3b5df8d23f::LE,instance_ancestor,1
train,7b6ecb9ad4829e4e73600a3329baeb3b5df8d23f::instMonadEST,7b6ecb9ad4829e4e73600a3329baeb3b5df8d23f::Monad,instance_ancestor,1
train,7b6ecb9ad4829e4e73600a3329baeb3b5df8d23f::FloatArray.instLawfulGetElemUSizeFloatLtNatValValSize,7b6ecb9ad4829e4e73600a3329baeb3b5df8d23f::LawfulGetElem,instance_ancestor,1
train,7b6ecb9ad4829e4e73600a3329baeb3b5df8d23f::ReaderT.instApplicativeOfMonad,7b6ecb9ad4829e4e73600a3329baeb3b5df8d23f::SeqLeft,instance_ancestor,1
train,7b6ecb9ad4829e4e73600a3329baeb3b5df8d23f::BitVec.instSub,7b6ecb9ad4829e4e73600a3329baeb3b5df8d23f::Sub,instance_ancestor,1
train,7b6ecb9ad4829e4e73600a3329baeb3b5df8d23f::instPowOfHomogeneousPow,7b6ecb9ad4829e4e73600a3329baeb3b5df8d23f::Pow,instance_ancestor,1
train,7b6ecb9ad4829e4e73600a3329baeb3b5df8d23f::Lean.instInhabitedName,7b6ecb9ad4829e4e73600a3329baeb3b5df8d23f::Inhabited,instance_ancestor,1
train,7b6ecb9ad4829e4e73600a3329baeb3b5df8d23f::instInhabitedPSum,7b6ecb9ad4829e4e73600a3329baeb3b5df8d23f::Inhabited,instance_ancestor,1
train,7b6ecb9ad4829e4e73600a3329baeb3b5df8d23f::List.instMembership,7b6ecb9ad4829e4e73600a3329baeb3b5df8d23f::Membership,instance_ancestor,1
train,7b6ecb9ad4829e4e73600a3329baeb3b5df8d23f::instReprAtomUInt32,7b6ecb9ad4829e4e73600a3329baeb3b5df8d23f::ReprAtom,instance_ancestor,1
train,7b6ecb9ad4829e4e73600a3329baeb3b5df8d23f::instSTWorldOfMonadLift,7b6ecb9ad4829e4e73600a3329baeb3b5df8d23f::STWorld,instance_ancestor,1
train,7b6ecb9ad4829e4e73600a3329baeb3b5df8d23f::instMulUInt64,7b6ecb9ad4829e4e73600a3329baeb3b5df8d23f::Mul,instance_ancestor,1
train,7b6ecb9ad4829e4e73600a3329baeb3b5df8d23f::instReprBool,7b6ecb9ad4829e4e73600a3329baeb3b5df8d23f::Repr,instance_ancestor,1
train,7b6ecb9ad4829e4e73600a3329baeb3b5df8d23f::instHashableOption,7b6ecb9ad4829e4e73600a3329baeb3b5df8d23f::Hashable,instance_ancestor,1
train,7b6ecb9ad4829e4e73600a3329baeb3b5df8d23f::Alternative,7b6ecb9ad4829e4e73600a3329baeb3b5df8d23f::Seq,extends_ancestor,1
train,7b6ecb9ad4829e4e73600a3329baeb3b5df8d23f::Bool.instLE,7b6ecb9ad4829e4e73600a3329baeb3b5df8d23f::LE,instance_ancestor,1
train,7b6ecb9ad4829e4e73600a3329baeb3b5df8d23f::ExceptCpsT.instLawfulMonad,7b6ecb9ad4829e4e73600a3329baeb3b5df8d23f::LawfulApplicative,instance_ancestor,1
train,7b6ecb9ad4829e4e73600a3329baeb3b5df8d23f::Lean.instMonadRefOfMonadLiftOfMonadFunctor,7b6ecb9ad4829e4e73600a3329baeb3b5df8d23f::Lean.MonadRef,instance_ancestor,1
train,7b6ecb9ad4829e4e73600a3329baeb3b5df8d23f::Nat.instTransLeLt,7b6ecb9ad4829e4e73600a3329baeb3b5df8d23f::Trans,instance_ancestor,1
train,7b6ecb9ad4829e4e73600a3329baeb3b5df8d23f::instIntCastInt,7b6ecb9ad4829e4e73600a3329baeb3b5df8d23f::IntCast,instance_ancestor,1
train,7b6ecb9ad4829e4e73600a3329baeb3b5df8d23f::instMaxFloat,7b6ecb9ad4829e4e73600a3329baeb3b5df8d23f::Max,instance_ancestor,1
train,7b6ecb9ad4829e4e73600a3329baeb3b5df8d23f::Nat.decidableBallLT,7b6ecb9ad4829e4e73600a3329baeb3b5df8d23f::Decidable,instance_ancestor,1
train,7b6ecb9ad4829e4e73600a3329baeb3b5df8d23f::Lean.Syntax.instReprTSyntax,7b6ecb9ad4829e4e73600a3329baeb3b5df8d23f::Repr,instance_ancestor,1
train,7b6ecb9ad4829e4e73600a3329baeb3b5df8d23f::System.instDecidableEqFilePath,7b6ecb9ad4829e4e73600a3329baeb3b5df8d23f::Decidable,instance_ancestor,1
train,7b6ecb9ad4829e4e73600a3329baeb3b5df8d23f::Lean.Syntax.instCoeTSyntaxArrayOfTSyntax,7b6ecb9ad4829e4e73600a3329baeb3b5df8d23f::Coe,instance_ancestor,1
train,7b6ecb9ad4829e4e73600a3329baeb3b5df8d23f::instDecidableLeUInt64,7b6ecb9ad4829e4e73600a3329baeb3b5df8d23f::Decidable,instance_ancestor,1
train,7b6ecb9ad4829e4e73600a3329baeb3b5df8d23f::EStateM.instMonad,7b6ecb9ad4829e4e73600a3329baeb3b5df8d23f::Monad,instance_ancestor,1
train,7b6ecb9ad4829e4e73600a3329baeb3b5df8d23f::Lean.Option.hasQuote,7b6ecb9ad4829e4e73600a3329baeb3b5df8d23f::Lean.Quote,instance_ancestor,1
train,7b6ecb9ad4829e4e73600a3329baeb3b5df8d23f::Lean.MonadQuotation,7b6ecb9ad4829e4e73600a3329baeb3b5df8d23f::Lean.MonadRef,extends_ancestor,1
train,7b6ecb9ad4829e4e73600a3329baeb3b5df8d23f::instToStringSubarray,7b6ecb9ad4829e4e73600a3329baeb3b5df8d23f::ToString,instance_ancestor,1
train,7b6ecb9ad4829e4e73600a3329baeb3b5df8d23f::StateRefT'.instAlternativeOfMonad,7b6ecb9ad4829e4e73600a3329baeb3b5df8d23f::SeqLeft,instance_ancestor,1
train,7b6ecb9ad4829e4e73600a3329baeb3b5df8d23f::instMonadEST,7b6ecb9ad4829e4e73600a3329baeb3b5df8d23f::SeqRight,instance_ancestor,1
train,7b6ecb9ad4829e4e73600a3329baeb3b5df8d23f::ExceptCpsT.instMonad,7b6ecb9ad4829e4e73600a3329baeb3b5df8d23f::SeqLeft,instance_ancestor,1
train,7b6ecb9ad4829e4e73600a3329baeb3b5df8d23f::instDecidableAnd,7b6ecb9ad4829e4e73600a3329baeb3b5df8d23f::Decidable,instance_ancestor,1
train,7b6ecb9ad4829e4e73600a3329baeb3b5df8d23f::Char.instDecidableLt,7b6ecb9ad4829e4e73600a3329baeb3b5df8d23f::Decidable,instance_ancestor,1
train,7b6ecb9ad4829e4e73600a3329baeb3b5df8d23f::Lean.Syntax.instCoeOutSepArrayArray,7b6ecb9ad4829e4e73600a3329baeb3b5df8d23f::CoeOut,instance_ancestor,1
train,7b6ecb9ad4829e4e73600a3329baeb3b5df8d23f::instDecidableEqPUnit,7b6ecb9ad4829e4e73600a3329baeb3b5df8d23f::Decidable,instance_ancestor,1
train,7b6ecb9ad4829e4e73600a3329baeb3b5df8d23f::instMonadEST,7b6ecb9ad4829e4e73600a3329baeb3b5df8d23f::Seq,instance_ancestor,1
train,7b6ecb9ad4829e4e73600a3329baeb3b5df8d23f::Sum.instDecidableEq,7b6ecb9ad4829e4e73600a3329baeb3b5df8d23f::Decidable,instance_ancestor,1
train,7b6ecb9ad4829e4e73600a3329baeb3b5df8d23f::Lean.TSyntax.instCoeDepTermMkIdentIdent,7b6ecb9ad4829e4e73600a3329baeb3b5df8d23f::CoeDep,instance_ancestor,1
train,7b6ecb9ad4829e4e73600a3329baeb3b5df8d23f::instNegFloat,7b6ecb9ad4829e4e73600a3329baeb3b5df8d23f::Neg,instance_ancestor,1
train,7b6ecb9ad4829e4e73600a3329baeb3b5df8d23f::Bool.instLawfulIdentityBeqTrue,7b6ecb9ad4829e4e73600a3329baeb3b5df8d23f::Std.LeftIdentity,instance_ancestor,1
train,7b6ecb9ad4829e4e73600a3329baeb3b5df8d23f::instMonadControlOptionTOfMonad,7b6ecb9ad4829e4e73600a3329baeb3b5df8d23f::MonadControl,instance_ancestor,1
train,7b6ecb9ad4829e4e73600a3329baeb3b5df8d23f::instReprAtomChar,7b6ecb9ad4829e4e73600a3329baeb3b5df8d23f::ReprAtom,instance_ancestor,1
train,7b6ecb9ad4829e4e73600a3329baeb3b5df8d23f::BitVec.instAdd,7b6ecb9ad4829e4e73600a3329baeb3b5df8d23f::Add,instance_ancestor,1
train,7b6ecb9ad4829e4e73600a3329baeb3b5df8d23f::instDecidableForall,7b6ecb9ad4829e4e73600a3329baeb3b5df8d23f::Decidable,instance_ancestor,1
train,7b6ecb9ad4829e4e73600a3329baeb3b5df8d23f::Except.instMonad,7b6ecb9ad4829e4e73600a3329baeb3b5df8d23f::Seq,instance_ancestor,1
train,7b6ecb9ad4829e4e73600a3329baeb3b5df8d23f::instMaxUInt64,7b6ecb9ad4829e4e73600a3329baeb3b5df8d23f::Max,instance_ancestor,1
train,7b6ecb9ad4829e4e73600a3329baeb3b5df8d23f::instReprInt,7b6ecb9ad4829e4e73600a3329baeb3b5df8d23f::Repr,instance_ancestor,1
train,7b6ecb9ad4829e4e73600a3329baeb3b5df8d23f::Fin.instLawfulIdentityHAddNatOfNatHMul,7b6ecb9ad4829e4e73600a3329baeb3b5df8d23f::Std.Identity,instance_ancestor,1
train,7b6ecb9ad4829e4e73600a3329baeb3b5df8d23f::Lean.Name.instToString,7b6ecb9ad4829e4e73600a3329baeb3b5df8d23f::ToString,instance_ancestor,1
train,7b6ecb9ad4829e4e73600a3329baeb3b5df8d23f::ExceptCpsT.instMonad,7b6ecb9ad4829e4e73600a3329baeb3b5df8d23f::SeqRight,instance_ancestor,1
train,7b6ecb9ad4829e4e73600a3329baeb3b5df8d23f::instOrOpUInt8,7b6ecb9ad4829e4e73600a3329baeb3b5df8d23f::OrOp,instance_ancestor,1
train,7b6ecb9ad4829e4e73600a3329baeb3b5df8d23f::instBEqProd,7b6ecb9ad4829e4e73600a3329baeb3b5df8d23f::BEq,instance_ancestor,1
train,7b6ecb9ad4829e4e73600a3329baeb3b5df8d23f::Lean.monadNameGeneratorLift,7b6ecb9ad4829e4e73600a3329baeb3b5df8d23f::Lean.MonadNameGenerator,instance_ancestor,1
train,7b6ecb9ad4829e4e73600a3329baeb3b5df8d23f::instIdempotentOpAnd,7b6ecb9ad4829e4e73600a3329baeb3b5df8d23f::Std.IdempotentOp,instance_ancestor,1
train,7b6ecb9ad4829e4e73600a3329baeb3b5df8d23f::instReprAtomUInt64,7b6ecb9ad4829e4e73600a3329baeb3b5df8d23f::ReprAtom,instance_ancestor,1
train,7b6ecb9ad4829e4e73600a3329baeb3b5df8d23f::instReprAtomUInt8,7b6ecb9ad4829e4e73600a3329baeb3b5df8d23f::ReprAtom,instance_ancestor,1
train,7b6ecb9ad4829e4e73600a3329baeb3b5df8d23f::instToStringFormat,7b6ecb9ad4829e4e73600a3329baeb3b5df8d23f::ToString,instance_ancestor,1
train,7b6ecb9ad4829e4e73600a3329baeb3b5df8d23f::Array.instEmptyCollection,7b6ecb9ad4829e4e73600a3329baeb3b5df8d23f::EmptyCollection,instance_ancestor,1
train,7b6ecb9ad4829e4e73600a3329baeb3b5df8d23f::StateT.instMonad,7b6ecb9ad4829e4e73600a3329baeb3b5df8d23f::Applicative,instance_ancestor,1
train,7b6ecb9ad4829e4e73600a3329baeb3b5df8d23f::instStreamSubstringChar,7b6ecb9ad4829e4e73600a3329baeb3b5df8d23f::Stream,instance_ancestor,1
train,7b6ecb9ad4829e4e73600a3329baeb3b5df8d23f::Alternative,7b6ecb9ad4829e4e73600a3329baeb3b5df8d23f::SeqRight,extends_ancestor,1
train,7b6ecb9ad4829e4e73600a3329baeb3b5df8d23f::instInhabitedSubstring,7b6ecb9ad4829e4e73600a3329baeb3b5df8d23f::Inhabited,instance_ancestor,1
train,7b6ecb9ad4829e4e73600a3329baeb3b5df8d23f::ByteArray.instInhabited,7b6ecb9ad4829e4e73600a3329baeb3b5df8d23f::Inhabited,instance_ancestor,1
train,7b6ecb9ad4829e4e73600a3329baeb3b5df8d23f::FloatArray.instLawfulGetElemNatFloatLtSize,7b6ecb9ad4829e4e73600a3329baeb3b5df8d23f::LawfulGetElem,instance_ancestor,1
train,7b6ecb9ad4829e4e73600a3329baeb3b5df8d23f::Std.LawfulCommIdentity,7b6ecb9ad4829e4e73600a3329baeb3b5df8d23f::Std.Identity,extends_ancestor,1
train,7b6ecb9ad4829e4e73600a3329baeb3b5df8d23f::BitVec.instNeg,7b6ecb9ad4829e4e73600a3329baeb3b5df8d23f::Neg,instance_ancestor,1
train,7b6ecb9ad4829e4e73600a3329baeb3b5df8d23f::instReprAtomString,7b6ecb9ad4829e4e73600a3329baeb3b5df8d23f::ReprAtom,instance_ancestor,1
train,7b6ecb9ad4829e4e73600a3329baeb3b5df8d23f::BitVec.instComplement,7b6ecb9ad4829e4e73600a3329baeb3b5df8d23f::Complement,instance_ancestor,1
train,7b6ecb9ad4829e4e73600a3329baeb3b5df8d23f::instSubUInt8,7b6ecb9ad4829e4e73600a3329baeb3b5df8d23f::Sub,instance_ancestor,1
train,7b6ecb9ad4829e4e73600a3329baeb3b5df8d23f::Nat.instAssociativeMin,7b6ecb9ad4829e4e73600a3329baeb3b5df8d23f::Std.Associative,instance_ancestor,1
train,7b6ecb9ad4829e4e73600a3329baeb3b5df8d23f::Lean.instQuoteBoolMkStr1,7b6ecb9ad4829e4e73600a3329baeb3b5df8d23f::Lean.Quote,instance_ancestor,1
train,7b6ecb9ad4829e4e73600a3329baeb3b5df8d23f::instModUInt64,7b6ecb9ad4829e4e73600a3329baeb3b5df8d23f::Mod,instance_ancestor,1
train,7b6ecb9ad4829e4e73600a3329baeb3b5df8d23f::instLTFin,7b6ecb9ad4829e4e73600a3329baeb3b5df8d23f::LT,instance_ancestor,1
train,7b6ecb9ad4829e4e73600a3329baeb3b5df8d23f::Int.instComplement,7b6ecb9ad4829e4e73600a3329baeb3b5df8d23f::Complement,instance_ancestor,1
train,7b6ecb9ad4829e4e73600a3329baeb3b5df8d23f::instLawfulMonadExcept,7b6ecb9ad4829e4e73600a3329baeb3b5df8d23f::LawfulMonad,instance_ancestor,1
train,7b6ecb9ad4829e4e73600a3329baeb3b5df8d23f::instToStreamList,7b6ecb9ad4829e4e73600a3329baeb3b5df8d23f::ToStream,instance_ancestor,1
train,7b6ecb9ad4829e4e73600a3329baeb3b5df8d23f::instOrOpUInt16,7b6ecb9ad4829e4e73600a3329baeb3b5df8d23f::OrOp,instance_ancestor,1
train,7b6ecb9ad4829e4e73600a3329baeb3b5df8d23f::instHashableArray,7b6ecb9ad4829e4e73600a3329baeb3b5df8d23f::Hashable,instance_ancestor,1
train,7b6ecb9ad4829e4e73600a3329baeb3b5df8d23f::instAndOpUInt16,7b6ecb9ad4829e4e73600a3329baeb3b5df8d23f::AndOp,instance_ancestor,1
train,7b6ecb9ad4829e4e73600a3329baeb3b5df8d23f::instOfNat,7b6ecb9ad4829e4e73600a3329baeb3b5df8d23f::OfNat,instance_ancestor,1
train,7b6ecb9ad4829e4e73600a3329baeb3b5df8d23f::instRandomGenStdGen,7b6ecb9ad4829e4e73600a3329baeb3b5df8d23f::RandomGen,instance_ancestor,1
train,7b6ecb9ad4829e4e73600a3329baeb3b5df8d23f::instShiftRightUInt32,7b6ecb9ad4829e4e73600a3329baeb3b5df8d23f::ShiftRight,instance_ancestor,1
train,7b6ecb9ad4829e4e73600a3329baeb3b5df8d23f::instMonadST,7b6ecb9ad4829e4e73600a3329baeb3b5df8d23f::Bind,instance_ancestor,1
train,7b6ecb9ad4829e4e73600a3329baeb3b5df8d23f::instInhabitedExcept,7b6ecb9ad4829e4e73600a3329baeb3b5df8d23f::Inhabited,instance_ancestor,1
train,7b6ecb9ad4829e4e73600a3329baeb3b5df8d23f::String.instSizeOfIterator,7b6ecb9ad4829e4e73600a3329baeb3b5df8d23f::SizeOf,instance_ancestor,1
train,7b6ecb9ad4829e4e73600a3329baeb3b5df8d23f::ReaderT.instApplicativeOfMonad,7b6ecb9ad4829e4e73600a3329baeb3b5df8d23f::SeqRight,instance_ancestor,1
train,7b6ecb9ad4829e4e73600a3329baeb3b5df8d23f::List.instAppend,7b6ecb9ad4829e4e73600a3329baeb3b5df8d23f::Append,instance_ancestor,1
train,7b6ecb9ad4829e4e73600a3329baeb3b5df8d23f::Nat.instTransLe,7b6ecb9ad4829e4e73600a3329baeb3b5df8d23f::Trans,instance_ancestor,1
train,7b6ecb9ad4829e4e73600a3329baeb3b5df8d23f::Fin.decLe,7b6ecb9ad4829e4e73600a3329baeb3b5df8d23f::Decidable,instance_ancestor,1
train,7b6ecb9ad4829e4e73600a3329baeb3b5df8d23f::IO.instDecidableEqTaskState,7b6ecb9ad4829e4e73600a3329baeb3b5df8d23f::Decidable,instance_ancestor,1
train,7b6ecb9ad4829e4e73600a3329baeb3b5df8d23f::Lean.Meta.Simp.ConfigCtx,7b6ecb9ad4829e4e73600a3329baeb3b5df8d23f::Lean.Meta.Simp.Config,extends_ancestor,1
train,7b6ecb9ad4829e4e73600a3329baeb3b5df8d23f::instBEqFloat,7b6ecb9ad4829e4e73600a3329baeb3b5df8d23f::BEq,instance_ancestor,1
train,7b6ecb9ad4829e4e73600a3329baeb3b5df8d23f::instInhabitedSort,7b6ecb9ad4829e4e73600a3329baeb3b5df8d23f::Inhabited,instance_ancestor,1
train,7b6ecb9ad4829e4e73600a3329baeb3b5df8d23f::Lean.Omega.instReprConstraint,7b6ecb9ad4829e4e73600a3329baeb3b5df8d23f::Repr,instance_ancestor,1
train,7b6ecb9ad4829e4e73600a3329baeb3b5df8d23f::Array.instHAppendList,7b6ecb9ad4829e4e73600a3329baeb3b5df8d23f::HAppend,instance_ancestor,1
train,7b6ecb9ad4829e4e73600a3329baeb3b5df8d23f::Lean.instInhabitedSyntax,7b6ecb9ad4829e4e73600a3329baeb3b5df8d23f::Inhabited,instance_ancestor,1
train,7b6ecb9ad4829e4e73600a3329baeb3b5df8d23f::StateT.instMonad,7b6ecb9ad4829e4e73600a3329baeb3b5df8d23f::Seq,instance_ancestor,1
train,7b6ecb9ad4829e4e73600a3329baeb3b5df8d23f::instReprSourceInfo,7b6ecb9ad4829e4e73600a3329baeb3b5df8d23f::Repr,instance_ancestor,1
train,7b6ecb9ad4829e4e73600a3329baeb3b5df8d23f::ReaderT.instLawfulMonad,7b6ecb9ad4829e4e73600a3329baeb3b5df8d23f::LawfulApplicative,instance_ancestor,1
train,7b6ecb9ad4829e4e73600a3329baeb3b5df8d23f::instLTUInt64,7b6ecb9ad4829e4e73600a3329baeb3b5df8d23f::LT,instance_ancestor,1
train,7b6ecb9ad4829e4e73600a3329baeb3b5df8d23f::Fin.instInhabitedHAddNatOfNat,7b6ecb9ad4829e4e73600a3329baeb3b5df8d23f::Inhabited,instance_ancestor,1
train,7b6ecb9ad4829e4e73600a3329baeb3b5df8d23f::Lean.Omega.LinearCombo.instToString,7b6ecb9ad4829e4e73600a3329baeb3b5df8d23f::ToString,instance_ancestor,1
train,7b6ecb9ad4829e4e73600a3329baeb3b5df8d23f::instInhabitedPProd,7b6ecb9ad4829e4e73600a3329baeb3b5df8d23f::Inhabited,instance_ancestor,1
train,7b6ecb9ad4829e4e73600a3329baeb3b5df8d23f::Fin.coeToNat,7b6ecb9ad4829e4e73600a3329baeb3b5df8d23f::CoeOut,instance_ancestor,1
train,7b6ecb9ad4829e4e73600a3329baeb3b5df8d23f::instLawfulFunctorOption,7b6ecb9ad4829e4e73600a3329baeb3b5df8d23f::LawfulFunctor,instance_ancestor,1
train,7b6ecb9ad4829e4e73600a3329baeb3b5df8d23f::Nat.instDiv,7b6ecb9ad4829e4e73600a3329baeb3b5df8d23f::Div,instance_ancestor,1
train,7b6ecb9ad4829e4e73600a3329baeb3b5df8d23f::instInhabitedPos,7b6ecb9ad4829e4e73600a3329baeb3b5df8d23f::Inhabited,instance_ancestor,1
train,7b6ecb9ad4829e4e73600a3329baeb3b5df8d23f::instReprSubtype,7b6ecb9ad4829e4e73600a3329baeb3b5df8d23f::Repr,instance_ancestor,1
train,7b6ecb9ad4829e4e73600a3329baeb3b5df8d23f::Nat.instLawfulIdentityGcdOfNat,7b6ecb9ad4829e4e73600a3329baeb3b5df8d23f::Std.Identity,instance_ancestor,1
train,7b6ecb9ad4829e4e73600a3329baeb3b5df8d23f::Monad,7b6ecb9ad4829e4e73600a3329baeb3b5df8d23f::Seq,extends_ancestor,1
train,7b6ecb9ad4829e4e73600a3329baeb3b5df8d23f::instHModUSizeNat,7b6ecb9ad4829e4e73600a3329baeb3b5df8d23f::HMod,instance_ancestor,1
train,7b6ecb9ad4829e4e73600a3329baeb3b5df8d23f::instLawfulIdentityAndTrue,7b6ecb9ad4829e4e73600a3329baeb3b5df8d23f::Std.Identity,instance_ancestor,1
train,7b6ecb9ad4829e4e73600a3329baeb3b5df8d23f::StateCpsT.instMonadStateOf,7b6ecb9ad4829e4e73600a3329baeb3b5df8d23f::MonadStateOf,instance_ancestor,1
train,7b6ecb9ad4829e4e73600a3329baeb3b5df8d23f::ExceptT.finally,7b6ecb9ad4829e4e73600a3329baeb3b5df8d23f::MonadFinally,instance_ancestor,1
train,7b6ecb9ad4829e4e73600a3329baeb3b5df8d23f::Option.instDecidableEq,7b6ecb9ad4829e4e73600a3329baeb3b5df8d23f::Decidable,instance_ancestor,1
train,7b6ecb9ad4829e4e73600a3329baeb3b5df8d23f::Substring.hasBeq,7b6ecb9ad4829e4e73600a3329baeb3b5df8d23f::BEq,instance_ancestor,1
train,7b6ecb9ad4829e4e73600a3329baeb3b5df8d23f::ReaderT.instApplicativeOfMonad,7b6ecb9ad4829e4e73600a3329baeb3b5df8d23f::Applicative,instance_ancestor,1
train,7b6ecb9ad4829e4e73600a3329baeb3b5df8d23f::instDecidableRelLe,7b6ecb9ad4829e4e73600a3329baeb3b5df8d23f::Decidable,instance_ancestor,1
train,7b6ecb9ad4829e4e73600a3329baeb3b5df8d23f::Alternative,7b6ecb9ad4829e4e73600a3329baeb3b5df8d23f::ToBool,extends_ancestor,0
train,7b6ecb9ad4829e4e73600a3329baeb3b5df8d23f::Except.instMonad,7b6ecb9ad4829e4e73600a3329baeb3b5df8d23f::Lean.Widget.InteractiveGoal,instance_ancestor,0
train,7b6ecb9ad4829e4e73600a3329baeb3b5df8d23f::Fin.instLawfulIdentityHAddNatOfNatHMul,7b6ecb9ad4829e4e73600a3329baeb3b5df8d23f::Lean.Elab.Attribute,instance_ancestor,0
train,7b6ecb9ad4829e4e73600a3329baeb3b5df8d23f::instMonadStateOfStateTOfMonad,7b6ecb9ad4829e4e73600a3329baeb3b5df8d23f::Lean.Meta.IndPredBelow.Variables,instance_ancestor,0
train,7b6ecb9ad4829e4e73600a3329baeb3b5df8d23f::Array.instToString,7b6ecb9ad4829e4e73600a3329baeb3b5df8d23f::Std.Format.State,instance_ancestor,0
train,7b6ecb9ad4829e4e73600a3329baeb3b5df8d23f::instHShiftLeftOfShiftLeft,7b6ecb9ad4829e4e73600a3329baeb3b5df8d23f::HXor,instance_ancestor,0
train,7b6ecb9ad4829e4e73600a3329baeb3b5df8d23f::instOrdUInt16,7b6ecb9ad4829e4e73600a3329baeb3b5df8d23f::Lean.Meta.SynthInstance.SubgoalsResult,instance_ancestor,0
train,7b6ecb9ad4829e4e73600a3329baeb3b5df8d23f::instNonemptyForall_1,7b6ecb9ad4829e4e73600a3329baeb3b5df8d23f::MonadExceptOf,instance_ancestor,0
train,7b6ecb9ad4829e4e73600a3329baeb3b5df8d23f::instHAdd,7b6ecb9ad4829e4e73600a3329baeb3b5df8d23f::MonadStateOf,instance_ancestor,0
train,7b6ecb9ad4829e4e73600a3329baeb3b5df8d23f::instHasEquivOfSetoid,7b6ecb9ad4829e4e73600a3329baeb3b5df8d23f::PSigma,instance_ancestor,0
train,7b6ecb9ad4829e4e73600a3329baeb3b5df8d23f::instMonadOption,7b6ecb9ad4829e4e73600a3329baeb3b5df8d23f::Lean.Elab.Term.MkInstResult,instance_ancestor,0
train,7b6ecb9ad4829e4e73600a3329baeb3b5df8d23f::Lean.Macro.instInhabitedMethodsRef,7b6ecb9ad4829e4e73600a3329baeb3b5df8d23f::MonadExcept,instance_ancestor,0
train,7b6ecb9ad4829e4e73600a3329baeb3b5df8d23f::Std.Format.instCoeString,7b6ecb9ad4829e4e73600a3329baeb3b5df8d23f::Std.Format.MonadPrettyFormat,instance_ancestor,0
train,7b6ecb9ad4829e4e73600a3329baeb3b5df8d23f::ReaderT.instAlternativeOfMonad,7b6ecb9ad4829e4e73600a3329baeb3b5df8d23f::Lean.Meta.Closure.MkValueTypeClosureResult,instance_ancestor,0
train,7b6ecb9ad4829e4e73600a3329baeb3b5df8d23f::instDecidableEqUSize,7b6ecb9ad4829e4e73600a3329baeb3b5df8d23f::HPow,instance_ancestor,0
train,7b6ecb9ad4829e4e73600a3329baeb3b5df8d23f::instDecidableEqUInt32,7b6ecb9ad4829e4e73600a3329baeb3b5df8d23f::Pure,instance_ancestor,0
train,7b6ecb9ad4829e4e73600a3329baeb3b5df8d23f::StateCpsT.instMonad,7b6ecb9ad4829e4e73600a3329baeb3b5df8d23f::Lean.ProjectionFunctionInfo,instance_ancestor,0
train,7b6ecb9ad4829e4e73600a3329baeb3b5df8d23f::OptionT.instMonadExceptOfUnit,7b6ecb9ad4829e4e73600a3329baeb3b5df8d23f::Lean.Meta.Rewrites.RewriteResultConfig,instance_ancestor,0
train,7b6ecb9ad4829e4e73600a3329baeb3b5df8d23f::instDecidableLtUInt8,7b6ecb9ad4829e4e73600a3329baeb3b5df8d23f::Lean.Elab.Term.Do.ToTerm.Context,instance_ancestor,0
train,7b6ecb9ad4829e4e73600a3329baeb3b5df8d23f::instMaxFloat,7b6ecb9ad4829e4e73600a3329baeb3b5df8d23f::Float,instance_ancestor,0
train,7b6ecb9ad4829e4e73600a3329baeb3b5df8d23f::instMonadOption,7b6ecb9ad4829e4e73600a3329baeb3b5df8d23f::Lean.PrintImportsResult,instance_ancestor,0
train,7b6ecb9ad4829e4e73600a3329baeb3b5df8d23f::instAssociativeOr,7b6ecb9ad4829e4e73600a3329baeb3b5df8d23f::Lean.Lsp.DeleteFile,instance_ancestor,0
train,7b6ecb9ad4829e4e73600a3329baeb3b5df8d23f::ST.instNonemptyRef,7b6ecb9ad4829e4e73600a3329baeb3b5df8d23f::STWorld,instance_ancestor,0
train,7b6ecb9ad4829e4e73600a3329baeb3b5df8d23f::ExceptT.instMonad,7b6ecb9ad4829e4e73600a3329baeb3b5df8d23f::Lake.Toml.RBDict,instance_ancestor,0
train,7b6ecb9ad4829e4e73600a3329baeb3b5df8d23f::Id.instMonad,7b6ecb9ad4829e4e73600a3329baeb3b5df8d23f::Lean.Server.RefInfo,instance_ancestor,0
train,7b6ecb9ad4829e4e73600a3329baeb3b5df8d23f::IO.instForInSyncOfMonadLiftTBaseIO,7b6ecb9ad4829e4e73600a3329baeb3b5df8d23f::Lean.JsonNumber,instance_ancestor,0
train,7b6ecb9ad4829e4e73600a3329baeb3b5df8d23f::instToStringFloatArray,7b6ecb9ad4829e4e73600a3329baeb3b5df8d23f::Lake.WorkspaceConfig,instance_ancestor,0
train,7b6ecb9ad4829e4e73600a3329baeb3b5df8d23f::instReprInt,7b6ecb9ad4829e4e73600a3329baeb3b5df8d23f::ReprTuple,instance_ancestor,0
train,7b6ecb9ad4829e4e73600a3329baeb3b5df8d23f::Lean.instCoeOutTSyntaxSyntax,7b6ecb9ad4829e4e73600a3329baeb3b5df8d23f::Lean.MonadFileMap,instance_ancestor,0
train,7b6ecb9ad4829e4e73600a3329baeb3b5df8d23f::instLTUInt8,7b6ecb9ad4829e4e73600a3329baeb3b5df8d23f::Lean.Server.FileWorker.EditableDocument,instance_ancestor,0
train,7b6ecb9ad4829e4e73600a3329baeb3b5df8d23f::instMonadWithReaderOfOfMonadFunctor,7b6ecb9ad4829e4e73600a3329baeb3b5df8d23f::Lean.Macro.Methods,instance_ancestor,0
train,7b6ecb9ad4829e4e73600a3329baeb3b5df8d23f::Int.instMin,7b6ecb9ad4829e4e73600a3329baeb3b5df8d23f::Lake.BundledJob,instance_ancestor,0
train,7b6ecb9ad4829e4e73600a3329baeb3b5df8d23f::instCoeT,7b6ecb9ad4829e4e73600a3329baeb3b5df8d23f::CoeTail,instance_ancestor,0
train,7b6ecb9ad4829e4e73600a3329baeb3b5df8d23f::Option.instMembership,7b6ecb9ad4829e4e73600a3329baeb3b5df8d23f::UInt16,instance_ancestor,0
train,7b6ecb9ad4829e4e73600a3329baeb3b5df8d23f::Lean.Syntax.instCoeOutTSyntaxArrayArray,7b6ecb9ad4829e4e73600a3329baeb3b5df8d23f::Lean.Meta.Omega.OmegaConfig,instance_ancestor,0
train,7b6ecb9ad4829e4e73600a3329baeb3b5df8d23f::Int.instLawfulBEq,7b6ecb9ad4829e4e73600a3329baeb3b5df8d23f::Lean.Lsp.CodeAction,instance_ancestor,0
train,7b6ecb9ad4829e4e73600a3329baeb3b5df8d23f::Sum.inhabitedLeft,7b6ecb9ad4829e4e73600a3329baeb3b5df8d23f::EmptyCollection,instance_ancestor,0
train,7b6ecb9ad4829e4e73600a3329baeb3b5df8d23f::instMonadLiftTOfMonadLift,7b6ecb9ad4829e4e73600a3329baeb3b5df8d23f::Prod,instance_ancestor,0
train,7b6ecb9ad4829e4e73600a3329baeb3b5df8d23f::Fin.instDiv,7b6ecb9ad4829e4e73600a3329baeb3b5df8d23f::Lean.Language.Lean.SetupImportsResult,instance_ancestor,0
train,7b6ecb9ad4829e4e73600a3329baeb3b5df8d23f::Option.instForM,7b6ecb9ad4829e4e73600a3329baeb3b5df8d23f::Lean.Lsp.LineRange,instance_ancestor,0
train,7b6ecb9ad4829e4e73600a3329baeb3b5df8d23f::FloatArray.instLawfulGetElemUSizeFloatLtNatValValSize,7b6ecb9ad4829e4e73600a3329baeb3b5df8d23f::Lake.MonadError,instance_ancestor,0
train,7b6ecb9ad4829e4e73600a3329baeb3b5df8d23f::Fin.instXor,7b6ecb9ad4829e4e73600a3329baeb3b5df8d23f::Lean.Lsp.CallHierarchyIncomingCallsParams,instance_ancestor,0
train,7b6ecb9ad4829e4e73600a3329baeb3b5df8d23f::ExceptT.instMonad,7b6ecb9ad4829e4e73600a3329baeb3b5df8d23f::Lean.Meta.Simp.Simprocs,instance_ancestor,0
train,7b6ecb9ad4829e4e73600a3329baeb3b5df8d23f::Fin.instMul,7b6ecb9ad4829e4e73600a3329baeb3b5df8d23f::Lean.Parser.ParserAttributeHook,instance_ancestor,0
train,7b6ecb9ad4829e4e73600a3329baeb3b5df8d23f::Lean.Macro.instInhabitedMethods,7b6ecb9ad4829e4e73600a3329baeb3b5df8d23f::OrOp,instance_ancestor,0
train,7b6ecb9ad4829e4e73600a3329baeb3b5df8d23f::instToStringProd,7b6ecb9ad4829e4e73600a3329baeb3b5df8d23f::Lean.Lsp.RenameParams,instance_ancestor,0
train,7b6ecb9ad4829e4e73600a3329baeb3b5df8d23f::Int.instComplement,7b6ecb9ad4829e4e73600a3329baeb3b5df8d23f::Lean.Firefox.Thread,instance_ancestor,0
train,7b6ecb9ad4829e4e73600a3329baeb3b5df8d23f::ReaderT.instApplicativeOfMonad,7b6ecb9ad4829e4e73600a3329baeb3b5df8d23f::HSub,instance_ancestor,0
train,7b6ecb9ad4829e4e73600a3329baeb3b5df8d23f::StateT.instAlternative,7b6ecb9ad4829e4e73600a3329baeb3b5df8d23f::Lean.Lsp.CompletionList,instance_ancestor,0
train,7b6ecb9ad4829e4e73600a3329baeb3b5df8d23f::IO.instDecidableEqTaskState,7b6ecb9ad4829e4e73600a3329baeb3b5df8d23f::IO.CancelToken,instance_ancestor,0
train,7b6ecb9ad4829e4e73600a3329baeb3b5df8d23f::instOrOpUInt64,7b6ecb9ad4829e4e73600a3329baeb3b5df8d23f::ToBool,instance_ancestor,0
train,7b6ecb9ad4829e4e73600a3329baeb3b5df8d23f::Lean.Meta.instInhabitedOccurrences,7b6ecb9ad4829e4e73600a3329baeb3b5df8d23f::Lean.Meta.DSimp.Config,instance_ancestor,0
train,7b6ecb9ad4829e4e73600a3329baeb3b5df8d23f::instNonemptyForall,7b6ecb9ad4829e4e73600a3329baeb3b5df8d23f::MonadState,instance_ancestor,0
train,7b6ecb9ad4829e4e73600a3329baeb3b5df8d23f::Array.instDecidableEq,7b6ecb9ad4829e4e73600a3329baeb3b5df8d23f::Lean.Lsp.ClientInfo,instance_ancestor,0
train,7b6ecb9ad4829e4e73600a3329baeb3b5df8d23f::instToStringBool,7b6ecb9ad4829e4e73600a3329baeb3b5df8d23f::Std.RightIdentity,instance_ancestor,0
train,7b6ecb9ad4829e4e73600a3329baeb3b5df8d23f::instBEqOfDecidableEq,7b6ecb9ad4829e4e73600a3329baeb3b5df8d23f::Array,instance_ancestor,0
train,7b6ecb9ad4829e4e73600a3329baeb3b5df8d23f::Lean.instQuoteSubstringMkStr1,7b6ecb9ad4829e4e73600a3329baeb3b5df8d23f::Lean.Meta.Rewrite.Config,instance_ancestor,0
train,7b6ecb9ad4829e4e73600a3329baeb3b5df8d23f::instToBoolOption,7b6ecb9ad4829e4e73600a3329baeb3b5df8d23f::Prod,instance_ancestor,0
train,7b6ecb9ad4829e4e73600a3329baeb3b5df8d23f::Fin.instInhabitedHAddNatOfNat,7b6ecb9ad4829e4e73600a3329baeb3b5df8d23f::ToStream,instance_ancestor,0
train,7b6ecb9ad4829e4e73600a3329baeb3b5df8d23f::instCoeHTCTIntOfIntCast,7b6ecb9ad4829e4e73600a3329baeb3b5df8d23f::Lake.FamilyDef,instance_ancestor,0
train,7b6ecb9ad4829e4e73600a3329baeb3b5df8d23f::Int.instDiv,7b6ecb9ad4829e4e73600a3329baeb3b5df8d23f::Lean.Compiler.LCNF.MonadFVarSubst,instance_ancestor,0
train,7b6ecb9ad4829e4e73600a3329baeb3b5df8d23f::instMonadExceptOfMonadExceptOf,7b6ecb9ad4829e4e73600a3329baeb3b5df8d23f::Append,instance_ancestor,0
train,7b6ecb9ad4829e4e73600a3329baeb3b5df8d23f::ShareCommon.instNonemptyState,7b6ecb9ad4829e4e73600a3329baeb3b5df8d23f::MonadShareCommon,instance_ancestor,0
train,7b6ecb9ad4829e4e73600a3329baeb3b5df8d23f::Int.instAssociativeHAdd,7b6ecb9ad4829e4e73600a3329baeb3b5df8d23f::Lean.Import,instance_ancestor,0
train,7b6ecb9ad4829e4e73600a3329baeb3b5df8d23f::Array.instDecidableMemOfDecidableEq,7b6ecb9ad4829e4e73600a3329baeb3b5df8d23f::Union,instance_ancestor,0
train,7b6ecb9ad4829e4e73600a3329baeb3b5df8d23f::Int.instLawfulIdentityHMulOfNat,7b6ecb9ad4829e4e73600a3329baeb3b5df8d23f::LLVM.AttributeIndex,instance_ancestor,0
train,7b6ecb9ad4829e4e73600a3329baeb3b5df8d23f::StateRefT'.instMonadExceptOf,7b6ecb9ad4829e4e73600a3329baeb3b5df8d23f::Lean.Compiler.LCNF.Pass,instance_ancestor,0
train,7b6ecb9ad4829e4e73600a3329baeb3b5df8d23f::Nat.instTransLtLe,7b6ecb9ad4829e4e73600a3329baeb3b5df8d23f::Lean.Language.Lean.LeanProcessingContext,instance_ancestor,0
train,7b6ecb9ad4829e4e73600a3329baeb3b5df8d23f::Nat.Linear.instInhabitedExpr,7b6ecb9ad4829e4e73600a3329baeb3b5df8d23f::Nat.Linear.ExprCnstr,instance_ancestor,0
train,7b6ecb9ad4829e4e73600a3329baeb3b5df8d23f::Id.instMonad,7b6ecb9ad4829e4e73600a3329baeb3b5df8d23f::HMul,instance_ancestor,0
train,7b6ecb9ad4829e4e73600a3329baeb3b5df8d23f::forall_prop_decidable,7b6ecb9ad4829e4e73600a3329baeb3b5df8d23f::Inter,instance_ancestor,0
train,7b6ecb9ad4829e4e73600a3329baeb3b5df8d23f::StateT.instMonad,7b6ecb9ad4829e4e73600a3329baeb3b5df8d23f::Lean.Elab.Term.ElabElim.State,instance_ancestor,0
train,7b6ecb9ad4829e4e73600a3329baeb3b5df8d23f::instHashableArray,7b6ecb9ad4829e4e73600a3329baeb3b5df8d23f::Std.LawfulIdentity,instance_ancestor,0
train,7b6ecb9ad4829e4e73600a3329baeb3b5df8d23f::Alternative,7b6ecb9ad4829e4e73600a3329baeb3b5df8d23f::MonadControl,extends_ancestor,0
train,7b6ecb9ad4829e4e73600a3329baeb3b5df8d23f::instLawfulFunctorExcept,7b6ecb9ad4829e4e73600a3329baeb3b5df8d23f::Lean.Server.Watchdog.FileWorker,instance_ancestor,0
train,7b6ecb9ad4829e4e73600a3329baeb3b5df8d23f::IO.FS.instBEqSystemTime,7b6ecb9ad4829e4e73600a3329baeb3b5df8d23f::IO.Process.Output,instance_ancestor,0
train,7b6ecb9ad4829e4e73600a3329baeb3b5df8d23f::ExceptCpsT.instMonad,7b6ecb9ad4829e4e73600a3329baeb3b5df8d23f::LawfulBEq,instance_ancestor,0
train,7b6ecb9ad4829e4e73600a3329baeb3b5df8d23f::instMaxUInt16,7b6ecb9ad4829e4e73600a3329baeb3b5df8d23f::Lean.Server.FileWorker.LakeSetupFileOutput,instance_ancestor,0
train,7b6ecb9ad4829e4e73600a3329baeb3b5df8d23f::instInhabitedTrue,7b6ecb9ad4829e4e73600a3329baeb3b5df8d23f::Std.LawfulRightIdentity,instance_ancestor,0
train,7b6ecb9ad4829e4e73600a3329baeb3b5df8d23f::Id.instMonad,7b6ecb9ad4829e4e73600a3329baeb3b5df8d23f::Lean.Firefox.ResourceTable,instance_ancestor,0
train,7b6ecb9ad4829e4e73600a3329baeb3b5df8d23f::Lean.Omega.IntList.instMul,7b6ecb9ad4829e4e73600a3329baeb3b5df8d23f::Lean.Firefox.ProfileMeta,instance_ancestor,0
train,7b6ecb9ad4829e4e73600a3329baeb3b5df8d23f::Lean.Grind.instInhabitedConfig,7b6ecb9ad4829e4e73600a3329baeb3b5df8d23f::Coe,instance_ancestor,0
train,7b6ecb9ad4829e4e73600a3329baeb3b5df8d23f::instDecidableLtUInt64,7b6ecb9ad4829e4e73600a3329baeb3b5df8d23f::Lean.Lsp.MarkupContent,instance_ancestor,0
train,7b6ecb9ad4829e4e73600a3329baeb3b5df8d23f::System.instReprFilePath,7b6ecb9ad4829e4e73600a3329baeb3b5df8d23f::Lean.Meta.Match.Problem,instance_ancestor,0
train,7b6ecb9ad4829e4e73600a3329baeb3b5df8d23f::Int.instHShiftRightNat,7b6ecb9ad4829e4e73600a3329baeb3b5df8d23f::Lean.Elab.Command.InductiveView,instance_ancestor,0
train,7b6ecb9ad4829e4e73600a3329baeb3b5df8d23f::instDecidableDite,7b6ecb9ad4829e4e73600a3329baeb3b5df8d23f::Std.LawfulCommIdentity,instance_ancestor,0
train,7b6ecb9ad4829e4e73600a3329baeb3b5df8d23f::Array.instLawfulGetElemNatLtSize,7b6ecb9ad4829e4e73600a3329baeb3b5df8d23f::GetElem,instance_ancestor,0
train,7b6ecb9ad4829e4e73600a3329baeb3b5df8d23f::instOfScientificFloat,7b6ecb9ad4829e4e73600a3329baeb3b5df8d23f::USize,instance_ancestor,0
train,7b6ecb9ad4829e4e73600a3329baeb3b5df8d23f::Int.decLt,7b6ecb9ad4829e4e73600a3329baeb3b5df8d23f::Lean.IR.Borrow.BorrowInfState,instance_ancestor,0
train,7b6ecb9ad4829e4e73600a3329baeb3b5df8d23f::EStateM.instInhabitedResult,7b6ecb9ad4829e4e73600a3329baeb3b5df8d23f::And,instance_ancestor,0
train,7b6ecb9ad4829e4e73600a3329baeb3b5df8d23f::ExceptT.instMonad,7b6ecb9ad4829e4e73600a3329baeb3b5df8d23f::Lean.Elab.CommandContextInfo,instance_ancestor,0
train,7b6ecb9ad4829e4e73600a3329baeb3b5df8d23f::instMinUInt64,7b6ecb9ad4829e4e73600a3329baeb3b5df8d23f::Lean.PrettyPrinter.Delaborator.Context,instance_ancestor,0
train,7b6ecb9ad4829e4e73600a3329baeb3b5df8d23f::Int.instCommutativeHMul,7b6ecb9ad4829e4e73600a3329baeb3b5df8d23f::Lean.Server.LazyCodeAction,instance_ancestor,0
train,7b6ecb9ad4829e4e73600a3329baeb3b5df8d23f::instDivUSize,7b6ecb9ad4829e4e73600a3329baeb3b5df8d23f::TypeName,instance_ancestor,0
train,7b6ecb9ad4829e4e73600a3329baeb3b5df8d23f::instInhabitedOrdering,7b6ecb9ad4829e4e73600a3329baeb3b5df8d23f::LazyDiscrTree.InitEntry,instance_ancestor,0
train,7b6ecb9ad4829e4e73600a3329baeb3b5df8d23f::Lean.Meta.Simp.instBEqConfig,7b6ecb9ad4829e4e73600a3329baeb3b5df8d23f::Lean.Meta.Simp.Config,instance_ancestor,0
train,7b6ecb9ad4829e4e73600a3329baeb3b5df8d23f::instLawfulIdentityAndTrue,7b6ecb9ad4829e4e73600a3329baeb3b5df8d23f::Lake.Script,instance_ancestor,0
train,7b6ecb9ad4829e4e73600a3329baeb3b5df8d23f::Lean.Meta.instBEqEtaStructMode,7b6ecb9ad4829e4e73600a3329baeb3b5df8d23f::Lean.Meta.Simp.ConfigCtx,instance_ancestor,0
train,7b6ecb9ad4829e4e73600a3329baeb3b5df8d23f::Lean.instInhabitedNameGenerator,7b6ecb9ad4829e4e73600a3329baeb3b5df8d23f::Lean.Meta.Simp.Config,instance_ancestor,0
train,7b6ecb9ad4829e4e73600a3329baeb3b5df8d23f::Std.LawfulCommIdentity,7b6ecb9ad4829e4e73600a3329baeb3b5df8d23f::ForIn',extends_ancestor,0
train,7b6ecb9ad4829e4e73600a3329baeb3b5df8d23f::instReprAtomFloat,7b6ecb9ad4829e4e73600a3329baeb3b5df8d23f::FloatSpec,instance_ancestor,0
train,7b6ecb9ad4829e4e73600a3329baeb3b5df8d23f::instInhabitedNonemptyType,7b6ecb9ad4829e4e73600a3329baeb3b5df8d23f::And,instance_ancestor,0
train,7b6ecb9ad4829e4e73600a3329baeb3b5df8d23f::instBEqOrdering,7b6ecb9ad4829e4e73600a3329baeb3b5df8d23f::IO.FS.DirEntry,instance_ancestor,0
train,7b6ecb9ad4829e4e73600a3329baeb3b5df8d23f::instToStringULift,7b6ecb9ad4829e4e73600a3329baeb3b5df8d23f::Lean.Elab.Term.GeneralizeResult,instance_ancestor,0
train,7b6ecb9ad4829e4e73600a3329baeb3b5df8d23f::instMonadFinallyBaseIO,7b6ecb9ad4829e4e73600a3329baeb3b5df8d23f::IO.FileRight,instance_ancestor,0
train,7b6ecb9ad4829e4e73600a3329baeb3b5df8d23f::instHashableList,7b6ecb9ad4829e4e73600a3329baeb3b5df8d23f::Lean.Unhygienic.Context,instance_ancestor,0
train,7b6ecb9ad4829e4e73600a3329baeb3b5df8d23f::Sum.instDecidableEq,7b6ecb9ad4829e4e73600a3329baeb3b5df8d23f::LawfulMonad,instance_ancestor,0
train,7b6ecb9ad4829e4e73600a3329baeb3b5df8d23f::ExceptCpsT.instMonad,7b6ecb9ad4829e4e73600a3329baeb3b5df8d23f::Lean.Lsp.RenameParams,instance_ancestor,0
train,7b6ecb9ad4829e4e73600a3329baeb3b5df8d23f::instToFormatProd,7b6ecb9ad4829e4e73600a3329baeb3b5df8d23f::Lean.Meta.Linear.Assignment,instance_ancestor,0
train,7b6ecb9ad4829e4e73600a3329baeb3b5df8d23f::instReprAtomChar,7b6ecb9ad4829e4e73600a3329baeb3b5df8d23f::ReprTuple,instance_ancestor,0
train,7b6ecb9ad4829e4e73600a3329baeb3b5df8d23f::Nat.decLt,7b6ecb9ad4829e4e73600a3329baeb3b5df8d23f::ShiftLeft,instance_ancestor,0
train,7b6ecb9ad4829e4e73600a3329baeb3b5df8d23f::BitVec.instComplement,7b6ecb9ad4829e4e73600a3329baeb3b5df8d23f::Lean.PrettyPrinter.Delaborator.TopDownAnalyze.State,instance_ancestor,0
train,7b6ecb9ad4829e4e73600a3329baeb3b5df8d23f::StateT.instAlternative,7b6ecb9ad4829e4e73600a3329baeb3b5df8d23f::Lean.Parser.ParserCacheEntry,instance_ancestor,0
train,7b6ecb9ad4829e4e73600a3329baeb3b5df8d23f::Lean.TSyntax.instCoeDepTermMkIdentIdent,7b6ecb9ad4829e4e73600a3329baeb3b5df8d23f::Lean.Quote,instance_ancestor,0
train,7b6ecb9ad4829e4e73600a3329baeb3b5df8d23f::Lean.MonadQuotation,7b6ecb9ad4829e4e73600a3329baeb3b5df8d23f::MonadLiftT,extends_ancestor,0
train,7b6ecb9ad4829e4e73600a3329baeb3b5df8d23f::instMulUInt16,7b6ecb9ad4829e4e73600a3329baeb3b5df8d23f::Lean.Meta.Simp.SimprocDecl,instance_ancestor,0
train,7b6ecb9ad4829e4e73600a3329baeb3b5df8d23f::StateCpsT.instMonad,7b6ecb9ad4829e4e73600a3329baeb3b5df8d23f::Lean.PrettyPrinter.Delaborator.TopDownAnalyze.App.Context,instance_ancestor,0
train,7b6ecb9ad4829e4e73600a3329baeb3b5df8d23f::Lean.instInhabitedName,7b6ecb9ad4829e4e73600a3329baeb3b5df8d23f::Xor,instance_ancestor,0
train,7b6ecb9ad4829e4e73600a3329baeb3b5df8d23f::instTransEq_1,7b6ecb9ad4829e4e73600a3329baeb3b5df8d23f::Lean.MonadQuotation,instance_ancestor,0
train,7b6ecb9ad4829e4e73600a3329baeb3b5df8d23f::List.instBEq,7b6ecb9ad4829e4e73600a3329baeb3b5df8d23f::Lean.Lsp.CompletionItem,instance_ancestor,0
train,7b6ecb9ad4829e4e73600a3329baeb3b5df8d23f::Nat.instCommutativeHMul,7b6ecb9ad4829e4e73600a3329baeb3b5df8d23f::Lean.Meta.SimpTheorem,instance_ancestor,0
train,7b6ecb9ad4829e4e73600a3329baeb3b5df8d23f::IO.FS.instOrdSystemTime,7b6ecb9ad4829e4e73600a3329baeb3b5df8d23f::IO.Process.Output,instance_ancestor,0
train,7b6ecb9ad4829e4e73600a3329baeb3b5df8d23f::Lean.Omega.instReprConstraint,7b6ecb9ad4829e4e73600a3329baeb3b5df8d23f::Lean.MetavarContext.MkBinding.State,instance_ancestor,0
train,7b6ecb9ad4829e4e73600a3329baeb3b5df8d23f::instReprStdGen,7b6ecb9ad4829e4e73600a3329baeb3b5df8d23f::StdGen,instance_ancestor,0
train,7b6ecb9ad4829e4e73600a3329baeb3b5df8d23f::OptionT.instMonadFunctor,7b6ecb9ad4829e4e73600a3329baeb3b5df8d23f::Lean.Lsp.DeleteFile,instance_ancestor,0
train,7b6ecb9ad4829e4e73600a3329baeb3b5df8d23f::ByteArray.instGetElemNatUInt8LtSize,7b6ecb9ad4829e4e73600a3329baeb3b5df8d23f::Lean.ImportState,instance_ancestor,0
train,7b6ecb9ad4829e4e73600a3329baeb3b5df8d23f::ReaderT.instMonadFunctor,7b6ecb9ad4829e4e73600a3329baeb3b5df8d23f::Prod,instance_ancestor,0
train,7b6ecb9ad4829e4e73600a3329baeb3b5df8d23f::Lean.Name.instRepr,7b6ecb9ad4829e4e73600a3329baeb3b5df8d23f::Lean.MonadNameGenerator,instance_ancestor,0
train,7b6ecb9ad4829e4e73600a3329baeb3b5df8d23f::System.instHashableFilePath,7b6ecb9ad4829e4e73600a3329baeb3b5df8d23f::Lean.Meta.Diagnostics,instance_ancestor,0
train,7b6ecb9ad4829e4e73600a3329baeb3b5df8d23f::Monad,7b6ecb9ad4829e4e73600a3329baeb3b5df8d23f::Neg,extends_ancestor,0
train,7b6ecb9ad4829e4e73600a3329baeb3b5df8d23f::instMonadEST,7b6ecb9ad4829e4e73600a3329baeb3b5df8d23f::ST.Ref,instance_ancestor,0
train,7b6ecb9ad4829e4e73600a3329baeb3b5df8d23f::IO.FS.instBEqFileType,7b6ecb9ad4829e4e73600a3329baeb3b5df8d23f::IO.FS.DirEntry,instance_ancestor,0
train,7b6ecb9ad4829e4e73600a3329baeb3b5df8d23f::instMonadControlTOfPure,7b6ecb9ad4829e4e73600a3329baeb3b5df8d23f::ToBool,instance_ancestor,0
train,7b6ecb9ad4829e4e73600a3329baeb3b5df8d23f::ExceptT.instMonadFunctor,7b6ecb9ad4829e4e73600a3329baeb3b5df8d23f::Lean.MonadWithOptions,instance_ancestor,0
train,7b6ecb9ad4829e4e73600a3329baeb3b5df8d23f::instDecidableIte,7b6ecb9ad4829e4e73600a3329baeb3b5df8d23f::Std.Identity,instance_ancestor,0
train,7b6ecb9ad4829e4e73600a3329baeb3b5df8d23f::Lean.instQuoteListMkStr1,7b6ecb9ad4829e4e73600a3329baeb3b5df8d23f::Lean.Meta.Rewrite.Config,instance_ancestor,0
train,7b6ecb9ad4829e4e73600a3329baeb3b5df8d23f::instMonadControlExceptTOfMonad,7b6ecb9ad4829e4e73600a3329baeb3b5df8d23f::EmptyCollection,instance_ancestor,0
train,7b6ecb9ad4829e4e73600a3329baeb3b5df8d23f::instSubsingletonPEmpty,7b6ecb9ad4829e4e73600a3329baeb3b5df8d23f::HasEquiv,instance_ancestor,0
train,7b6ecb9ad4829e4e73600a3329baeb3b5df8d23f::Except.instMonad,7b6ecb9ad4829e4e73600a3329baeb3b5df8d23f::LLVM.PassManagerBuilder,instance_ancestor,0
train,7b6ecb9ad4829e4e73600a3329baeb3b5df8d23f::instHashableProd,7b6ecb9ad4829e4e73600a3329baeb3b5df8d23f::Lean.Meta.SynthInstance.MkTableKey.State,instance_ancestor,0
train,7b6ecb9ad4829e4e73600a3329baeb3b5df8d23f::ReaderT.instAlternativeOfMonad,7b6ecb9ad4829e4e73600a3329baeb3b5df8d23f::LE,instance_ancestor,0
train,7b6ecb9ad4829e4e73600a3329baeb3b5df8d23f::IO.Process.SpawnArgs,7b6ecb9ad4829e4e73600a3329baeb3b5df8d23f::IO.Process.Output,extends_ancestor,0
train,7b6ecb9ad4829e4e73600a3329baeb3b5df8d23f::List.decidableBAll,7b6ecb9ad4829e4e73600a3329baeb3b5df8d23f::Lean.Elab.Term.StructInst.ExplicitSourceInfo,instance_ancestor,0
train,7b6ecb9ad4829e4e73600a3329baeb3b5df8d23f::instInhabitedOfMonad,7b6ecb9ad4829e4e73600a3329baeb3b5df8d23f::HAndThen,instance_ancestor,0
train,7b6ecb9ad4829e4e73600a3329baeb3b5df8d23f::EStateM.instMonad,7b6ecb9ad4829e4e73600a3329baeb3b5df8d23f::Mul,instance_ancestor,0
train,7b6ecb9ad4829e4e73600a3329baeb3b5df8d23f::ByteArray.instLawfulGetElemUSizeUInt8LtNatValValSize,7b6ecb9ad4829e4e73600a3329baeb3b5df8d23f::Lean.Meta.DefEqContext,instance_ancestor,0
train,7b6ecb9ad4829e4e73600a3329baeb3b5df8d23f::instMonadExceptOfExceptTOfMonad,7b6ecb9ad4829e4e73600a3329baeb3b5df8d23f::Lean.Language.Lean.HeaderProcessedSnapshot,instance_ancestor,0
train,7b6ecb9ad4829e4e73600a3329baeb3b5df8d23f::StateT.instMonadExceptOf,7b6ecb9ad4829e4e73600a3329baeb3b5df8d23f::Lean.Lsp.Position,instance_ancestor,0
train,7b6ecb9ad4829e4e73600a3329baeb3b5df8d23f::instInhabitedPSum,7b6ecb9ad4829e4e73600a3329baeb3b5df8d23f::Singleton,instance_ancestor,0
train,7b6ecb9ad4829e4e73600a3329baeb3b5df8d23f::instInhabitedUSize,7b6ecb9ad4829e4e73600a3329baeb3b5df8d23f::MonadFunctorT,instance_ancestor,0
train,7b6ecb9ad4829e4e73600a3329baeb3b5df8d23f::StateCpsT.instMonadLiftOfMonad,7b6ecb9ad4829e4e73600a3329baeb3b5df8d23f::Lean.SubExpr.GoalsLocation,instance_ancestor,0
train,7b6ecb9ad4829e4e73600a3329baeb3b5df8d23f::Char.instLE,7b6ecb9ad4829e4e73600a3329baeb3b5df8d23f::Lean.Meta.State,instance_ancestor,0
train,7b6ecb9ad4829e4e73600a3329baeb3b5df8d23f::instMonadExceptOfEIO,7b6ecb9ad4829e4e73600a3329baeb3b5df8d23f::Lean.Eval,instance_ancestor,0
train,7b6ecb9ad4829e4e73600a3329baeb3b5df8d23f::StateRefT'.instMonadFunctorOfMonad,7b6ecb9ad4829e4e73600a3329baeb3b5df8d23f::Lean.Import,instance_ancestor,0
train,7b6ecb9ad4829e4e73600a3329baeb3b5df8d23f::ByteArray.instForInUInt8,7b6ecb9ad4829e4e73600a3329baeb3b5df8d23f::Lean.Compiler.LCNF.Simp.InlineCandidateInfo,instance_ancestor,0
train,7b6ecb9ad4829e4e73600a3329baeb3b5df8d23f::instToStringFin,7b6ecb9ad4829e4e73600a3329baeb3b5df8d23f::Lean.ModuleData,instance_ancestor,0
train,7b6ecb9ad4829e4e73600a3329baeb3b5df8d23f::instModUInt16,7b6ecb9ad4829e4e73600a3329baeb3b5df8d23f::Lean.Lsp.DocumentFilter,instance_ancestor,0
train,7b6ecb9ad4829e4e73600a3329baeb3b5df8d23f::Fin.instInhabitedHAddNatOfNat,7b6ecb9ad4829e4e73600a3329baeb3b5df8d23f::Lean.Lsp.ResolveSupport,instance_ancestor,0
train,7b6ecb9ad4829e4e73600a3329baeb3b5df8d23f::instHashableUInt32,7b6ecb9ad4829e4e73600a3329baeb3b5df8d23f::Lean.Meta.Match.Extension.Entry,instance_ancestor,0
train,7b6ecb9ad4829e4e73600a3329baeb3b5df8d23f::instMonadControlOptionTOfMonad,7b6ecb9ad4829e4e73600a3329baeb3b5df8d23f::Lean.AttributeExtensionState,instance_ancestor,0
train,7b6ecb9ad4829e4e73600a3329baeb3b5df8d23f::Lean.Omega.LinearCombo.instInhabited,7b6ecb9ad4829e4e73600a3329baeb3b5df8d23f::Lean.Widget.GetWidgetsResponse,instance_ancestor,0
train,7b6ecb9ad4829e4e73600a3329baeb3b5df8d23f::StateCpsT.instMonad,7b6ecb9ad4829e4e73600a3329baeb3b5df8d23f::String,instance_ancestor,0
train,7b6ecb9ad4829e4e73600a3329baeb3b5df8d23f::instMonadControlReaderT,7b6ecb9ad4829e4e73600a3329baeb3b5df8d23f::LazyDiscrTree.InitEntry,instance_ancestor,0
train,7b6ecb9ad4829e4e73600a3329baeb3b5df8d23f::Lean.Meta.DSimp.instBEqConfig,7b6ecb9ad4829e4e73600a3329baeb3b5df8d23f::Lean.Meta.Simp.Config,instance_ancestor,0
train,7b6ecb9ad4829e4e73600a3329baeb3b5df8d23f::instMonadControlTOfMonadControl,7b6ecb9ad4829e4e73600a3329baeb3b5df8d23f::MonadControl,instance_ancestor,0
train,7b6ecb9ad4829e4e73600a3329baeb3b5df8d23f::instMonadBaseIO,7b6ecb9ad4829e4e73600a3329baeb3b5df8d23f::IO.Process.SpawnArgs,instance_ancestor,0
train,7b6ecb9ad4829e4e73600a3329baeb3b5df8d23f::instOrdString,7b6ecb9ad4829e4e73600a3329baeb3b5df8d23f::Lean.Compiler.CSimp.State,instance_ancestor,0
train,7b6ecb9ad4829e4e73600a3329baeb3b5df8d23f::instCoeTailNatOfNatCast,7b6ecb9ad4829e4e73600a3329baeb3b5df8d23f::Lean.Meta.AbstractNestedProofs.Context,instance_ancestor,0
train,7b6ecb9ad4829e4e73600a3329baeb3b5df8d23f::instLEUInt16,7b6ecb9ad4829e4e73600a3329baeb3b5df8d23f::Lake.BuildTrace,instance_ancestor,0
train,7b6ecb9ad4829e4e73600a3329baeb3b5df8d23f::instDecidableEqPUnit,7b6ecb9ad4829e4e73600a3329baeb3b5df8d23f::Task,instance_ancestor,0
train,7b6ecb9ad4829e4e73600a3329baeb3b5df8d23f::Bool.instLawfulIdentityBneFalse,7b6ecb9ad4829e4e73600a3329baeb3b5df8d23f::Lean.Compiler.LCNF.MonadScope,instance_ancestor,0
train,7b6ecb9ad4829e4e73600a3329baeb3b5df8d23f::Std.instInhabitedFormat,7b6ecb9ad4829e4e73600a3329baeb3b5df8d23f::_private.Init.Data.Format.Basic.0.Std.Format.WorkGroup,instance_ancestor,0
train,7b6ecb9ad4829e4e73600a3329baeb3b5df8d23f::UInt8.instInhabited,7b6ecb9ad4829e4e73600a3329baeb3b5df8d23f::Lean.IR.ExplicitBoxing.BoxingState,instance_ancestor,0
train,7b6ecb9ad4829e4e73600a3329baeb3b5df8d23f::instInhabitedForall_1,7b6ecb9ad4829e4e73600a3329baeb3b5df8d23f::MProd,instance_ancestor,0
train,7b6ecb9ad4829e4e73600a3329baeb3b5df8d23f::UInt32.instOfNat,7b6ecb9ad4829e4e73600a3329baeb3b5df8d23f::Lean.Widget.PanelWidgetInstance,instance_ancestor,0
train,7b6ecb9ad4829e4e73600a3329baeb3b5df8d23f::IO.instNonemptyChannel,7b6ecb9ad4829e4e73600a3329baeb3b5df8d23f::Lean.Firefox.Thread,instance_ancestor,0
train,7b6ecb9ad4829e4e73600a3329baeb3b5df8d23f::Id.instMonad,7b6ecb9ad4829e4e73600a3329baeb3b5df8d23f::LLVM.Module,instance_ancestor,0
train,7b6ecb9ad4829e4e73600a3329baeb3b5df8d23f::Lean.instQuoteNameMkStr1,7b6ecb9ad4829e4e73600a3329baeb3b5df8d23f::Lean.Meta.Omega.OmegaConfig,instance_ancestor,0
train,7b6ecb9ad4829e4e73600a3329baeb3b5df8d23f::instTransEq,7b6ecb9ad4829e4e73600a3329baeb3b5df8d23f::Lean.Macro.Methods,instance_ancestor,0
train,7b6ecb9ad4829e4e73600a3329baeb3b5df8d23f::Nat.instLawfulIdentityMaxOfNat,7b6ecb9ad4829e4e73600a3329baeb3b5df8d23f::Lean.Meta.CustomEliminator,instance_ancestor,0
train,7b6ecb9ad4829e4e73600a3329baeb3b5df8d23f::String.decLE,7b6ecb9ad4829e4e73600a3329baeb3b5df8d23f::Lean.Data.AC.ContextInformation,instance_ancestor,0
train,7b6ecb9ad4829e4e73600a3329baeb3b5df8d23f::Bool.instLawfulIdentityBeqTrue,7b6ecb9ad4829e4e73600a3329baeb3b5df8d23f::UInt64,instance_ancestor,0
train,7b6ecb9ad4829e4e73600a3329baeb3b5df8d23f::IO.instMinTaskState,7b6ecb9ad4829e4e73600a3329baeb3b5df8d23f::Lean.Eval,instance_ancestor,0
train,7b6ecb9ad4829e4e73600a3329baeb3b5df8d23f::Lean.TSyntax.instCoeConsSyntaxNodeKindNil,7b6ecb9ad4829e4e73600a3329baeb3b5df8d23f::Meta.Omega.OmegaConfig,instance_ancestor,0
train,7b6ecb9ad4829e4e73600a3329baeb3b5df8d23f::instMonadOption,7b6ecb9ad4829e4e73600a3329baeb3b5df8d23f::Lean.Lsp.WorkspaceSymbolParams,instance_ancestor,0
train,7b6ecb9ad4829e4e73600a3329baeb3b5df8d23f::instIdempotentOpAnd,7b6ecb9ad4829e4e73600a3329baeb3b5df8d23f::Lean.Firefox.ThreadWithMaps,instance_ancestor,0
train,7b6ecb9ad4829e4e73600a3329baeb3b5df8d23f::Id.instMonad,7b6ecb9ad4829e4e73600a3329baeb3b5df8d23f::EmptyCollection,instance_ancestor,0
train,7b6ecb9ad4829e4e73600a3329baeb3b5df8d23f::Int.instLawfulIdentityHMulOfNat,7b6ecb9ad4829e4e73600a3329baeb3b5df8d23f::Lean.HashMapImp,instance_ancestor,0
train,7b6ecb9ad4829e4e73600a3329baeb3b5df8d23f::instDecidableFalse,7b6ecb9ad4829e4e73600a3329baeb3b5df8d23f::Sigma,instance_ancestor,0
train,7b6ecb9ad4829e4e73600a3329baeb3b5df8d23f::instToFormatOption,7b6ecb9ad4829e4e73600a3329baeb3b5df8d23f::Lake.BundledJob,instance_ancestor,0
train,7b6ecb9ad4829e4e73600a3329baeb3b5df8d23f::IO.FS.instReprDirEntry,7b6ecb9ad4829e4e73600a3329baeb3b5df8d23f::IO.Process.Output,instance_ancestor,0
train,7b6ecb9ad4829e4e73600a3329baeb3b5df8d23f::OptionT.instMonadLift,7b6ecb9ad4829e4e73600a3329baeb3b5df8d23f::Lake.MonadCallStack,instance_ancestor,0
train,7b6ecb9ad4829e4e73600a3329baeb3b5df8d23f::instIdempotentOpOr,7b6ecb9ad4829e4e73600a3329baeb3b5df8d23f::Lean.Parser.ParserCache,instance_ancestor,0
train,7b6ecb9ad4829e4e73600a3329baeb3b5df8d23f::List.instForIn,7b6ecb9ad4829e4e73600a3329baeb3b5df8d23f::Lean.Grind.Config,instance_ancestor,0
train,7b6ecb9ad4829e4e73600a3329baeb3b5df8d23f::EStateM.nonBacktrackable,7b6ecb9ad4829e4e73600a3329baeb3b5df8d23f::MonadState,instance_ancestor,0
train,7b6ecb9ad4829e4e73600a3329baeb3b5df8d23f::instOfNatFloat,7b6ecb9ad4829e4e73600a3329baeb3b5df8d23f::Lake.MonadCallStackOf,instance_ancestor,0
train,7b6ecb9ad4829e4e73600a3329baeb3b5df8d23f::instHashableUInt16,7b6ecb9ad4829e4e73600a3329baeb3b5df8d23f::Lean.Lsp.TextEdit,instance_ancestor,0
train,7b6ecb9ad4829e4e73600a3329baeb3b5df8d23f::instDecidableEqUInt8,7b6ecb9ad4829e4e73600a3329baeb3b5df8d23f::MonadFunctorT,instance_ancestor,0
train,7b6ecb9ad4829e4e73600a3329baeb3b5df8d23f::Char.instDecidableLt,7b6ecb9ad4829e4e73600a3329baeb3b5df8d23f::Lean.ToMessageData,instance_ancestor,0
train,7b6ecb9ad4829e4e73600a3329baeb3b5df8d23f::instCoeTOfCoeDep,7b6ecb9ad4829e4e73600a3329baeb3b5df8d23f::CoeOTC,instance_ancestor,0
train,7b6ecb9ad4829e4e73600a3329baeb3b5df8d23f::instShiftLeftUInt32,7b6ecb9ad4829e4e73600a3329baeb3b5df8d23f::Lean.Meta.CasesSubgoal,instance_ancestor,0
train,7b6ecb9ad4829e4e73600a3329baeb3b5df8d23f::Fin.instAndOp,7b6ecb9ad4829e4e73600a3329baeb3b5df8d23f::Lean.Compiler.LCNF.JoinPointCommonArgs.AnalysisCtx,instance_ancestor,0
train,7b6ecb9ad4829e4e73600a3329baeb3b5df8d23f::instCoeHTCOfCoeHeadOfCoeOTC,7b6ecb9ad4829e4e73600a3329baeb3b5df8d23f::CoeTC,instance_ancestor,0
train,7b6ecb9ad4829e4e73600a3329baeb3b5df8d23f::BitVec.instMod,7b6ecb9ad4829e4e73600a3329baeb3b5df8d23f::Lake.EqOfCmpWrt,instance_ancestor,0
train,7b6ecb9ad4829e4e73600a3329baeb3b5df8d23f::instLEUInt32,7b6ecb9ad4829e4e73600a3329baeb3b5df8d23f::ULift,instance_ancestor,0
train,7b6ecb9ad4829e4e73600a3329baeb3b5df8d23f::Bool.instLE,7b6ecb9ad4829e4e73600a3329baeb3b5df8d23f::Lean.Lsp.CallHierarchyIncomingCallsParams,instance_ancestor,0
train,7b6ecb9ad4829e4e73600a3329baeb3b5df8d23f::StateCpsT.instMonad,7b6ecb9ad4829e4e73600a3329baeb3b5df8d23f::Lean.Lsp.RpcConnectParams,instance_ancestor,0
train,7b6ecb9ad4829e4e73600a3329baeb3b5df8d23f::Lean.instMonadQuotationOfMonadFunctorOfMonadLift,7b6ecb9ad4829e4e73600a3329baeb3b5df8d23f::Lean.Macro.Methods,instance_ancestor,0
train,7b6ecb9ad4829e4e73600a3329baeb3b5df8d23f::ReaderT.tryFinally,7b6ecb9ad4829e4e73600a3329baeb3b5df8d23f::HasSubset,instance_ancestor,0
train,7b6ecb9ad4829e4e73600a3329baeb3b5df8d23f::instComplementUInt32,7b6ecb9ad4829e4e73600a3329baeb3b5df8d23f::Lake.ModuleFacet,instance_ancestor,0
train,7b6ecb9ad4829e4e73600a3329baeb3b5df8d23f::List.instLawfulIdentityHAppendNil,7b6ecb9ad4829e4e73600a3329baeb3b5df8d23f::Lean.IR.CtorInfo,instance_ancestor,0
train,7b6ecb9ad4829e4e73600a3329baeb3b5df8d23f::Int.instTransLtLe,7b6ecb9ad4829e4e73600a3329baeb3b5df8d23f::Lean.PrettyPrinter.Delaborator.State,instance_ancestor,0
train,7b6ecb9ad4829e4e73600a3329baeb3b5df8d23f::String.instDecidableEqIterator,7b6ecb9ad4829e4e73600a3329baeb3b5df8d23f::Lean.Meta.Canonicalizer.State,instance_ancestor,0
train,7b6ecb9ad4829e4e73600a3329baeb3b5df8d23f::Id.instMonad,7b6ecb9ad4829e4e73600a3329baeb3b5df8d23f::Lean.Elab.Level.Context,instance_ancestor,0
train,7b6ecb9ad4829e4e73600a3329baeb3b5df8d23f::instToStringIterator,7b6ecb9ad4829e4e73600a3329baeb3b5df8d23f::LLVM.PassManager,instance_ancestor,0
train,7b6ecb9ad4829e4e73600a3329baeb3b5df8d23f::Id.instMonad,7b6ecb9ad4829e4e73600a3329baeb3b5df8d23f::Lean.Compiler.LCNF.Simp.Context,instance_ancestor,0
train,7b6ecb9ad4829e4e73600a3329baeb3b5df8d23f::BitVec.instCommutativeHMul,7b6ecb9ad4829e4e73600a3329baeb3b5df8d23f::UInt8,instance_ancestor,0
train,7b6ecb9ad4829e4e73600a3329baeb3b5df8d23f::instReprSubtype,7b6ecb9ad4829e4e73600a3329baeb3b5df8d23f::ReprTuple,instance_ancestor,0
train,7b6ecb9ad4829e4e73600a3329baeb3b5df8d23f::Lean.Name.instToString,7b6ecb9ad4829e4e73600a3329baeb3b5df8d23f::Lean.Quote,instance_ancestor,0
train,7b6ecb9ad4829e4e73600a3329baeb3b5df8d23f::instPowOfHomogeneousPow,7b6ecb9ad4829e4e73600a3329baeb3b5df8d23f::UInt64,instance_ancestor,0
train,7b6ecb9ad4829e4e73600a3329baeb3b5df8d23f::Lean.Meta.DSimp.instBEqConfig,7b6ecb9ad4829e4e73600a3329baeb3b5df8d23f::Lean.Meta.Simp.ConfigCtx,instance_ancestor,0
train,7b6ecb9ad4829e4e73600a3329baeb3b5df8d23f::Int.instMul,7b6ecb9ad4829e4e73600a3329baeb3b5df8d23f::Lean.MetavarContext,instance_ancestor,0
train,7b6ecb9ad4829e4e73600a3329baeb3b5df8d23f::ExceptT.instMonad,7b6ecb9ad4829e4e73600a3329baeb3b5df8d23f::Lean.ScopedEnvExtension.Descr,instance_ancestor,0
train,7b6ecb9ad4829e4e73600a3329baeb3b5df8d23f::IO.instNonemptyPromise,7b6ecb9ad4829e4e73600a3329baeb3b5df8d23f::_private.Init.System.Promise.0.IO.PromiseImpl,instance_ancestor,0
train,7b6ecb9ad4829e4e73600a3329baeb3b5df8d23f::instSubsingleton,7b6ecb9ad4829e4e73600a3329baeb3b5df8d23f::HasSSubset,instance_ancestor,0
train,7b6ecb9ad4829e4e73600a3329baeb3b5df8d23f::Lean.TSyntax.instCoeCharLitTerm,7b6ecb9ad4829e4e73600a3329baeb3b5df8d23f::Meta.Rewrite.Config,instance_ancestor,0
train,7b6ecb9ad4829e4e73600a3329baeb3b5df8d23f::instDivUInt32,7b6ecb9ad4829e4e73600a3329baeb3b5df8d23f::Lean.SimplePersistentEnvExtensionDescr,instance_ancestor,0
train,7b6ecb9ad4829e4e73600a3329baeb3b5df8d23f::Lean.Syntax.instCoeIdentTSyntaxConsSyntaxNodeKindMkStr4Nil,7b6ecb9ad4829e4e73600a3329baeb3b5df8d23f::Lean.Meta.Rewrite.Config,instance_ancestor,0
train,7b6ecb9ad4829e4e73600a3329baeb3b5df8d23f::IO.FS.instReprSystemTime,7b6ecb9ad4829e4e73600a3329baeb3b5df8d23f::IO.FS.Stream.Buffer,instance_ancestor,0
train,7b6ecb9ad4829e4e73600a3329baeb3b5df8d23f::instHModUInt8Nat,7b6ecb9ad4829e4e73600a3329baeb3b5df8d23f::EStateM.Backtrackable,instance_ancestor,0
train,7b6ecb9ad4829e4e73600a3329baeb3b5df8d23f::Array.instCoeSubarray,7b6ecb9ad4829e4e73600a3329baeb3b5df8d23f::Lean.ConstantVal,instance_ancestor,0
train,7b6ecb9ad4829e4e73600a3329baeb3b5df8d23f::StateT.instMonadFunctorOfMonad,7b6ecb9ad4829e4e73600a3329baeb3b5df8d23f::Lean.OpaqueVal,instance_ancestor,0
train,7b6ecb9ad4829e4e73600a3329baeb3b5df8d23f::instCoeOTCOfCoeTC,7b6ecb9ad4829e4e73600a3329baeb3b5df8d23f::CoeTC,instance_ancestor,0
train,7b6ecb9ad4829e4e73600a3329baeb3b5df8d23f::instLawfulApplicativeExcept,7b6ecb9ad4829e4e73600a3329baeb3b5df8d23f::Lean.KeyedDeclsAttribute.ExtensionState,instance_ancestor,0
train,7b6ecb9ad4829e4e73600a3329baeb3b5df8d23f::instReprTupleProdOfRepr,7b6ecb9ad4829e4e73600a3329baeb3b5df8d23f::Repr,instance_ancestor,0
train,7b6ecb9ad4829e4e73600a3329baeb3b5df8d23f::EStateM.instMonadStateOf,7b6ecb9ad4829e4e73600a3329baeb3b5df8d23f::AndThen,instance_ancestor,0
train,7b6ecb9ad4829e4e73600a3329baeb3b5df8d23f::Nat.instShiftLeft,7b6ecb9ad4829e4e73600a3329baeb3b5df8d23f::Task,instance_ancestor,0
train,7b6ecb9ad4829e4e73600a3329baeb3b5df8d23f::instReprUInt32,7b6ecb9ad4829e4e73600a3329baeb3b5df8d23f::ReprTuple,instance_ancestor,0
train,7b6ecb9ad4829e4e73600a3329baeb3b5df8d23f::instIntCastInt,7b6ecb9ad4829e4e73600a3329baeb3b5df8d23f::Lean.Compiler.LCNF.FindUsed.Context,instance_ancestor,0
train,7b6ecb9ad4829e4e73600a3329baeb3b5df8d23f::List.decidableBEx,7b6ecb9ad4829e4e73600a3329baeb3b5df8d23f::BitVec.Literal,instance_ancestor,0
train,7b6ecb9ad4829e4e73600a3329baeb3b5df8d23f::instIdempotentOpBoolOr,7b6ecb9ad4829e4e73600a3329baeb3b5df8d23f::Lake.JobState,instance_ancestor,0
train,7b6ecb9ad4829e4e73600a3329baeb3b5df8d23f::instLEUInt64,7b6ecb9ad4829e4e73600a3329baeb3b5df8d23f::Lean.Lsp.DidCloseTextDocumentParams,instance_ancestor,0
train,7b6ecb9ad4829e4e73600a3329baeb3b5df8d23f::Option.instMax,7b6ecb9ad4829e4e73600a3329baeb3b5df8d23f::Lake.PostUpdateHookDecl,instance_ancestor,0
train,7b6ecb9ad4829e4e73600a3329baeb3b5df8d23f::StateT.instAlternative,7b6ecb9ad4829e4e73600a3329baeb3b5df8d23f::Lean.Compiler.LCNF.MonoTypeExtState,instance_ancestor,0
train,7b6ecb9ad4829e4e73600a3329baeb3b5df8d23f::ReaderT.instLawfulApplicative,7b6ecb9ad4829e4e73600a3329baeb3b5df8d23f::Lake.ElanInstall,instance_ancestor,0
train,7b6ecb9ad4829e4e73600a3329baeb3b5df8d23f::Array.instGetElemNatLtSize,7b6ecb9ad4829e4e73600a3329baeb3b5df8d23f::LawfulGetElem,instance_ancestor,0
train,7b6ecb9ad4829e4e73600a3329baeb3b5df8d23f::instFunctorOption,7b6ecb9ad4829e4e73600a3329baeb3b5df8d23f::Lake.MonadError,instance_ancestor,0
train,7b6ecb9ad4829e4e73600a3329baeb3b5df8d23f::instToStringPos,7b6ecb9ad4829e4e73600a3329baeb3b5df8d23f::Lean.Compiler.LCNF.MonadFVarSubst,instance_ancestor,0
train,7b6ecb9ad4829e4e73600a3329baeb3b5df8d23f::instMonadOption,7b6ecb9ad4829e4e73600a3329baeb3b5df8d23f::Lean.NameGenerator,instance_ancestor,0
train,7b6ecb9ad4829e4e73600a3329baeb3b5df8d23f::Array.instInhabited,7b6ecb9ad4829e4e73600a3329baeb3b5df8d23f::Lean.Elab.Term.ElabMatchTypeAndDiscrsResult,instance_ancestor,0
train,7b6ecb9ad4829e4e73600a3329baeb3b5df8d23f::instOrdChar,7b6ecb9ad4829e4e73600a3329baeb3b5df8d23f::Lean.Elab.Term.GeneralizeResult,instance_ancestor,0
train,7b6ecb9ad4829e4e73600a3329baeb3b5df8d23f::instInhabitedProd,7b6ecb9ad4829e4e73600a3329baeb3b5df8d23f::Antisymm,instance_ancestor,0
train,7b6ecb9ad4829e4e73600a3329baeb3b5df8d23f::Option.instDecidableMemOfDecidableEq,7b6ecb9ad4829e4e73600a3329baeb3b5df8d23f::Lean.Lsp.WorkDoneProgressReport,instance_ancestor,0
train,7b6ecb9ad4829e4e73600a3329baeb3b5df8d23f::Lean.Meta.instReprConfig,7b6ecb9ad4829e4e73600a3329baeb3b5df8d23f::Meta.Rewrite.Config,instance_ancestor,0
train,7b6ecb9ad4829e4e73600a3329baeb3b5df8d23f::instAndOpUInt16,7b6ecb9ad4829e4e73600a3329baeb3b5df8d23f::MonadControl,instance_ancestor,0
train,7b6ecb9ad4829e4e73600a3329baeb3b5df8d23f::instToStringFloatArray,7b6ecb9ad4829e4e73600a3329baeb3b5df8d23f::Lean.Elab.Level.Context,instance_ancestor,0
train,7b6ecb9ad4829e4e73600a3329baeb3b5df8d23f::instNatCastNat,7b6ecb9ad4829e4e73600a3329baeb3b5df8d23f::Lean.Lsp.WorkDoneProgressEnd,instance_ancestor,0
train,7b6ecb9ad4829e4e73600a3329baeb3b5df8d23f::instInhabitedPProd,7b6ecb9ad4829e4e73600a3329baeb3b5df8d23f::LawfulBEq,instance_ancestor,0
train,7b6ecb9ad4829e4e73600a3329baeb3b5df8d23f::instCoeStringError,7b6ecb9ad4829e4e73600a3329baeb3b5df8d23f::LawfulSingleton,instance_ancestor,0
train,7b6ecb9ad4829e4e73600a3329baeb3b5df8d23f::ExceptCpsT.instLawfulMonad,7b6ecb9ad4829e4e73600a3329baeb3b5df8d23f::Lean.Compiler.LCNF.FloatLetIn.BaseFloatContext,instance_ancestor,0
train,7b6ecb9ad4829e4e73600a3329baeb3b5df8d23f::IO.instCoeOutMutexBaseMutex,7b6ecb9ad4829e4e73600a3329baeb3b5df8d23f::Lean.Elab.Term.Quotation.Precheck.Context,instance_ancestor,0
train,7b6ecb9ad4829e4e73600a3329baeb3b5df8d23f::instLEUInt16,7b6ecb9ad4829e4e73600a3329baeb3b5df8d23f::Lean.PersistentArray,instance_ancestor,0
train,7b6ecb9ad4829e4e73600a3329baeb3b5df8d23f::instHSubPos,7b6ecb9ad4829e4e73600a3329baeb3b5df8d23f::Applicative,instance_ancestor,0
train,7b6ecb9ad4829e4e73600a3329baeb3b5df8d23f::instReprId,7b6ecb9ad4829e4e73600a3329baeb3b5df8d23f::ReprAtom,instance_ancestor,0
train,7b6ecb9ad4829e4e73600a3329baeb3b5df8d23f::Id.instOfNat,7b6ecb9ad4829e4e73600a3329baeb3b5df8d23f::Lean.Ptr,instance_ancestor,0
train,7b6ecb9ad4829e4e73600a3329baeb3b5df8d23f::instHModUInt32Nat,7b6ecb9ad4829e4e73600a3329baeb3b5df8d23f::Lean.Widget.GetGoToLocationParams,instance_ancestor,0
train,7b6ecb9ad4829e4e73600a3329baeb3b5df8d23f::BitVec.instHShiftLeftNat,7b6ecb9ad4829e4e73600a3329baeb3b5df8d23f::Lake.LogEntry,instance_ancestor,0
train,7b6ecb9ad4829e4e73600a3329baeb3b5df8d23f::instReprUnit,7b6ecb9ad4829e4e73600a3329baeb3b5df8d23f::ReprTuple,instance_ancestor,0
train,7b6ecb9ad4829e4e73600a3329baeb3b5df8d23f::instReprAtomUInt32,7b6ecb9ad4829e4e73600a3329baeb3b5df8d23f::ReprTuple,instance_ancestor,0
train,7b6ecb9ad4829e4e73600a3329baeb3b5df8d23f::EStateM.instMonad,7b6ecb9ad4829e4e73600a3329baeb3b5df8d23f::OrOp,instance_ancestor,0
train,7b6ecb9ad4829e4e73600a3329baeb3b5df8d23f::instMinUInt16,7b6ecb9ad4829e4e73600a3329baeb3b5df8d23f::Lean.Environment.Replay.Context,instance_ancestor,0
train,7b6ecb9ad4829e4e73600a3329baeb3b5df8d23f::instDecidableEqQuotientOfDecidableEquiv,7b6ecb9ad4829e4e73600a3329baeb3b5df8d23f::Std.Commutative,instance_ancestor,0
train,7b6ecb9ad4829e4e73600a3329baeb3b5df8d23f::Bool.instLawfulIdentityBeqTrue,7b6ecb9ad4829e4e73600a3329baeb3b5df8d23f::Lean.Compiler.LCNF.Simp.Config,instance_ancestor,0
train,7b6ecb9ad4829e4e73600a3329baeb3b5df8d23f::instInhabitedFloat,7b6ecb9ad4829e4e73600a3329baeb3b5df8d23f::FloatSpec,instance_ancestor,0
train,7b6ecb9ad4829e4e73600a3329baeb3b5df8d23f::Nat.instIdempotentOpGcd,7b6ecb9ad4829e4e73600a3329baeb3b5df8d23f::Lean.Meta.Match.Alt,instance_ancestor,0
train,7b6ecb9ad4829e4e73600a3329baeb3b5df8d23f::instInhabitedForInStep,7b6ecb9ad4829e4e73600a3329baeb3b5df8d23f::HasEquiv,instance_ancestor,0
train,7b6ecb9ad4829e4e73600a3329baeb3b5df8d23f::Lean.Meta.instReprTransparencyMode,7b6ecb9ad4829e4e73600a3329baeb3b5df8d23f::Lean.Meta.Rewrite.Config,instance_ancestor,0
train,7b6ecb9ad4829e4e73600a3329baeb3b5df8d23f::ExceptT.instMonad,7b6ecb9ad4829e4e73600a3329baeb3b5df8d23f::Lake.LeanLib,instance_ancestor,0
train,7b6ecb9ad4829e4e73600a3329baeb3b5df8d23f::instMonadLiftBaseIOEIO,7b6ecb9ad4829e4e73600a3329baeb3b5df8d23f::IO.AccessRight,instance_ancestor,0
train,7b6ecb9ad4829e4e73600a3329baeb3b5df8d23f::instReprSubstring,7b6ecb9ad4829e4e73600a3329baeb3b5df8d23f::ReprAtom,instance_ancestor,0
train,7b6ecb9ad4829e4e73600a3329baeb3b5df8d23f::Nat.instAndOp,7b6ecb9ad4829e4e73600a3329baeb3b5df8d23f::LLVM.DLLStorageClass,instance_ancestor,0
train,7b6ecb9ad4829e4e73600a3329baeb3b5df8d23f::instInhabitedForall,7b6ecb9ad4829e4e73600a3329baeb3b5df8d23f::LT,instance_ancestor,0
train,7b6ecb9ad4829e4e73600a3329baeb3b5df8d23f::StateRefT'.instAlternativeOfMonad,7b6ecb9ad4829e4e73600a3329baeb3b5df8d23f::Lean.Widget.InteractiveGoal,instance_ancestor,0
train,7b6ecb9ad4829e4e73600a3329baeb3b5df8d23f::instHashableUInt64,7b6ecb9ad4829e4e73600a3329baeb3b5df8d23f::Lean.ToExpr,instance_ancestor,0
train,7b6ecb9ad4829e4e73600a3329baeb3b5df8d23f::instMonadLiftSTEST,7b6ecb9ad4829e4e73600a3329baeb3b5df8d23f::ST.Ref,instance_ancestor,0
train,7b6ecb9ad4829e4e73600a3329baeb3b5df8d23f::Std.instToFormatFormat,7b6ecb9ad4829e4e73600a3329baeb3b5df8d23f::_private.Init.Data.Format.Basic.0.Std.Format.WorkGroup,instance_ancestor,0
train,7b6ecb9ad4829e4e73600a3329baeb3b5df8d23f::UInt64.instOfNat,7b6ecb9ad4829e4e73600a3329baeb3b5df8d23f::Lean.IR.EmitC.Context,instance_ancestor,0
train,7b6ecb9ad4829e4e73600a3329baeb3b5df8d23f::instLTUInt32,7b6ecb9ad4829e4e73600a3329baeb3b5df8d23f::Lean.TSyntax,instance_ancestor,0
train,7b6ecb9ad4829e4e73600a3329baeb3b5df8d23f::ReaderT.instLawfulMonad,7b6ecb9ad4829e4e73600a3329baeb3b5df8d23f::Lean.Elab.Term.CollectPatternVars.Context,instance_ancestor,0
train,7b6ecb9ad4829e4e73600a3329baeb3b5df8d23f::instReprSourceInfo,7b6ecb9ad4829e4e73600a3329baeb3b5df8d23f::ReprTuple,instance_ancestor,0
train,7b6ecb9ad4829e4e73600a3329baeb3b5df8d23f::PSigma.instWellFoundedRelation,7b6ecb9ad4829e4e73600a3329baeb3b5df8d23f::Lean.Elab.Term.Do.ToCodeBlock.Context,instance_ancestor,0
train,7b6ecb9ad4829e4e73600a3329baeb3b5df8d23f::instCoeOutOfCoeSort,7b6ecb9ad4829e4e73600a3329baeb3b5df8d23f::CoeHead,instance_ancestor,0
train,7b6ecb9ad4829e4e73600a3329baeb3b5df8d23f::instAddNat,7b6ecb9ad4829e4e73600a3329baeb3b5df8d23f::ShiftRight,instance_ancestor,0
train,7b6ecb9ad4829e4e73600a3329baeb3b5df8d23f::Lean.Data.AC.instReprExpr,7b6ecb9ad4829e4e73600a3329baeb3b5df8d23f::Lean.Data.AC.Variable,instance_ancestor,0
train,7b6ecb9ad4829e4e73600a3329baeb3b5df8d23f::Char.instInhabited,7b6ecb9ad4829e4e73600a3329baeb3b5df8d23f::Lean.Meta.FunInfo,instance_ancestor,0
train,7b6ecb9ad4829e4e73600a3329baeb3b5df8d23f::Lean.Macro.instMonadQuotationMacroM,7b6ecb9ad4829e4e73600a3329baeb3b5df8d23f::MonadWithReader,instance_ancestor,0
train,7b6ecb9ad4829e4e73600a3329baeb3b5df8d23f::instDecidableLeUInt32,7b6ecb9ad4829e4e73600a3329baeb3b5df8d23f::HMod,instance_ancestor,0
train,7b6ecb9ad4829e4e73600a3329baeb3b5df8d23f::Fin.instAssociativeHMul,7b6ecb9ad4829e4e73600a3329baeb3b5df8d23f::Thunk,instance_ancestor,0
train,7b6ecb9ad4829e4e73600a3329baeb3b5df8d23f::instModUInt8,7b6ecb9ad4829e4e73600a3329baeb3b5df8d23f::LLVM.Attribute,instance_ancestor,0
train,7b6ecb9ad4829e4e73600a3329baeb3b5df8d23f::instLTUSize,7b6ecb9ad4829e4e73600a3329baeb3b5df8d23f::IO.Channel.State,instance_ancestor,0
train,7b6ecb9ad4829e4e73600a3329baeb3b5df8d23f::instMonadBaseIO,7b6ecb9ad4829e4e73600a3329baeb3b5df8d23f::IO.Process.StdioConfig,instance_ancestor,0
train,7b6ecb9ad4829e4e73600a3329baeb3b5df8d23f::floatDecLe,7b6ecb9ad4829e4e73600a3329baeb3b5df8d23f::Float,instance_ancestor,0
train,7b6ecb9ad4829e4e73600a3329baeb3b5df8d23f::Fin.instLawfulIdentityHAddNatOfNatHMul,7b6ecb9ad4829e4e73600a3329baeb3b5df8d23f::Lean.Meta.ApplyConfig,instance_ancestor,0
train,7b6ecb9ad4829e4e73600a3329baeb3b5df8d23f::monadFunctorRefl,7b6ecb9ad4829e4e73600a3329baeb3b5df8d23f::BEq,instance_ancestor,0
train,7b6ecb9ad4829e4e73600a3329baeb3b5df8d23f::ReaderT.instAlternativeOfMonad,7b6ecb9ad4829e4e73600a3329baeb3b5df8d23f::Lean.Meta.DefEqCacheKeyInfo,instance_ancestor,0
train,7b6ecb9ad4829e4e73600a3329baeb3b5df8d23f::Lean.Macro.instMonadRefMacroM,7b6ecb9ad4829e4e73600a3329baeb3b5df8d23f::HShiftLeft,instance_ancestor,0
train,7b6ecb9ad4829e4e73600a3329baeb3b5df8d23f::instXorUInt64,7b6ecb9ad4829e4e73600a3329baeb3b5df8d23f::CoeHTCT,instance_ancestor,0
train,7b6ecb9ad4829e4e73600a3329baeb3b5df8d23f::instDecidableAnd,7b6ecb9ad4829e4e73600a3329baeb3b5df8d23f::HDiv,instance_ancestor,0
train,7b6ecb9ad4829e4e73600a3329baeb3b5df8d23f::instInhabitedForallOfMonad,7b6ecb9ad4829e4e73600a3329baeb3b5df8d23f::LE,instance_ancestor,0
train,7b6ecb9ad4829e4e73600a3329baeb3b5df8d23f::instDecidableEqUInt16,7b6ecb9ad4829e4e73600a3329baeb3b5df8d23f::ULift,instance_ancestor,0
train,7b6ecb9ad4829e4e73600a3329baeb3b5df8d23f::BitVec.instOfNat,7b6ecb9ad4829e4e73600a3329baeb3b5df8d23f::Lean.AttributeExtensionState,instance_ancestor,0
train,7b6ecb9ad4829e4e73600a3329baeb3b5df8d23f::instMonadReaderOfMonadReaderOf,7b6ecb9ad4829e4e73600a3329baeb3b5df8d23f::Lean.TSyntax,instance_ancestor,0
train,7b6ecb9ad4829e4e73600a3329baeb3b5df8d23f::instLTOption,7b6ecb9ad4829e4e73600a3329baeb3b5df8d23f::Lean.Elab.DefViewElabHeader,instance_ancestor,0
train,7b6ecb9ad4829e4e73600a3329baeb3b5df8d23f::List.instLawfulIdentityHAppendNil,7b6ecb9ad4829e4e73600a3329baeb3b5df8d23f::Lean.Elab.UserWidgetInfo,instance_ancestor,0
train,7b6ecb9ad4829e4e73600a3329baeb3b5df8d23f::instToStringString,7b6ecb9ad4829e4e73600a3329baeb3b5df8d23f::Lean.JsonRpc.Request,instance_ancestor,0
train,7b6ecb9ad4829e4e73600a3329baeb3b5df8d23f::Monad,7b6ecb9ad4829e4e73600a3329baeb3b5df8d23f::HomogeneousPow,extends_ancestor,0
train,7b6ecb9ad4829e4e73600a3329baeb3b5df8d23f::instLawfulMonadStateRefT',7b6ecb9ad4829e4e73600a3329baeb3b5df8d23f::Lean.PrettyPrinter.Delaborator.Context,instance_ancestor,0
train,7b6ecb9ad4829e4e73600a3329baeb3b5df8d23f::System.FilePath.instDiv,7b6ecb9ad4829e4e73600a3329baeb3b5df8d23f::Std.IdempotentOp,instance_ancestor,0
train,7b6ecb9ad4829e4e73600a3329baeb3b5df8d23f::BitVec.instDiv,7b6ecb9ad4829e4e73600a3329baeb3b5df8d23f::Lean.Elab.InfoState,instance_ancestor,0
train,7b6ecb9ad4829e4e73600a3329baeb3b5df8d23f::instCoeHTCOfCoeOTC,7b6ecb9ad4829e4e73600a3329baeb3b5df8d23f::CoeHead,instance_ancestor,0
train,7b6ecb9ad4829e4e73600a3329baeb3b5df8d23f::ExceptCpsT.instMonadExceptOf,7b6ecb9ad4829e4e73600a3329baeb3b5df8d23f::Lake.MonadCycleOf,instance_ancestor,0
train,7b6ecb9ad4829e4e73600a3329baeb3b5df8d23f::IO.FS.instInhabitedSystemTime,7b6ecb9ad4829e4e73600a3329baeb3b5df8d23f::IO.FS.DirEntry,instance_ancestor,0
train,7b6ecb9ad4829e4e73600a3329baeb3b5df8d23f::instModUInt64,7b6ecb9ad4829e4e73600a3329baeb3b5df8d23f::Lake.ComputeHash,instance_ancestor,0
train,7b6ecb9ad4829e4e73600a3329baeb3b5df8d23f::ReaderT.instAlternativeOfMonad,7b6ecb9ad4829e4e73600a3329baeb3b5df8d23f::Lean.Parser.ParserState,instance_ancestor,0
train,7b6ecb9ad4829e4e73600a3329baeb3b5df8d23f::BitVec.instDecidableLt,7b6ecb9ad4829e4e73600a3329baeb3b5df8d23f::WellFoundedRelation,instance_ancestor,0
train,7b6ecb9ad4829e4e73600a3329baeb3b5df8d23f::Lean.instEvalIO,7b6ecb9ad4829e4e73600a3329baeb3b5df8d23f::IO.FS.Stream,instance_ancestor,0
train,7b6ecb9ad4829e4e73600a3329baeb3b5df8d23f::List.instLEOfLT,7b6ecb9ad4829e4e73600a3329baeb3b5df8d23f::Lake.NPackage,instance_ancestor,0
train,7b6ecb9ad4829e4e73600a3329baeb3b5df8d23f::Int.instTransLe,7b6ecb9ad4829e4e73600a3329baeb3b5df8d23f::Lean.Compiler.LCNF.Testing.InOutAssertionContext,instance_ancestor,0
train,7b6ecb9ad4829e4e73600a3329baeb3b5df8d23f::Lean.Name.instLawfulBEq,7b6ecb9ad4829e4e73600a3329baeb3b5df8d23f::Lean.MonadNameGenerator,instance_ancestor,0
train,7b6ecb9ad4829e4e73600a3329baeb3b5df8d23f::decPropToBool,7b6ecb9ad4829e4e73600a3329baeb3b5df8d23f::CoeHTCT,instance_ancestor,0
train,7b6ecb9ad4829e4e73600a3329baeb3b5df8d23f::instToStringChar,7b6ecb9ad4829e4e73600a3329baeb3b5df8d23f::Lean.Elab.FieldInfo,instance_ancestor,0
train,7b6ecb9ad4829e4e73600a3329baeb3b5df8d23f::Bool.instLawfulIdentityBeqTrue,7b6ecb9ad4829e4e73600a3329baeb3b5df8d23f::Lean.Elab.Tactic.Cache,instance_ancestor,0
train,7b6ecb9ad4829e4e73600a3329baeb3b5df8d23f::instDecidableRelLt,7b6ecb9ad4829e4e73600a3329baeb3b5df8d23f::Lean.LevelMVarId,instance_ancestor,0
train,7b6ecb9ad4829e4e73600a3329baeb3b5df8d23f::UInt16.instInhabited,7b6ecb9ad4829e4e73600a3329baeb3b5df8d23f::Lean.ExprStructEq,instance_ancestor,0
train,7b6ecb9ad4829e4e73600a3329baeb3b5df8d23f::instHAppendOfAppend,7b6ecb9ad4829e4e73600a3329baeb3b5df8d23f::HOrElse,instance_ancestor,0
train,7b6ecb9ad4829e4e73600a3329baeb3b5df8d23f::Option.instDecidableForallForallMemOfDecidablePred,7b6ecb9ad4829e4e73600a3329baeb3b5df8d23f::Lean.Elab.Term.Quotation.Precheck.Context,instance_ancestor,0
train,7b6ecb9ad4829e4e73600a3329baeb3b5df8d23f::instDecidableEqBool,7b6ecb9ad4829e4e73600a3329baeb3b5df8d23f::UInt64,instance_ancestor,0
train,7b6ecb9ad4829e4e73600a3329baeb3b5df8d23f::EStateM.instOrElseOfBacktrackable,7b6ecb9ad4829e4e73600a3329baeb3b5df8d23f::Mod,instance_ancestor,0
train,7b6ecb9ad4829e4e73600a3329baeb3b5df8d23f::IO.Channel.instInhabitedState,7b6ecb9ad4829e4e73600a3329baeb3b5df8d23f::IO.FS.Metadata,instance_ancestor,0
train,7b6ecb9ad4829e4e73600a3329baeb3b5df8d23f::EStateM.instMonad,7b6ecb9ad4829e4e73600a3329baeb3b5df8d23f::PProd,instance_ancestor,0
train,7b6ecb9ad4829e4e73600a3329baeb3b5df8d23f::instMonadFinallyStateRefT'OfMonad,7b6ecb9ad4829e4e73600a3329baeb3b5df8d23f::Lean.Elab.Term.StructInst.CtorHeaderResult,instance_ancestor,0
train,7b6ecb9ad4829e4e73600a3329baeb3b5df8d23f::ReaderT.instAlternativeOfMonad,7b6ecb9ad4829e4e73600a3329baeb3b5df8d23f::_private.Init.Data.Format.Basic.0.Std.Format.State,instance_ancestor,0
train,7b6ecb9ad4829e4e73600a3329baeb3b5df8d23f::Lean.TSyntax.instCoeScientificLitTerm,7b6ecb9ad4829e4e73600a3329baeb3b5df8d23f::Lean.Meta.Rewrite.Config,instance_ancestor,0
train,7b6ecb9ad4829e4e73600a3329baeb3b5df8d23f::instMinFloat,7b6ecb9ad4829e4e73600a3329baeb3b5df8d23f::FloatSpec,instance_ancestor,0
train,7b6ecb9ad4829e4e73600a3329baeb3b5df8d23f::instPowNat,7b6ecb9ad4829e4e73600a3329baeb3b5df8d23f::HXor,instance_ancestor,0
train,7b6ecb9ad4829e4e73600a3329baeb3b5df8d23f::Nat.instDvd,7b6ecb9ad4829e4e73600a3329baeb3b5df8d23f::Lean.Meta.SynthInstanceCacheKey,instance_ancestor,0
train,7b6ecb9ad4829e4e73600a3329baeb3b5df8d23f::List.instDecidableLeOfDecidableRelLt,7b6ecb9ad4829e4e73600a3329baeb3b5df8d23f::Lean.EnvironmentHeader,instance_ancestor,0
train,7b6ecb9ad4829e4e73600a3329baeb3b5df8d23f::BitVec.instCommutativeHAdd,7b6ecb9ad4829e4e73600a3329baeb3b5df8d23f::Lean.Meta.DefEqContext,instance_ancestor,0
train,7b6ecb9ad4829e4e73600a3329baeb3b5df8d23f::StateT.monadControl,7b6ecb9ad4829e4e73600a3329baeb3b5df8d23f::Lean.Lsp.StaticRegistrationOptions,instance_ancestor,0
train,7b6ecb9ad4829e4e73600a3329baeb3b5df8d23f::StateCpsT.instMonadStateOf,7b6ecb9ad4829e4e73600a3329baeb3b5df8d23f::Lean.Elab.FVarAliasInfo,instance_ancestor,0
train,7b6ecb9ad4829e4e73600a3329baeb3b5df8d23f::Fin.coeToNat,7b6ecb9ad4829e4e73600a3329baeb3b5df8d23f::MonadLiftT,instance_ancestor,0
train,7b6ecb9ad4829e4e73600a3329baeb3b5df8d23f::Array.instMembership,7b6ecb9ad4829e4e73600a3329baeb3b5df8d23f::Lean.Firefox.FuncTable,instance_ancestor,0
train,7b6ecb9ad4829e4e73600a3329baeb3b5df8d23f::instOrOpUSize,7b6ecb9ad4829e4e73600a3329baeb3b5df8d23f::Lake.MixTrace,instance_ancestor,0
train,7b6ecb9ad4829e4e73600a3329baeb3b5df8d23f::instLawfulMonadExcept,7b6ecb9ad4829e4e73600a3329baeb3b5df8d23f::Lean.Elab.Tactic.ElimApp.Context,instance_ancestor,0
train,7b6ecb9ad4829e4e73600a3329baeb3b5df8d23f::Option.instMembership,7b6ecb9ad4829e4e73600a3329baeb3b5df8d23f::Lean.Omega.LinearCombo,instance_ancestor,0
train,7b6ecb9ad4829e4e73600a3329baeb3b5df8d23f::Lean.PrettyPrinter.instMonadQuotationUnexpandM,7b6ecb9ad4829e4e73600a3329baeb3b5df8d23f::AndThen,instance_ancestor,0
train,7b6ecb9ad4829e4e73600a3329baeb3b5df8d23f::Lean.Syntax.instBEq,7b6ecb9ad4829e4e73600a3329baeb3b5df8d23f::Lean.Meta.Rewrite.Config,instance_ancestor,0
train,7b6ecb9ad4829e4e73600a3329baeb3b5df8d23f::optionCoe,7b6ecb9ad4829e4e73600a3329baeb3b5df8d23f::CoeOut,instance_ancestor,0
train,7b6ecb9ad4829e4e73600a3329baeb3b5df8d23f::Sum.inhabitedRight,7b6ecb9ad4829e4e73600a3329baeb3b5df8d23f::HasEquiv,instance_ancestor,0
train,7b6ecb9ad4829e4e73600a3329baeb3b5df8d23f::Prod.Lex.instDecidableRelOfDecidableEq,7b6ecb9ad4829e4e73600a3329baeb3b5df8d23f::Lean.Elab.MonadInfoTree,instance_ancestor,0
train,7b6ecb9ad4829e4e73600a3329baeb3b5df8d23f::instReprSubarray,7b6ecb9ad4829e4e73600a3329baeb3b5df8d23f::IO.FileRight,instance_ancestor,0
train,7b6ecb9ad4829e4e73600a3329baeb3b5df8d23f::Lean.Syntax.instCoeOutTSepArrayTSyntaxArray,7b6ecb9ad4829e4e73600a3329baeb3b5df8d23f::Lean.Quote,instance_ancestor,0
train,7b6ecb9ad4829e4e73600a3329baeb3b5df8d23f::Nat.decidableBallLT,7b6ecb9ad4829e4e73600a3329baeb3b5df8d23f::Lean.Option.Decl,instance_ancestor,0
train,7b6ecb9ad4829e4e73600a3329baeb3b5df8d23f::instReprProdOfReprTuple,7b6ecb9ad4829e4e73600a3329baeb3b5df8d23f::ReprTuple,instance_ancestor,0
train,7b6ecb9ad4829e4e73600a3329baeb3b5df8d23f::IO.instNonemptyCondvar,7b6ecb9ad4829e4e73600a3329baeb3b5df8d23f::Lean.Elab.Term.ElabElim.Context,instance_ancestor,0
train,7b6ecb9ad4829e4e73600a3329baeb3b5df8d23f::instReprPUnit,7b6ecb9ad4829e4e73600a3329baeb3b5df8d23f::ReprAtom,instance_ancestor,0
train,7b6ecb9ad4829e4e73600a3329baeb3b5df8d23f::Monad,7b6ecb9ad4829e4e73600a3329baeb3b5df8d23f::MProd,extends_ancestor,0
train,7b6ecb9ad4829e4e73600a3329baeb3b5df8d23f::instMulNat,7b6ecb9ad4829e4e73600a3329baeb3b5df8d23f::MonadWithReaderOf,instance_ancestor,0
train,7b6ecb9ad4829e4e73600a3329baeb3b5df8d23f::instNonemptyOfInhabited,7b6ecb9ad4829e4e73600a3329baeb3b5df8d23f::Array,instance_ancestor,0
train,7b6ecb9ad4829e4e73600a3329baeb3b5df8d23f::Applicative,7b6ecb9ad4829e4e73600a3329baeb3b5df8d23f::Xor,extends_ancestor,0
train,7b6ecb9ad4829e4e73600a3329baeb3b5df8d23f::instDecidableEqFin,7b6ecb9ad4829e4e73600a3329baeb3b5df8d23f::EStateM.Backtrackable,instance_ancestor,0
train,7b6ecb9ad4829e4e73600a3329baeb3b5df8d23f::BitVec.instXor,7b6ecb9ad4829e4e73600a3329baeb3b5df8d23f::Lean.Widget.GetGoToLocationParams,instance_ancestor,0
train,7b6ecb9ad4829e4e73600a3329baeb3b5df8d23f::Lean.Omega.LinearCombo.instSub,7b6ecb9ad4829e4e73600a3329baeb3b5df8d23f::Lean.Lsp.SemanticTokens,instance_ancestor,0
train,7b6ecb9ad4829e4e73600a3329baeb3b5df8d23f::ExceptCpsT.instInhabited,7b6ecb9ad4829e4e73600a3329baeb3b5df8d23f::Lean.Meta.Config,instance_ancestor,0
train,7b6ecb9ad4829e4e73600a3329baeb3b5df8d23f::Lean.instQuoteNatNumLitKind,7b6ecb9ad4829e4e73600a3329baeb3b5df8d23f::Meta.Rewrite.Config,instance_ancestor,0
train,7b6ecb9ad4829e4e73600a3329baeb3b5df8d23f::Lean.TSyntax.instCoeNameLitTerm,7b6ecb9ad4829e4e73600a3329baeb3b5df8d23f::Meta.Rewrite.Config,instance_ancestor,0
train,7b6ecb9ad4829e4e73600a3329baeb3b5df8d23f::instXorUInt32,7b6ecb9ad4829e4e73600a3329baeb3b5df8d23f::Lean.Environment,instance_ancestor,0
train,7b6ecb9ad4829e4e73600a3329baeb3b5df8d23f::Fin.instLawfulIdentityHAddNatOfNatHMul,7b6ecb9ad4829e4e73600a3329baeb3b5df8d23f::Lake.FamilyOut,instance_ancestor,0
train,7b6ecb9ad4829e4e73600a3329baeb3b5df8d23f::instLawfulBEqString,7b6ecb9ad4829e4e73600a3329baeb3b5df8d23f::Task,instance_ancestor,0
train,7b6ecb9ad4829e4e73600a3329baeb3b5df8d23f::List.instDecidableMemOfLawfulBEq,7b6ecb9ad4829e4e73600a3329baeb3b5df8d23f::Lean.Meta.Instances,instance_ancestor,0
train,7b6ecb9ad4829e4e73600a3329baeb3b5df8d23f::instDecidableEqPos,7b6ecb9ad4829e4e73600a3329baeb3b5df8d23f::MonadLiftT,instance_ancestor,0
train,7b6ecb9ad4829e4e73600a3329baeb3b5df8d23f::instInhabitedForInStep,7b6ecb9ad4829e4e73600a3329baeb3b5df8d23f::Insert,instance_ancestor,0
train,7b6ecb9ad4829e4e73600a3329baeb3b5df8d23f::instReprAtomUInt64,7b6ecb9ad4829e4e73600a3329baeb3b5df8d23f::ReprTuple,instance_ancestor,0
train,7b6ecb9ad4829e4e73600a3329baeb3b5df8d23f::ExceptT.instMonad,7b6ecb9ad4829e4e73600a3329baeb3b5df8d23f::LLVM.Module,instance_ancestor,0
train,7b6ecb9ad4829e4e73600a3329baeb3b5df8d23f::System.FilePath.instHDivString,7b6ecb9ad4829e4e73600a3329baeb3b5df8d23f::Lake.EqOfCmpWrt,instance_ancestor,0
train,7b6ecb9ad4829e4e73600a3329baeb3b5df8d23f::StateRefT'.instAlternativeOfMonad,7b6ecb9ad4829e4e73600a3329baeb3b5df8d23f::Std.ToFormat,instance_ancestor,0
train,7b6ecb9ad4829e4e73600a3329baeb3b5df8d23f::Nat.instTransLe,7b6ecb9ad4829e4e73600a3329baeb3b5df8d23f::EStateM.Backtrackable,instance_ancestor,0
train,7b6ecb9ad4829e4e73600a3329baeb3b5df8d23f::Lean.TSyntax.instCoeIdentTerm,7b6ecb9ad4829e4e73600a3329baeb3b5df8d23f::Lean.Quote,instance_ancestor,0
train,7b6ecb9ad4829e4e73600a3329baeb3b5df8d23f::Lean.instInhabitedSyntax,7b6ecb9ad4829e4e73600a3329baeb3b5df8d23f::MonadLift,instance_ancestor,0
train,7b6ecb9ad4829e4e73600a3329baeb3b5df8d23f::Applicative,7b6ecb9ad4829e4e73600a3329baeb3b5df8d23f::MProd,extends_ancestor,0
train,7b6ecb9ad4829e4e73600a3329baeb3b5df8d23f::BitVec.instDecidableLe,7b6ecb9ad4829e4e73600a3329baeb3b5df8d23f::Std.LawfulRightIdentity,instance_ancestor,0
train,7b6ecb9ad4829e4e73600a3329baeb3b5df8d23f::instForInOfStream,7b6ecb9ad4829e4e73600a3329baeb3b5df8d23f::Stream,instance_ancestor,0
train,7b6ecb9ad4829e4e73600a3329baeb3b5df8d23f::instShiftRightUInt8,7b6ecb9ad4829e4e73600a3329baeb3b5df8d23f::Mod,instance_ancestor,0
train,7b6ecb9ad4829e4e73600a3329baeb3b5df8d23f::Bool.instDecidableForallOfDecidablePred,7b6ecb9ad4829e4e73600a3329baeb3b5df8d23f::Lean.PrettyPrinter.Parenthesizer.State,instance_ancestor,0
train,7b6ecb9ad4829e4e73600a3329baeb3b5df8d23f::Except.instMonad,7b6ecb9ad4829e4e73600a3329baeb3b5df8d23f::Lean.Elab.Structural.EqnInfo,instance_ancestor,0
train,7b6ecb9ad4829e4e73600a3329baeb3b5df8d23f::instSubNat,7b6ecb9ad4829e4e73600a3329baeb3b5df8d23f::LT,instance_ancestor,0
train,7b6ecb9ad4829e4e73600a3329baeb3b5df8d23f::StateCpsT.instLawfulMonad,7b6ecb9ad4829e4e73600a3329baeb3b5df8d23f::Lake.LeanOption,instance_ancestor,0
train,7b6ecb9ad4829e4e73600a3329baeb3b5df8d23f::instDecidableEqBitVec,7b6ecb9ad4829e4e73600a3329baeb3b5df8d23f::Lean.Meta.Match.MatcherResult,instance_ancestor,0
train,7b6ecb9ad4829e4e73600a3329baeb3b5df8d23f::instOrdNat,7b6ecb9ad4829e4e73600a3329baeb3b5df8d23f::Lean.Compiler.LCNF.Simp.Config,instance_ancestor,0
train,7b6ecb9ad4829e4e73600a3329baeb3b5df8d23f::instCoeTailNatOfNatCast,7b6ecb9ad4829e4e73600a3329baeb3b5df8d23f::Lean.Elab.PreDefinition,instance_ancestor,0
train,7b6ecb9ad4829e4e73600a3329baeb3b5df8d23f::ByteArray.instEmptyCollection,7b6ecb9ad4829e4e73600a3329baeb3b5df8d23f::Lean.Data.AC.Variable,instance_ancestor,0
train,7b6ecb9ad4829e4e73600a3329baeb3b5df8d23f::ReaderT.instApplicativeOfMonad,7b6ecb9ad4829e4e73600a3329baeb3b5df8d23f::Lean.MonadQuotation,instance_ancestor,0
train,7b6ecb9ad4829e4e73600a3329baeb3b5df8d23f::instLawfulIdentityAndTrue,7b6ecb9ad4829e4e73600a3329baeb3b5df8d23f::And,instance_ancestor,0
train,7b6ecb9ad4829e4e73600a3329baeb3b5df8d23f::instHashableList,7b6ecb9ad4829e4e73600a3329baeb3b5df8d23f::Lean.Server.RpcEncodable.RpcEncodablePacket,instance_ancestor,0
train,7b6ecb9ad4829e4e73600a3329baeb3b5df8d23f::Std.LawfulCommIdentity,7b6ecb9ad4829e4e73600a3329baeb3b5df8d23f::Thunk,extends_ancestor,0
train,7b6ecb9ad4829e4e73600a3329baeb3b5df8d23f::Lean.Meta.instReprConfig_1,7b6ecb9ad4829e4e73600a3329baeb3b5df8d23f::Lean.MonadNameGenerator,instance_ancestor,0
train,7b6ecb9ad4829e4e73600a3329baeb3b5df8d23f::Nat.decidableBallLE,7b6ecb9ad4829e4e73600a3329baeb3b5df8d23f::Lake.LoadConfig,instance_ancestor,0
train,7b6ecb9ad4829e4e73600a3329baeb3b5df8d23f::ReaderT.instMonadLift,7b6ecb9ad4829e4e73600a3329baeb3b5df8d23f::Hashable,instance_ancestor,0
train,7b6ecb9ad4829e4e73600a3329baeb3b5df8d23f::Nat.instLawfulIdentityHMulOfNat,7b6ecb9ad4829e4e73600a3329baeb3b5df8d23f::Lean.Language.SnapshotLeaf,instance_ancestor,0
train,7b6ecb9ad4829e4e73600a3329baeb3b5df8d23f::instLTUInt32,7b6ecb9ad4829e4e73600a3329baeb3b5df8d23f::Add,instance_ancestor,0
train,7b6ecb9ad4829e4e73600a3329baeb3b5df8d23f::Nat.instCommutativeHAdd,7b6ecb9ad4829e4e73600a3329baeb3b5df8d23f::Lean.IR.Borrow.BorrowInfCtx,instance_ancestor,0
train,7b6ecb9ad4829e4e73600a3329baeb3b5df8d23f::boolToProp,7b6ecb9ad4829e4e73600a3329baeb3b5df8d23f::CoeTail,instance_ancestor,0
train,7b6ecb9ad4829e4e73600a3329baeb3b5df8d23f::instInhabitedStdGen,7b6ecb9ad4829e4e73600a3329baeb3b5df8d23f::StdGen,instance_ancestor,0
train,7b6ecb9ad4829e4e73600a3329baeb3b5df8d23f::instHModUInt16Nat,7b6ecb9ad4829e4e73600a3329baeb3b5df8d23f::Lean.Elab.Structural.RecArgInfo,instance_ancestor,0
train,7b6ecb9ad4829e4e73600a3329baeb3b5df8d23f::Nat.instDiv,7b6ecb9ad4829e4e73600a3329baeb3b5df8d23f::Lake.Toml.Date,instance_ancestor,0
train,7b6ecb9ad4829e4e73600a3329baeb3b5df8d23f::instLTFin,7b6ecb9ad4829e4e73600a3329baeb3b5df8d23f::Lean.Macro.Context,instance_ancestor,0
train,7b6ecb9ad4829e4e73600a3329baeb3b5df8d23f::Lean.Syntax.instEmptyCollectionTSepArray,7b6ecb9ad4829e4e73600a3329baeb3b5df8d23f::Meta.Rewrite.Config,instance_ancestor,0
train,7b6ecb9ad4829e4e73600a3329baeb3b5df8d23f::instDecidableIff,7b6ecb9ad4829e4e73600a3329baeb3b5df8d23f::Std.Associative,instance_ancestor,0
train,7b6ecb9ad4829e4e73600a3329baeb3b5df8d23f::instSubsingletonStateM,7b6ecb9ad4829e4e73600a3329baeb3b5df8d23f::Lake.LoadConfig,instance_ancestor,0
train,7b6ecb9ad4829e4e73600a3329baeb3b5df8d23f::ByteArray.instLawfulGetElemNatUInt8LtSize,7b6ecb9ad4829e4e73600a3329baeb3b5df8d23f::ForIn,instance_ancestor,0
train,7b6ecb9ad4829e4e73600a3329baeb3b5df8d23f::instAndOpUInt64,7b6ecb9ad4829e4e73600a3329baeb3b5df8d23f::LLVM.BasicBlock,instance_ancestor,0
train,7b6ecb9ad4829e4e73600a3329baeb3b5df8d23f::instReprSubarray,7b6ecb9ad4829e4e73600a3329baeb3b5df8d23f::Lean.Lsp.DidChangeWatchedFilesRegistrationOptions,instance_ancestor,0
train,7b6ecb9ad4829e4e73600a3329baeb3b5df8d23f::Std.Format.instBEqFlattenBehavior,7b6ecb9ad4829e4e73600a3329baeb3b5df8d23f::Std.Format.MonadPrettyFormat,instance_ancestor,0
train,7b6ecb9ad4829e4e73600a3329baeb3b5df8d23f::instSizeOf,7b6ecb9ad4829e4e73600a3329baeb3b5df8d23f::Lean.Lsp.CompletionClientCapabilities,instance_ancestor,0
train,7b6ecb9ad4829e4e73600a3329baeb3b5df8d23f::StateRefT'.instAlternativeOfMonad,7b6ecb9ad4829e4e73600a3329baeb3b5df8d23f::Lean.Compiler.LCNF.Simp.InlineCandidateInfo,instance_ancestor,0
train,7b6ecb9ad4829e4e73600a3329baeb3b5df8d23f::instTransEq_1,7b6ecb9ad4829e4e73600a3329baeb3b5df8d23f::HMul,instance_ancestor,0
train,7b6ecb9ad4829e4e73600a3329baeb3b5df8d23f::instMonadStateOfMonadStateOf,7b6ecb9ad4829e4e73600a3329baeb3b5df8d23f::Applicative,instance_ancestor,0
train,7b6ecb9ad4829e4e73600a3329baeb3b5df8d23f::instComplementUSize,7b6ecb9ad4829e4e73600a3329baeb3b5df8d23f::Lake.LeanLib,instance_ancestor,0
train,7b6ecb9ad4829e4e73600a3329baeb3b5df8d23f::Nat.instCommutativeLcm,7b6ecb9ad4829e4e73600a3329baeb3b5df8d23f::Stream,instance_ancestor,0
train,7b6ecb9ad4829e4e73600a3329baeb3b5df8d23f::instToStringUInt8,7b6ecb9ad4829e4e73600a3329baeb3b5df8d23f::Lean.Elab.Term.Do.ToTerm.Context,instance_ancestor,0
train,7b6ecb9ad4829e4e73600a3329baeb3b5df8d23f::instNonemptyTypeName,7b6ecb9ad4829e4e73600a3329baeb3b5df8d23f::Lean.ScopedEnvExtension.State,instance_ancestor,0
train,7b6ecb9ad4829e4e73600a3329baeb3b5df8d23f::BitVec.instMul,7b6ecb9ad4829e4e73600a3329baeb3b5df8d23f::Lean.Lsp.RpcKeepAliveParams,instance_ancestor,0
train,7b6ecb9ad4829e4e73600a3329baeb3b5df8d23f::instDivUInt32,7b6ecb9ad4829e4e73600a3329baeb3b5df8d23f::Std.Format.WorkItem,instance_ancestor,0
train,7b6ecb9ad4829e4e73600a3329baeb3b5df8d23f::StateCpsT.instMonad,7b6ecb9ad4829e4e73600a3329baeb3b5df8d23f::Lean.IR.Checker.CheckerState,instance_ancestor,0
train,7b6ecb9ad4829e4e73600a3329baeb3b5df8d23f::instHashableFin,7b6ecb9ad4829e4e73600a3329baeb3b5df8d23f::Lean.Meta.DefaultInstanceEntry,instance_ancestor,0
train,7b6ecb9ad4829e4e73600a3329baeb3b5df8d23f::instBEqProd,7b6ecb9ad4829e4e73600a3329baeb3b5df8d23f::Std.IdempotentOp,instance_ancestor,0
train,7b6ecb9ad4829e4e73600a3329baeb3b5df8d23f::Fin.instShiftRight,7b6ecb9ad4829e4e73600a3329baeb3b5df8d23f::Lake.LakeOptions,instance_ancestor,0
train,7b6ecb9ad4829e4e73600a3329baeb3b5df8d23f::instSubsingletonSquash,7b6ecb9ad4829e4e73600a3329baeb3b5df8d23f::Iff,instance_ancestor,0
train,7b6ecb9ad4829e4e73600a3329baeb3b5df8d23f::Lean.Syntax.instBEqTSyntax,7b6ecb9ad4829e4e73600a3329baeb3b5df8d23f::Lean.Quote,instance_ancestor,0
train,7b6ecb9ad4829e4e73600a3329baeb3b5df8d23f::instToStringFloat,7b6ecb9ad4829e4e73600a3329baeb3b5df8d23f::FloatSpec,instance_ancestor,0
train,7b6ecb9ad4829e4e73600a3329baeb3b5df8d23f::Except.instMonad,7b6ecb9ad4829e4e73600a3329baeb3b5df8d23f::Lean.Lsp.CreateFile.Options,instance_ancestor,0
train,7b6ecb9ad4829e4e73600a3329baeb3b5df8d23f::List.instLawfulIdentityHAppendNil,7b6ecb9ad4829e4e73600a3329baeb3b5df8d23f::Lean.LevelMVarId,instance_ancestor,0
train,7b6ecb9ad4829e4e73600a3329baeb3b5df8d23f::instMonadWithReaderOfReaderTOfMonad,7b6ecb9ad4829e4e73600a3329baeb3b5df8d23f::PProd,instance_ancestor,0
train,7b6ecb9ad4829e4e73600a3329baeb3b5df8d23f::instSubUInt8,7b6ecb9ad4829e4e73600a3329baeb3b5df8d23f::Lake.ExternLibDecl,instance_ancestor,0
train,7b6ecb9ad4829e4e73600a3329baeb3b5df8d23f::instOrdOption,7b6ecb9ad4829e4e73600a3329baeb3b5df8d23f::Lake.FamilyOut,instance_ancestor,0
train,7b6ecb9ad4829e4e73600a3329baeb3b5df8d23f::instDecidableEqString,7b6ecb9ad4829e4e73600a3329baeb3b5df8d23f::Add,instance_ancestor,0
train,7b6ecb9ad4829e4e73600a3329baeb3b5df8d23f::ReaderT.instMonadExceptOf,7b6ecb9ad4829e4e73600a3329baeb3b5df8d23f::SeqRight,instance_ancestor,0
train,7b6ecb9ad4829e4e73600a3329baeb3b5df8d23f::StateT.instAlternative,7b6ecb9ad4829e4e73600a3329baeb3b5df8d23f::Lean.Language.Lean.CommandFinishedSnapshot,instance_ancestor,0
train,7b6ecb9ad4829e4e73600a3329baeb3b5df8d23f::IO.instInhabitedTaskState,7b6ecb9ad4829e4e73600a3329baeb3b5df8d23f::Lean.Eval,instance_ancestor,0
train,7b6ecb9ad4829e4e73600a3329baeb3b5df8d23f::Sum.instBEq,7b6ecb9ad4829e4e73600a3329baeb3b5df8d23f::_private.Init.System.Promise.0.IO.PromiseImpl,instance_ancestor,0
train,7b6ecb9ad4829e4e73600a3329baeb3b5df8d23f::Bool.instAssociativeBne,7b6ecb9ad4829e4e73600a3329baeb3b5df8d23f::Lean.Lsp.DiagnosticRelatedInformation,instance_ancestor,0
train,7b6ecb9ad4829e4e73600a3329baeb3b5df8d23f::Lean.TSyntax.instCoeConsSyntaxNodeKind,7b6ecb9ad4829e4e73600a3329baeb3b5df8d23f::Lean.Quote,instance_ancestor,0
train,7b6ecb9ad4829e4e73600a3329baeb3b5df8d23f::instMonadReaderOfReaderTOfMonad,7b6ecb9ad4829e4e73600a3329baeb3b5df8d23f::HSub,instance_ancestor,0
train,7b6ecb9ad4829e4e73600a3329baeb3b5df8d23f::String.instAppend,7b6ecb9ad4829e4e73600a3329baeb3b5df8d23f::Lake.BuildConfig,instance_ancestor,0
train,7b6ecb9ad4829e4e73600a3329baeb3b5df8d23f::Lean.instQuoteOfCoeHTCTTSyntaxConsSyntaxNodeKindNil,7b6ecb9ad4829e4e73600a3329baeb3b5df8d23f::Lean.Meta.Omega.OmegaConfig,instance_ancestor,0
train,7b6ecb9ad4829e4e73600a3329baeb3b5df8d23f::instLawfulMonadStateRefT',7b6ecb9ad4829e4e73600a3329baeb3b5df8d23f::Lean.Elab.Modifiers,instance_ancestor,0
train,7b6ecb9ad4829e4e73600a3329baeb3b5df8d23f::Nat.instAssociativeLcm,7b6ecb9ad4829e4e73600a3329baeb3b5df8d23f::Lean.Lsp.LeanStaleDependencyParams,instance_ancestor,0
train,7b6ecb9ad4829e4e73600a3329baeb3b5df8d23f::instCoeOutOfCoeFun,7b6ecb9ad4829e4e73600a3329baeb3b5df8d23f::CoeOTC,instance_ancestor,0
train,7b6ecb9ad4829e4e73600a3329baeb3b5df8d23f::Nat.instLawfulIdentityHMulOfNat,7b6ecb9ad4829e4e73600a3329baeb3b5df8d23f::Lean.Meta.ElimInfo,instance_ancestor,0
train,7b6ecb9ad4829e4e73600a3329baeb3b5df8d23f::Subarray.instForIn,7b6ecb9ad4829e4e73600a3329baeb3b5df8d23f::Lean.Core.SavedState,instance_ancestor,0
train,7b6ecb9ad4829e4e73600a3329baeb3b5df8d23f::Bool.instLawfulIdentityBneFalse,7b6ecb9ad4829e4e73600a3329baeb3b5df8d23f::Lean.SimpleScopedEnvExtension.Descr,instance_ancestor,0
train,7b6ecb9ad4829e4e73600a3329baeb3b5df8d23f::StateT.instAlternative,7b6ecb9ad4829e4e73600a3329baeb3b5df8d23f::Lean.Elab.Tactic.Omega.Context,instance_ancestor,0
train,7b6ecb9ad4829e4e73600a3329baeb3b5df8d23f::ExceptT.instMonad,7b6ecb9ad4829e4e73600a3329baeb3b5df8d23f::Lean.Compiler.LCNF.Specialize.CacheEntry,instance_ancestor,0
train,7b6ecb9ad4829e4e73600a3329baeb3b5df8d23f::subtypeCoe,7b6ecb9ad4829e4e73600a3329baeb3b5df8d23f::CoeHead,instance_ancestor,0
train,7b6ecb9ad4829e4e73600a3329baeb3b5df8d23f::instLawfulApplicativeExcept,7b6ecb9ad4829e4e73600a3329baeb3b5df8d23f::IO.Process.Child,instance_ancestor,0
train,7b6ecb9ad4829e4e73600a3329baeb3b5df8d23f::Nat.decidableExistsLT,7b6ecb9ad4829e4e73600a3329baeb3b5df8d23f::Lean.Parser.ParserState,instance_ancestor,0
train,7b6ecb9ad4829e4e73600a3329baeb3b5df8d23f::List.instLawfulIdentityHAppendNil,7b6ecb9ad4829e4e73600a3329baeb3b5df8d23f::Lean.Lsp.SymbolInformation,instance_ancestor,0
train,7b6ecb9ad4829e4e73600a3329baeb3b5df8d23f::instInhabitedEIO,7b6ecb9ad4829e4e73600a3329baeb3b5df8d23f::IO.Process.StdioConfig,instance_ancestor,0
train,7b6ecb9ad4829e4e73600a3329baeb3b5df8d23f::Array.instBEq,7b6ecb9ad4829e4e73600a3329baeb3b5df8d23f::Lean.Elab.CommandContextInfo,instance_ancestor,0
train,7b6ecb9ad4829e4e73600a3329baeb3b5df8d23f::Nat.instIdempotentOpMax,7b6ecb9ad4829e4e73600a3329baeb3b5df8d23f::Lean.KeyedDeclsAttribute.AttributeEntry,instance_ancestor,0
train,7b6ecb9ad4829e4e73600a3329baeb3b5df8d23f::Lean.instQuoteArrayMkStr1,7b6ecb9ad4829e4e73600a3329baeb3b5df8d23f::Lean.MonadNameGenerator,instance_ancestor,0
train,7b6ecb9ad4829e4e73600a3329baeb3b5df8d23f::ExceptCpsT.instMonad,7b6ecb9ad4829e4e73600a3329baeb3b5df8d23f::Lean.Server.RpcProcedure,instance_ancestor,0
train,7b6ecb9ad4829e4e73600a3329baeb3b5df8d23f::instComplementUInt8,7b6ecb9ad4829e4e73600a3329baeb3b5df8d23f::Lean.Elab.Term.ExtractMonadResult,instance_ancestor,0
train,7b6ecb9ad4829e4e73600a3329baeb3b5df8d23f::Nat.Linear.instInhabitedExpr,7b6ecb9ad4829e4e73600a3329baeb3b5df8d23f::Nat.Linear.PolyCnstr,instance_ancestor,0
train,7b6ecb9ad4829e4e73600a3329baeb3b5df8d23f::BitVec.instSubsingletonOfNatNat,7b6ecb9ad4829e4e73600a3329baeb3b5df8d23f::LawfulSingleton,instance_ancestor,0
train,7b6ecb9ad4829e4e73600a3329baeb3b5df8d23f::Nat.instCommutativeMax,7b6ecb9ad4829e4e73600a3329baeb3b5df8d23f::Lean.Meta.UnificationHints,instance_ancestor,0
train,7b6ecb9ad4829e4e73600a3329baeb3b5df8d23f::Int.instCommutativeHAdd,7b6ecb9ad4829e4e73600a3329baeb3b5df8d23f::Trans,instance_ancestor,0
train,7b6ecb9ad4829e4e73600a3329baeb3b5df8d23f::EStateM.instMonad,7b6ecb9ad4829e4e73600a3329baeb3b5df8d23f::MonadReaderOf,instance_ancestor,0
train,7b6ecb9ad4829e4e73600a3329baeb3b5df8d23f::instInhabitedPNonScalar,7b6ecb9ad4829e4e73600a3329baeb3b5df8d23f::Std.LawfulCommIdentity,instance_ancestor,0
train,7b6ecb9ad4829e4e73600a3329baeb3b5df8d23f::instMonadControlStateRefT',7b6ecb9ad4829e4e73600a3329baeb3b5df8d23f::Lean.Elab.WF.DecreasingBy,instance_ancestor,0
train,7b6ecb9ad4829e4e73600a3329baeb3b5df8d23f::Applicative,7b6ecb9ad4829e4e73600a3329baeb3b5df8d23f::Lean.Macro.Methods,extends_ancestor,0
train,7b6ecb9ad4829e4e73600a3329baeb3b5df8d23f::instHMod,7b6ecb9ad4829e4e73600a3329baeb3b5df8d23f::Lean.Syntax.TSepArray,instance_ancestor,0
train,7b6ecb9ad4829e4e73600a3329baeb3b5df8d23f::instHAndThenOfAndThen,7b6ecb9ad4829e4e73600a3329baeb3b5df8d23f::Sub,instance_ancestor,0
train,7b6ecb9ad4829e4e73600a3329baeb3b5df8d23f::decPropToBool,7b6ecb9ad4829e4e73600a3329baeb3b5df8d23f::CoeOTC,instance_ancestor,0
train,7b6ecb9ad4829e4e73600a3329baeb3b5df8d23f::instHAddPosString,7b6ecb9ad4829e4e73600a3329baeb3b5df8d23f::MProd,instance_ancestor,0
train,7b6ecb9ad4829e4e73600a3329baeb3b5df8d23f::Fin.subsingleton_zero,7b6ecb9ad4829e4e73600a3329baeb3b5df8d23f::Lean.PrettyPrinter.Delaborator.State,instance_ancestor,0
train,7b6ecb9ad4829e4e73600a3329baeb3b5df8d23f::instToStringPUnit,7b6ecb9ad4829e4e73600a3329baeb3b5df8d23f::Lean.PersistentEnvExtension,instance_ancestor,0
train,7b6ecb9ad4829e4e73600a3329baeb3b5df8d23f::instMonadBaseIO,7b6ecb9ad4829e4e73600a3329baeb3b5df8d23f::IO.Process.Child,instance_ancestor,0
train,7b6ecb9ad4829e4e73600a3329baeb3b5df8d23f::instOrOpUInt16,7b6ecb9ad4829e4e73600a3329baeb3b5df8d23f::Lean.Compiler.LCNF.FunDeclCore,instance_ancestor,0
train,7b6ecb9ad4829e4e73600a3329baeb3b5df8d23f::instToStringSum,7b6ecb9ad4829e4e73600a3329baeb3b5df8d23f::Lake.LawfulCmpEq,instance_ancestor,0
train,7b6ecb9ad4829e4e73600a3329baeb3b5df8d23f::BitVec.instOrOp,7b6ecb9ad4829e4e73600a3329baeb3b5df8d23f::Lean.Meta.DiagSummary,instance_ancestor,0
train,7b6ecb9ad4829e4e73600a3329baeb3b5df8d23f::instOrdUSize,7b6ecb9ad4829e4e73600a3329baeb3b5df8d23f::WellFoundedRelation,instance_ancestor,0
train,7b6ecb9ad4829e4e73600a3329baeb3b5df8d23f::Lean.Omega.Constraint.instToString,7b6ecb9ad4829e4e73600a3329baeb3b5df8d23f::Lean.Parser.ParserCacheEntry,instance_ancestor,0
train,7b6ecb9ad4829e4e73600a3329baeb3b5df8d23f::Lean.Syntax.instCoeTSyntaxArrayOfTSyntax,7b6ecb9ad4829e4e73600a3329baeb3b5df8d23f::Lean.Quote,instance_ancestor,0
train,7b6ecb9ad4829e4e73600a3329baeb3b5df8d23f::instToStringUInt16,7b6ecb9ad4829e4e73600a3329baeb3b5df8d23f::LazyDiscrTree.Cache,instance_ancestor,0
train,7b6ecb9ad4829e4e73600a3329baeb3b5df8d23f::Lean.Syntax.instCoeTSyntaxArrayTSepArray,7b6ecb9ad4829e4e73600a3329baeb3b5df8d23f::Lean.Quote,instance_ancestor,0
train,7b6ecb9ad4829e4e73600a3329baeb3b5df8d23f::instSubUInt16,7b6ecb9ad4829e4e73600a3329baeb3b5df8d23f::Lean.Widget.MsgToInteractive,instance_ancestor,0
train,7b6ecb9ad4829e4e73600a3329baeb3b5df8d23f::instMonadST,7b6ecb9ad4829e4e73600a3329baeb3b5df8d23f::ST.Ref,instance_ancestor,0
train,7b6ecb9ad4829e4e73600a3329baeb3b5df8d23f::Lean.monadNameGeneratorLift,7b6ecb9ad4829e4e73600a3329baeb3b5df8d23f::Meta.Omega.OmegaConfig,instance_ancestor,0
train,7b6ecb9ad4829e4e73600a3329baeb3b5df8d23f::instToStringPUnit,7b6ecb9ad4829e4e73600a3329baeb3b5df8d23f::Lake.PackageEntry,instance_ancestor,0
train,7b6ecb9ad4829e4e73600a3329baeb3b5df8d23f::instInhabitedUInt8,7b6ecb9ad4829e4e73600a3329baeb3b5df8d23f::Functor,instance_ancestor,0
train,7b6ecb9ad4829e4e73600a3329baeb3b5df8d23f::Bool.instLT,7b6ecb9ad4829e4e73600a3329baeb3b5df8d23f::Lean.Elab.Command.StructView,instance_ancestor,0
train,7b6ecb9ad4829e4e73600a3329baeb3b5df8d23f::Lean.Syntax.instEmptyCollectionSepArray,7b6ecb9ad4829e4e73600a3329baeb3b5df8d23f::Lean.Meta.Omega.OmegaConfig,instance_ancestor,0
train,7b6ecb9ad4829e4e73600a3329baeb3b5df8d23f::instAssociativeBoolOr,7b6ecb9ad4829e4e73600a3329baeb3b5df8d23f::Lean.Server.DocumentMeta,instance_ancestor,0
train,7b6ecb9ad4829e4e73600a3329baeb3b5df8d23f::ExceptCpsT.instMonadLiftOfMonad,7b6ecb9ad4829e4e73600a3329baeb3b5df8d23f::IO.CancelToken,instance_ancestor,0
train,7b6ecb9ad4829e4e73600a3329baeb3b5df8d23f::instLTUInt16,7b6ecb9ad4829e4e73600a3329baeb3b5df8d23f::Lean.Meta.SynthInstance.TableEntry,instance_ancestor,0
train,7b6ecb9ad4829e4e73600a3329baeb3b5df8d23f::Option.instDecidableEq,7b6ecb9ad4829e4e73600a3329baeb3b5df8d23f::Lean.MetavarContext.LevelMVarToParam.State,instance_ancestor,0
train,7b6ecb9ad4829e4e73600a3329baeb3b5df8d23f::Applicative,7b6ecb9ad4829e4e73600a3329baeb3b5df8d23f::Lean.MonadQuotation,extends_ancestor,0
train,7b6ecb9ad4829e4e73600a3329baeb3b5df8d23f::Lean.Omega.IntList.instAdd,7b6ecb9ad4829e4e73600a3329baeb3b5df8d23f::Lake.Toml.Keyval,instance_ancestor,0
train,7b6ecb9ad4829e4e73600a3329baeb3b5df8d23f::Nat.instLawfulIdentityGcdOfNat,7b6ecb9ad4829e4e73600a3329baeb3b5df8d23f::Lean.ScopedEnvExtension.Descr,instance_ancestor,0
train,7b6ecb9ad4829e4e73600a3329baeb3b5df8d23f::IO.Error.instToString,7b6ecb9ad4829e4e73600a3329baeb3b5df8d23f::Lean.Lsp.PlainTermGoal,instance_ancestor,0
train,7b6ecb9ad4829e4e73600a3329baeb3b5df8d23f::instLEUInt8,7b6ecb9ad4829e4e73600a3329baeb3b5df8d23f::Iff,instance_ancestor,0
train,7b6ecb9ad4829e4e73600a3329baeb3b5df8d23f::FloatArray.instLawfulGetElemNatFloatLtSize,7b6ecb9ad4829e4e73600a3329baeb3b5df8d23f::Lean.Compiler.LCNF.LCtx,instance_ancestor,0
train,7b6ecb9ad4829e4e73600a3329baeb3b5df8d23f::Lean.PrettyPrinter.instMonadQuotationUnexpandM,7b6ecb9ad4829e4e73600a3329baeb3b5df8d23f::Pow,instance_ancestor,0
train,7b6ecb9ad4829e4e73600a3329baeb3b5df8d23f::Bool.instLawfulIdentityBneFalse,7b6ecb9ad4829e4e73600a3329baeb3b5df8d23f::And,instance_ancestor,0
train,7b6ecb9ad4829e4e73600a3329baeb3b5df8d23f::thunkCoe,7b6ecb9ad4829e4e73600a3329baeb3b5df8d23f::Std.Associative,instance_ancestor,0
train,7b6ecb9ad4829e4e73600a3329baeb3b5df8d23f::Monad,7b6ecb9ad4829e4e73600a3329baeb3b5df8d23f::HAndThen,extends_ancestor,0
train,7b6ecb9ad4829e4e73600a3329baeb3b5df8d23f::instLawfulIdentityAndTrue,7b6ecb9ad4829e4e73600a3329baeb3b5df8d23f::Lean.Server.LazyCodeAction,instance_ancestor,0
train,7b6ecb9ad4829e4e73600a3329baeb3b5df8d23f::instInhabitedUInt16,7b6ecb9ad4829e4e73600a3329baeb3b5df8d23f::LE,instance_ancestor,0
train,7b6ecb9ad4829e4e73600a3329baeb3b5df8d23f::Option.instOrElse,7b6ecb9ad4829e4e73600a3329baeb3b5df8d23f::Lean.Lsp.LeanStaleDependencyParams,instance_ancestor,0
train,7b6ecb9ad4829e4e73600a3329baeb3b5df8d23f::StateT.instMonadLift,7b6ecb9ad4829e4e73600a3329baeb3b5df8d23f::Lean.Widget.InteractiveGoalCore,instance_ancestor,0
train,7b6ecb9ad4829e4e73600a3329baeb3b5df8d23f::Nat.instAssociativeHMul,7b6ecb9ad4829e4e73600a3329baeb3b5df8d23f::Lean.Server.RefInfo,instance_ancestor,0
train,7b6ecb9ad4829e4e73600a3329baeb3b5df8d23f::ReaderT.instLawfulMonad,7b6ecb9ad4829e4e73600a3329baeb3b5df8d23f::SizeOf,instance_ancestor,0
train,7b6ecb9ad4829e4e73600a3329baeb3b5df8d23f::Lean.Syntax.instCoeArraySepArray,7b6ecb9ad4829e4e73600a3329baeb3b5df8d23f::Meta.Omega.OmegaConfig,instance_ancestor,0
train,7b6ecb9ad4829e4e73600a3329baeb3b5df8d23f::instInhabitedBool,7b6ecb9ad4829e4e73600a3329baeb3b5df8d23f::Dvd,instance_ancestor,0
train,7b6ecb9ad4829e4e73600a3329baeb3b5df8d23f::List.instGetElemNatLtLength,7b6ecb9ad4829e4e73600a3329baeb3b5df8d23f::LawfulGetElem,instance_ancestor,0
train,7b6ecb9ad4829e4e73600a3329baeb3b5df8d23f::StateRefT'.instMonadStateOfOfMonadLiftTSTOfMonad,7b6ecb9ad4829e4e73600a3329baeb3b5df8d23f::Lean.Lsp.ClientInfo,instance_ancestor,0
train,7b6ecb9ad4829e4e73600a3329baeb3b5df8d23f::List.instMembership,7b6ecb9ad4829e4e73600a3329baeb3b5df8d23f::Lean.Compiler.LCNF.FunDeclCore,instance_ancestor,0
train,7b6ecb9ad4829e4e73600a3329baeb3b5df8d23f::instToStringFormat,7b6ecb9ad4829e4e73600a3329baeb3b5df8d23f::Lean.Lsp.RpcRef,instance_ancestor,0
train,7b6ecb9ad4829e4e73600a3329baeb3b5df8d23f::Fin.instLawfulIdentityHAddNatOfNatHMul,7b6ecb9ad4829e4e73600a3329baeb3b5df8d23f::Lake.MonadCallStack,instance_ancestor,0
train,7b6ecb9ad4829e4e73600a3329baeb3b5df8d23f::instNegFloat,7b6ecb9ad4829e4e73600a3329baeb3b5df8d23f::Float,instance_ancestor,0
train,7b6ecb9ad4829e4e73600a3329baeb3b5df8d23f::instComplementUInt64,7b6ecb9ad4829e4e73600a3329baeb3b5df8d23f::UInt8,instance_ancestor,0
train,7b6ecb9ad4829e4e73600a3329baeb3b5df8d23f::BitVec.instNeg,7b6ecb9ad4829e4e73600a3329baeb3b5df8d23f::Lean.Compiler.LCNF.CompilerM.State,instance_ancestor,0
train,7b6ecb9ad4829e4e73600a3329baeb3b5df8d23f::instOfNat,7b6ecb9ad4829e4e73600a3329baeb3b5df8d23f::Lean.Meta.ElimInfo,instance_ancestor,0
train,7b6ecb9ad4829e4e73600a3329baeb3b5df8d23f::instInhabitedPProd,7b6ecb9ad4829e4e73600a3329baeb3b5df8d23f::Std.Identity,instance_ancestor,0
train,7b6ecb9ad4829e4e73600a3329baeb3b5df8d23f::instOrOpUInt8,7b6ecb9ad4829e4e73600a3329baeb3b5df8d23f::Lean.Lsp.WorkDoneProgressParams,instance_ancestor,0
train,7b6ecb9ad4829e4e73600a3329baeb3b5df8d23f::Int.instTransLt,7b6ecb9ad4829e4e73600a3329baeb3b5df8d23f::Lean.Lsp.WorkDoneProgressBegin,instance_ancestor,0
train,7b6ecb9ad4829e4e73600a3329baeb3b5df8d23f::Lean.Syntax.instCoeTermTSyntaxConsSyntaxNodeKindMkStr4Nil,7b6ecb9ad4829e4e73600a3329baeb3b5df8d23f::Meta.Omega.OmegaConfig,instance_ancestor,0
train,7b6ecb9ad4829e4e73600a3329baeb3b5df8d23f::Lean.Syntax.instCoeOutSepArrayArray,7b6ecb9ad4829e4e73600a3329baeb3b5df8d23f::Meta.Rewrite.Config,instance_ancestor,0
train,7b6ecb9ad4829e4e73600a3329baeb3b5df8d23f::Decidable.predToBool,7b6ecb9ad4829e4e73600a3329baeb3b5df8d23f::Lake.MixTrace,instance_ancestor,0
train,7b6ecb9ad4829e4e73600a3329baeb3b5df8d23f::instInhabitedUInt32,7b6ecb9ad4829e4e73600a3329baeb3b5df8d23f::Mod,instance_ancestor,0
train,7b6ecb9ad4829e4e73600a3329baeb3b5df8d23f::instInhabitedReaderT,7b6ecb9ad4829e4e73600a3329baeb3b5df8d23f::HOrElse,instance_ancestor,0
train,7b6ecb9ad4829e4e73600a3329baeb3b5df8d23f::Lean.Omega.LinearCombo.instNeg,7b6ecb9ad4829e4e73600a3329baeb3b5df8d23f::HDiv,instance_ancestor,0
train,7b6ecb9ad4829e4e73600a3329baeb3b5df8d23f::ExceptCpsT.instMonad,7b6ecb9ad4829e4e73600a3329baeb3b5df8d23f::Lean.IR.ResetReuse.Context,instance_ancestor,0
train,7b6ecb9ad4829e4e73600a3329baeb3b5df8d23f::EStateM.instMonad,7b6ecb9ad4829e4e73600a3329baeb3b5df8d23f::HMod,instance_ancestor,0
train,7b6ecb9ad4829e4e73600a3329baeb3b5df8d23f::IO.instLETaskState,7b6ecb9ad4829e4e73600a3329baeb3b5df8d23f::IO.Process.Child,instance_ancestor,0
train,7b6ecb9ad4829e4e73600a3329baeb3b5df8d23f::BitVec.instLE,7b6ecb9ad4829e4e73600a3329baeb3b5df8d23f::Lean.Meta.Tactic.TryThis.TryThisInfo,instance_ancestor,0
train,7b6ecb9ad4829e4e73600a3329baeb3b5df8d23f::Nat.instAssociativeHAdd,7b6ecb9ad4829e4e73600a3329baeb3b5df8d23f::Lean.Lsp.SemanticTokens,instance_ancestor,0
train,7b6ecb9ad4829e4e73600a3329baeb3b5df8d23f::Char.instDecidableLe,7b6ecb9ad4829e4e73600a3329baeb3b5df8d23f::Lean.Meta.ParamInfo,instance_ancestor,0
train,7b6ecb9ad4829e4e73600a3329baeb3b5df8d23f::instToStringNat,7b6ecb9ad4829e4e73600a3329baeb3b5df8d23f::Lean.Compiler.LCNF.Check.Context,instance_ancestor,0
train,7b6ecb9ad4829e4e73600a3329baeb3b5df8d23f::Nat.instCommutativeLcm,7b6ecb9ad4829e4e73600a3329baeb3b5df8d23f::LLVM.PassManagerBuilder,instance_ancestor,0
train,7b6ecb9ad4829e4e73600a3329baeb3b5df8d23f::Bool.instLawfulIdentityBeqTrue,7b6ecb9ad4829e4e73600a3329baeb3b5df8d23f::Lean.Lsp.Range,instance_ancestor,0
train,7b6ecb9ad4829e4e73600a3329baeb3b5df8d23f::ShareCommon.instInhabitedState,7b6ecb9ad4829e4e73600a3329baeb3b5df8d23f::MonadShareCommon,instance_ancestor,0
train,7b6ecb9ad4829e4e73600a3329baeb3b5df8d23f::instMonadExceptOfUnitOption,7b6ecb9ad4829e4e73600a3329baeb3b5df8d23f::LazyDiscrTree.ModuleDiscrTreeRef,instance_ancestor,0
train,7b6ecb9ad4829e4e73600a3329baeb3b5df8d23f::Bool.instLawfulIdentityBneFalse,7b6ecb9ad4829e4e73600a3329baeb3b5df8d23f::Lean.Widget.PanelWidgetInstance,instance_ancestor,0
train,7b6ecb9ad4829e4e73600a3329baeb3b5df8d23f::instInhabitedUSize,7b6ecb9ad4829e4e73600a3329baeb3b5df8d23f::HMul,instance_ancestor,0
train,7b6ecb9ad4829e4e73600a3329baeb3b5df8d23f::instLEUInt32,7b6ecb9ad4829e4e73600a3329baeb3b5df8d23f::UInt8,instance_ancestor,0
train,7b6ecb9ad4829e4e73600a3329baeb3b5df8d23f::Lean.Syntax.instToString,7b6ecb9ad4829e4e73600a3329baeb3b5df8d23f::Lean.Widget.GetInteractiveDiagnosticsParams,instance_ancestor,0
train,7b6ecb9ad4829e4e73600a3329baeb3b5df8d23f::ExceptCpsT.instLawfulMonad,7b6ecb9ad4829e4e73600a3329baeb3b5df8d23f::Lake.BuildConfig,instance_ancestor,0
train,7b6ecb9ad4829e4e73600a3329baeb3b5df8d23f::List.instForIn'InferInstanceMembership,7b6ecb9ad4829e4e73600a3329baeb3b5df8d23f::Lean.Elab.InfoWithCtx,instance_ancestor,0
train,7b6ecb9ad4829e4e73600a3329baeb3b5df8d23f::instShiftLeftUInt8,7b6ecb9ad4829e4e73600a3329baeb3b5df8d23f::Lean.Lsp.FoldingRange,instance_ancestor,0
train,7b6ecb9ad4829e4e73600a3329baeb3b5df8d23f::instCoeHTC,7b6ecb9ad4829e4e73600a3329baeb3b5df8d23f::CoeFun,instance_ancestor,0
train,7b6ecb9ad4829e4e73600a3329baeb3b5df8d23f::Subtype.instDecidableEq,7b6ecb9ad4829e4e73600a3329baeb3b5df8d23f::HasEquiv,instance_ancestor,0
train,7b6ecb9ad4829e4e73600a3329baeb3b5df8d23f::instMinUInt32,7b6ecb9ad4829e4e73600a3329baeb3b5df8d23f::MonadState,instance_ancestor,0
train,7b6ecb9ad4829e4e73600a3329baeb3b5df8d23f::instHModUSizeNat,7b6ecb9ad4829e4e73600a3329baeb3b5df8d23f::Lean.Elab.Tactic.CacheKey,instance_ancestor,0
train,7b6ecb9ad4829e4e73600a3329baeb3b5df8d23f::instToStringSubtype,7b6ecb9ad4829e4e73600a3329baeb3b5df8d23f::RandomGen,instance_ancestor,0
train,7b6ecb9ad4829e4e73600a3329baeb3b5df8d23f::instLEUSize,7b6ecb9ad4829e4e73600a3329baeb3b5df8d23f::Lean.CollectFVars.State,instance_ancestor,0
train,7b6ecb9ad4829e4e73600a3329baeb3b5df8d23f::instReprPos,7b6ecb9ad4829e4e73600a3329baeb3b5df8d23f::ReprAtom,instance_ancestor,0
train,7b6ecb9ad4829e4e73600a3329baeb3b5df8d23f::Int.instLawfulIdentityHMulOfNat,7b6ecb9ad4829e4e73600a3329baeb3b5df8d23f::Lean.Linter.DeprecationEntry,instance_ancestor,0
train,7b6ecb9ad4829e4e73600a3329baeb3b5df8d23f::instSizeOfNat,7b6ecb9ad4829e4e73600a3329baeb3b5df8d23f::Lean.Elab.Term.LetRecView,instance_ancestor,0
train,7b6ecb9ad4829e4e73600a3329baeb3b5df8d23f::Lean.Meta.instBEqOccurrences,7b6ecb9ad4829e4e73600a3329baeb3b5df8d23f::Lean.NameGenerator,instance_ancestor,0
train,7b6ecb9ad4829e4e73600a3329baeb3b5df8d23f::Std.instMembershipNatRange,7b6ecb9ad4829e4e73600a3329baeb3b5df8d23f::Lean.Elab.BodyProcessedSnapshot,instance_ancestor,0
train,7b6ecb9ad4829e4e73600a3329baeb3b5df8d23f::ExceptCpsT.instMonad,7b6ecb9ad4829e4e73600a3329baeb3b5df8d23f::Lean.Compiler.LCNF.Param,instance_ancestor,0
train,7b6ecb9ad4829e4e73600a3329baeb3b5df8d23f::Bool.instMin,7b6ecb9ad4829e4e73600a3329baeb3b5df8d23f::Lean.Elab.Command.MacroExpandedSnapshot,instance_ancestor,0
train,7b6ecb9ad4829e4e73600a3329baeb3b5df8d23f::Nat.instLawfulIdentityGcdOfNat,7b6ecb9ad4829e4e73600a3329baeb3b5df8d23f::Lean.ModuleData,instance_ancestor,0
train,7b6ecb9ad4829e4e73600a3329baeb3b5df8d23f::instLENat,7b6ecb9ad4829e4e73600a3329baeb3b5df8d23f::UInt32,instance_ancestor,0
train,7b6ecb9ad4829e4e73600a3329baeb3b5df8d23f::instMonadReaderOfOfMonadLift,7b6ecb9ad4829e4e73600a3329baeb3b5df8d23f::Subtype,instance_ancestor,0
train,7b6ecb9ad4829e4e73600a3329baeb3b5df8d23f::BitVec.instXor,7b6ecb9ad4829e4e73600a3329baeb3b5df8d23f::Lean.Widget.WidgetInstance,instance_ancestor,0
train,7b6ecb9ad4829e4e73600a3329baeb3b5df8d23f::instHOrElseOfOrElse,7b6ecb9ad4829e4e73600a3329baeb3b5df8d23f::HShiftLeft,instance_ancestor,0
train,7b6ecb9ad4829e4e73600a3329baeb3b5df8d23f::instDecidableLeUSize,7b6ecb9ad4829e4e73600a3329baeb3b5df8d23f::IO.Process.SpawnArgs,instance_ancestor,0
train,7b6ecb9ad4829e4e73600a3329baeb3b5df8d23f::instLawfulIdentityAndTrue,7b6ecb9ad4829e4e73600a3329baeb3b5df8d23f::Lean.Language.Snapshot.Diagnostics,instance_ancestor,0
train,7b6ecb9ad4829e4e73600a3329baeb3b5df8d23f::instInhabitedExcept,7b6ecb9ad4829e4e73600a3329baeb3b5df8d23f::HPow,instance_ancestor,0
train,7b6ecb9ad4829e4e73600a3329baeb3b5df8d23f::Nat.instCommutativeMin,7b6ecb9ad4829e4e73600a3329baeb3b5df8d23f::Lean.Compiler.LCNF.JoinPointCommonArgs.AnalysisCtx,instance_ancestor,0
train,7b6ecb9ad4829e4e73600a3329baeb3b5df8d23f::instMonadBaseIO,7b6ecb9ad4829e4e73600a3329baeb3b5df8d23f::IO.FileRight,instance_ancestor,0
train,7b6ecb9ad4829e4e73600a3329baeb3b5df8d23f::instCoeTC,7b6ecb9ad4829e4e73600a3329baeb3b5df8d23f::CoeSort,instance_ancestor,0
train,7b6ecb9ad4829e4e73600a3329baeb3b5df8d23f::UInt16.instOfNat,7b6ecb9ad4829e4e73600a3329baeb3b5df8d23f::BitVec.Literal,instance_ancestor,0
train,7b6ecb9ad4829e4e73600a3329baeb3b5df8d23f::FloatArray.instInhabited,7b6ecb9ad4829e4e73600a3329baeb3b5df8d23f::LLVM.Target,instance_ancestor,0
train,7b6ecb9ad4829e4e73600a3329baeb3b5df8d23f::Lean.instEvalOfRepr,7b6ecb9ad4829e4e73600a3329baeb3b5df8d23f::IO.AccessRight,instance_ancestor,0
train,7b6ecb9ad4829e4e73600a3329baeb3b5df8d23f::instInhabitedPos,7b6ecb9ad4829e4e73600a3329baeb3b5df8d23f::Xor,instance_ancestor,0
train,7b6ecb9ad4829e4e73600a3329baeb3b5df8d23f::Lean.Omega.IntList.instHMulInt,7b6ecb9ad4829e4e73600a3329baeb3b5df8d23f::Lake.MonadStore1Of,instance_ancestor,0
train,7b6ecb9ad4829e4e73600a3329baeb3b5df8d23f::instMaxFloat,7b6ecb9ad4829e4e73600a3329baeb3b5df8d23f::FloatSpec,instance_ancestor,0
train,7b6ecb9ad4829e4e73600a3329baeb3b5df8d23f::Int.instNegInt,7b6ecb9ad4829e4e73600a3329baeb3b5df8d23f::Lean.Widget.PanelWidgetInstance,instance_ancestor,0
train,7b6ecb9ad4829e4e73600a3329baeb3b5df8d23f::Prod.instWellFoundedRelation,7b6ecb9ad4829e4e73600a3329baeb3b5df8d23f::Lake.ExternLib,instance_ancestor,0
train,7b6ecb9ad4829e4e73600a3329baeb3b5df8d23f::EStateM.instMonad,7b6ecb9ad4829e4e73600a3329baeb3b5df8d23f::ULift,instance_ancestor,0
train,7b6ecb9ad4829e4e73600a3329baeb3b5df8d23f::Fin.instLawfulGetElemValOfNat,7b6ecb9ad4829e4e73600a3329baeb3b5df8d23f::GetElem,instance_ancestor,0
train,7b6ecb9ad4829e4e73600a3329baeb3b5df8d23f::Sum.inhabitedRight,7b6ecb9ad4829e4e73600a3329baeb3b5df8d23f::Sep,instance_ancestor,0
train,7b6ecb9ad4829e4e73600a3329baeb3b5df8d23f::IO.instToStringTaskState,7b6ecb9ad4829e4e73600a3329baeb3b5df8d23f::IO.CancelToken,instance_ancestor,0
train,7b6ecb9ad4829e4e73600a3329baeb3b5df8d23f::Array.instHAppendList,7b6ecb9ad4829e4e73600a3329baeb3b5df8d23f::Lean.Parser.Category,instance_ancestor,0
train,7b6ecb9ad4829e4e73600a3329baeb3b5df8d23f::ReaderT.instApplicativeOfMonad,7b6ecb9ad4829e4e73600a3329baeb3b5df8d23f::HomogeneousPow,instance_ancestor,0
train,7b6ecb9ad4829e4e73600a3329baeb3b5df8d23f::Nat.instAssociativeLcm,7b6ecb9ad4829e4e73600a3329baeb3b5df8d23f::CoeOTC,instance_ancestor,0
train,7b6ecb9ad4829e4e73600a3329baeb3b5df8d23f::Int.instCommutativeMax,7b6ecb9ad4829e4e73600a3329baeb3b5df8d23f::Lean.Compiler.LCNF.PullLetDecls.Context,instance_ancestor,0
train,7b6ecb9ad4829e4e73600a3329baeb3b5df8d23f::instComplementUInt16,7b6ecb9ad4829e4e73600a3329baeb3b5df8d23f::Lean.LocalContext,instance_ancestor,0
train,7b6ecb9ad4829e4e73600a3329baeb3b5df8d23f::instNonemptyForall,7b6ecb9ad4829e4e73600a3329baeb3b5df8d23f::Lean.MacroScopesView,instance_ancestor,0
train,7b6ecb9ad4829e4e73600a3329baeb3b5df8d23f::instAndOpUInt32,7b6ecb9ad4829e4e73600a3329baeb3b5df8d23f::Lake.OptionHandlers,instance_ancestor,0
train,7b6ecb9ad4829e4e73600a3329baeb3b5df8d23f::StateCpsT.instLawfulMonad,7b6ecb9ad4829e4e73600a3329baeb3b5df8d23f::Lake.Toml.Keyval,instance_ancestor,0
train,7b6ecb9ad4829e4e73600a3329baeb3b5df8d23f::ExceptCpsT.instMonad,7b6ecb9ad4829e4e73600a3329baeb3b5df8d23f::Lean.Elab.Modifiers,instance_ancestor,0
train,7b6ecb9ad4829e4e73600a3329baeb3b5df8d23f::instHashableSubtype,7b6ecb9ad4829e4e73600a3329baeb3b5df8d23f::OrElse,instance_ancestor,0
train,7b6ecb9ad4829e4e73600a3329baeb3b5df8d23f::instSubsingletonForall,7b6ecb9ad4829e4e73600a3329baeb3b5df8d23f::Std.LeftIdentity,instance_ancestor,0
train,7b6ecb9ad4829e4e73600a3329baeb3b5df8d23f::Int.instInhabited,7b6ecb9ad4829e4e73600a3329baeb3b5df8d23f::OrElse,instance_ancestor,0
train,7b6ecb9ad4829e4e73600a3329baeb3b5df8d23f::instCoeHTCTOfCoeTailOfCoeHTC,7b6ecb9ad4829e4e73600a3329baeb3b5df8d23f::CoeTC,instance_ancestor,0
train,7b6ecb9ad4829e4e73600a3329baeb3b5df8d23f::Nat.instLawfulIdentityHMulOfNat,7b6ecb9ad4829e4e73600a3329baeb3b5df8d23f::Lean.Widget.MsgToInteractive,instance_ancestor,0
train,7b6ecb9ad4829e4e73600a3329baeb3b5df8d23f::instToStringSubstring,7b6ecb9ad4829e4e73600a3329baeb3b5df8d23f::Lean.Lsp.ServerCapabilities,instance_ancestor,0
train,7b6ecb9ad4829e4e73600a3329baeb3b5df8d23f::ByteArray.instLawfulGetElemNatUInt8LtSize,7b6ecb9ad4829e4e73600a3329baeb3b5df8d23f::LLVM.BasicBlock,instance_ancestor,0
train,7b6ecb9ad4829e4e73600a3329baeb3b5df8d23f::Ordering.instDecidableEq,7b6ecb9ad4829e4e73600a3329baeb3b5df8d23f::Lean.Lsp.SnippetString,instance_ancestor,0
train,7b6ecb9ad4829e4e73600a3329baeb3b5df8d23f::ReaderT.instLawfulApplicative,7b6ecb9ad4829e4e73600a3329baeb3b5df8d23f::Lean.Lsp.CallHierarchyOutgoingCall,instance_ancestor,0
train,7b6ecb9ad4829e4e73600a3329baeb3b5df8d23f::instOfNatNat,7b6ecb9ad4829e4e73600a3329baeb3b5df8d23f::HShiftRight,instance_ancestor,0
train,7b6ecb9ad4829e4e73600a3329baeb3b5df8d23f::Lean.TSyntax.instCoeIdentLevel,7b6ecb9ad4829e4e73600a3329baeb3b5df8d23f::Lean.Quote,instance_ancestor,0
train,7b6ecb9ad4829e4e73600a3329baeb3b5df8d23f::Std.LawfulLeftIdentity,7b6ecb9ad4829e4e73600a3329baeb3b5df8d23f::Iff,extends_ancestor,0
train,7b6ecb9ad4829e4e73600a3329baeb3b5df8d23f::List.instAntisymmLeOfNotLt,7b6ecb9ad4829e4e73600a3329baeb3b5df8d23f::Lean.Lsp.DocumentFilter,instance_ancestor,0
train,7b6ecb9ad4829e4e73600a3329baeb3b5df8d23f::instModUInt32,7b6ecb9ad4829e4e73600a3329baeb3b5df8d23f::Lean.Server.RequestError,instance_ancestor,0
train,7b6ecb9ad4829e4e73600a3329baeb3b5df8d23f::instOrdUInt32,7b6ecb9ad4829e4e73600a3329baeb3b5df8d23f::Lean.Meta.Omega.OmegaConfig,instance_ancestor,0
train,7b6ecb9ad4829e4e73600a3329baeb3b5df8d23f::EStateM.instToStringResult,7b6ecb9ad4829e4e73600a3329baeb3b5df8d23f::Lean.Compiler.LCNF.Check.Context,instance_ancestor,0
train,7b6ecb9ad4829e4e73600a3329baeb3b5df8d23f::StateCpsT.instMonad,7b6ecb9ad4829e4e73600a3329baeb3b5df8d23f::Lean.Parser.ParserInfo,instance_ancestor,0
train,7b6ecb9ad4829e4e73600a3329baeb3b5df8d23f::Substring.hasBeq,7b6ecb9ad4829e4e73600a3329baeb3b5df8d23f::Lean.ExternAttrData,instance_ancestor,0
train,7b6ecb9ad4829e4e73600a3329baeb3b5df8d23f::Nat.instLawfulIdentityGcdOfNat,7b6ecb9ad4829e4e73600a3329baeb3b5df8d23f::Lean.Compiler.LCNF.JoinPointCommonArgs.AnalysisCtx,instance_ancestor,0
train,7b6ecb9ad4829e4e73600a3329baeb3b5df8d23f::Lean.instEval,7b6ecb9ad4829e4e73600a3329baeb3b5df8d23f::IO.FS.Metadata,instance_ancestor,0
train,7b6ecb9ad4829e4e73600a3329baeb3b5df8d23f::ExceptT.instMonad,7b6ecb9ad4829e4e73600a3329baeb3b5df8d23f::Lean.Lsp.SemanticTokensParams,instance_ancestor,0
train,7b6ecb9ad4829e4e73600a3329baeb3b5df8d23f::StateCpsT.instMonad,7b6ecb9ad4829e4e73600a3329baeb3b5df8d23f::Lean.Server.Watchdog.ServerContext,instance_ancestor,0
train,7b6ecb9ad4829e4e73600a3329baeb3b5df8d23f::Lean.TSyntax.instCoeNumLitPrio,7b6ecb9ad4829e4e73600a3329baeb3b5df8d23f::Meta.Omega.OmegaConfig,instance_ancestor,0
train,7b6ecb9ad4829e4e73600a3329baeb3b5df8d23f::instMonadOption,7b6ecb9ad4829e4e73600a3329baeb3b5df8d23f::Lean.Meta.MatcherApp,instance_ancestor,0
train,7b6ecb9ad4829e4e73600a3329baeb3b5df8d23f::Option.instOrElse,7b6ecb9ad4829e4e73600a3329baeb3b5df8d23f::Lean.Meta.CasesSubgoal,instance_ancestor,0
train,7b6ecb9ad4829e4e73600a3329baeb3b5df8d23f::instMonadOption,7b6ecb9ad4829e4e73600a3329baeb3b5df8d23f::Lean.Elab.WF.GuessLex.RecCallWithContext,instance_ancestor,0
train,7b6ecb9ad4829e4e73600a3329baeb3b5df8d23f::StateRefT'.instAlternativeOfMonad,7b6ecb9ad4829e4e73600a3329baeb3b5df8d23f::MonadReaderOf,instance_ancestor,0
train,7b6ecb9ad4829e4e73600a3329baeb3b5df8d23f::instToFormatList,7b6ecb9ad4829e4e73600a3329baeb3b5df8d23f::Lean.StructureDescr,instance_ancestor,0
train,7b6ecb9ad4829e4e73600a3329baeb3b5df8d23f::Std.Format.instMonadPrettyFormatStateMState,7b6ecb9ad4829e4e73600a3329baeb3b5df8d23f::Std.Format.WorkGroup,instance_ancestor,0
train,7b6ecb9ad4829e4e73600a3329baeb3b5df8d23f::Option.instBEq,7b6ecb9ad4829e4e73600a3329baeb3b5df8d23f::MonadControl,instance_ancestor,0
train,7b6ecb9ad4829e4e73600a3329baeb3b5df8d23f::instDecidableEqEmpty,7b6ecb9ad4829e4e73600a3329baeb3b5df8d23f::Std.Associative,instance_ancestor,0
train,7b6ecb9ad4829e4e73600a3329baeb3b5df8d23f::String.instInhabited,7b6ecb9ad4829e4e73600a3329baeb3b5df8d23f::Lean.Widget.ExprDiff,instance_ancestor,0
train,7b6ecb9ad4829e4e73600a3329baeb3b5df8d23f::ReaderT.instApplicativeOfMonad,7b6ecb9ad4829e4e73600a3329baeb3b5df8d23f::OrOp,instance_ancestor,0
train,7b6ecb9ad4829e4e73600a3329baeb3b5df8d23f::instDecidableRelLe,7b6ecb9ad4829e4e73600a3329baeb3b5df8d23f::LazyDiscrTree.InitResults,instance_ancestor,0
train,7b6ecb9ad4829e4e73600a3329baeb3b5df8d23f::instXorUSize,7b6ecb9ad4829e4e73600a3329baeb3b5df8d23f::Lean.Compiler.LCNF.Closure.Context,instance_ancestor,0
train,7b6ecb9ad4829e4e73600a3329baeb3b5df8d23f::Except.instMonad,7b6ecb9ad4829e4e73600a3329baeb3b5df8d23f::Lean.IR.DeclInfo,instance_ancestor,0
train,7b6ecb9ad4829e4e73600a3329baeb3b5df8d23f::Std.LawfulRightIdentity,7b6ecb9ad4829e4e73600a3329baeb3b5df8d23f::Thunk,extends_ancestor,0
train,7b6ecb9ad4829e4e73600a3329baeb3b5df8d23f::instCoeHTCTOfCoeHTC,7b6ecb9ad4829e4e73600a3329baeb3b5df8d23f::CoeOut,instance_ancestor,0
train,7b6ecb9ad4829e4e73600a3329baeb3b5df8d23f::Nat.decLe,7b6ecb9ad4829e4e73600a3329baeb3b5df8d23f::Pure,instance_ancestor,0
train,7b6ecb9ad4829e4e73600a3329baeb3b5df8d23f::instMonadFinallyBaseIO,7b6ecb9ad4829e4e73600a3329baeb3b5df8d23f::IO.Process.SpawnArgs,instance_ancestor,0
train,7b6ecb9ad4829e4e73600a3329baeb3b5df8d23f::instLEFloat,7b6ecb9ad4829e4e73600a3329baeb3b5df8d23f::FloatSpec,instance_ancestor,0
train,7b6ecb9ad4829e4e73600a3329baeb3b5df8d23f::instSubUInt32,7b6ecb9ad4829e4e73600a3329baeb3b5df8d23f::Lean.Option.Decl,instance_ancestor,0
train,7b6ecb9ad4829e4e73600a3329baeb3b5df8d23f::Nat.instCommutativeGcd,7b6ecb9ad4829e4e73600a3329baeb3b5df8d23f::Lean.Lsp.DocumentFilter,instance_ancestor,0
train,7b6ecb9ad4829e4e73600a3329baeb3b5df8d23f::Monad,7b6ecb9ad4829e4e73600a3329baeb3b5df8d23f::Trans,extends_ancestor,0
train,7b6ecb9ad4829e4e73600a3329baeb3b5df8d23f::instDecidableLeUInt64,7b6ecb9ad4829e4e73600a3329baeb3b5df8d23f::Lean.Meta.NormCast.NormCastExtension,instance_ancestor,0
train,7b6ecb9ad4829e4e73600a3329baeb3b5df8d23f::instCoeHTCT,7b6ecb9ad4829e4e73600a3329baeb3b5df8d23f::CoeHTC,instance_ancestor,0
train,7b6ecb9ad4829e4e73600a3329baeb3b5df8d23f::Array.instAppend,7b6ecb9ad4829e4e73600a3329baeb3b5df8d23f::Lean.Meta.SavedState,instance_ancestor,0
train,7b6ecb9ad4829e4e73600a3329baeb3b5df8d23f::instHashableOption,7b6ecb9ad4829e4e73600a3329baeb3b5df8d23f::Append,instance_ancestor,0
train,7b6ecb9ad4829e4e73600a3329baeb3b5df8d23f::instDecidableEqSum,7b6ecb9ad4829e4e73600a3329baeb3b5df8d23f::Sigma,instance_ancestor,0
train,7b6ecb9ad4829e4e73600a3329baeb3b5df8d23f::instIdempotentOpBoolAnd,7b6ecb9ad4829e4e73600a3329baeb3b5df8d23f::Lean.Meta.SimpTheorems,instance_ancestor,0
train,7b6ecb9ad4829e4e73600a3329baeb3b5df8d23f::Int.instTransLeLt,7b6ecb9ad4829e4e73600a3329baeb3b5df8d23f::Lake.LawfulCmpEq,instance_ancestor,0
train,7b6ecb9ad4829e4e73600a3329baeb3b5df8d23f::Std.Queue.instEmptyCollection,7b6ecb9ad4829e4e73600a3329baeb3b5df8d23f::HShiftRight,instance_ancestor,0
train,7b6ecb9ad4829e4e73600a3329baeb3b5df8d23f::Nat.instOrOp,7b6ecb9ad4829e4e73600a3329baeb3b5df8d23f::TypeName,instance_ancestor,0
train,7b6ecb9ad4829e4e73600a3329baeb3b5df8d23f::Nat.instOrOp,7b6ecb9ad4829e4e73600a3329baeb3b5df8d23f::OfNat,instance_ancestor,0
train,7b6ecb9ad4829e4e73600a3329baeb3b5df8d23f::FloatArray.instForInFloat,7b6ecb9ad4829e4e73600a3329baeb3b5df8d23f::Lean.Lsp.RpcCallParams,instance_ancestor,0
train,7b6ecb9ad4829e4e73600a3329baeb3b5df8d23f::BitVec.instAssociativeHAdd,7b6ecb9ad4829e4e73600a3329baeb3b5df8d23f::Lean.Lsp.RegistrationParams,instance_ancestor,0
train,7b6ecb9ad4829e4e73600a3329baeb3b5df8d23f::Nat.instLawfulBEq,7b6ecb9ad4829e4e73600a3329baeb3b5df8d23f::Lean.Environment.Replay.Context,instance_ancestor,0
train,7b6ecb9ad4829e4e73600a3329baeb3b5df8d23f::Array.instRepr,7b6ecb9ad4829e4e73600a3329baeb3b5df8d23f::CoeTail,instance_ancestor,0
train,7b6ecb9ad4829e4e73600a3329baeb3b5df8d23f::Fin.instShiftLeft,7b6ecb9ad4829e4e73600a3329baeb3b5df8d23f::Lean.Syntax.Traverser,instance_ancestor,0
train,7b6ecb9ad4829e4e73600a3329baeb3b5df8d23f::instLawfulMonadExcept,7b6ecb9ad4829e4e73600a3329baeb3b5df8d23f::Lake.PackageEntry,instance_ancestor,0
train,7b6ecb9ad4829e4e73600a3329baeb3b5df8d23f::instDivUInt64,7b6ecb9ad4829e4e73600a3329baeb3b5df8d23f::LLVM.Attribute,instance_ancestor,0
train,7b6ecb9ad4829e4e73600a3329baeb3b5df8d23f::Lean.Syntax.instReprTSyntax,7b6ecb9ad4829e4e73600a3329baeb3b5df8d23f::Meta.Rewrite.Config,instance_ancestor,0
train,7b6ecb9ad4829e4e73600a3329baeb3b5df8d23f::Lean.instMonadRefOfMonadLiftOfMonadFunctor,7b6ecb9ad4829e4e73600a3329baeb3b5df8d23f::Subtype,instance_ancestor,0
train,7b6ecb9ad4829e4e73600a3329baeb3b5df8d23f::instSubsingletonEmpty,7b6ecb9ad4829e4e73600a3329baeb3b5df8d23f::HasSubset,instance_ancestor,0
train,7b6ecb9ad4829e4e73600a3329baeb3b5df8d23f::instLawfulApplicativeOption,7b6ecb9ad4829e4e73600a3329baeb3b5df8d23f::LawfulMonad,instance_ancestor,0
train,7b6ecb9ad4829e4e73600a3329baeb3b5df8d23f::instAppendSubarray,7b6ecb9ad4829e4e73600a3329baeb3b5df8d23f::Lake.LeanVer,instance_ancestor,0
train,7b6ecb9ad4829e4e73600a3329baeb3b5df8d23f::Monad,7b6ecb9ad4829e4e73600a3329baeb3b5df8d23f::Substring,extends_ancestor,0
train,7b6ecb9ad4829e4e73600a3329baeb3b5df8d23f::Prod.lexLtDec,7b6ecb9ad4829e4e73600a3329baeb3b5df8d23f::SDiff,instance_ancestor,0
train,7b6ecb9ad4829e4e73600a3329baeb3b5df8d23f::Applicative,7b6ecb9ad4829e4e73600a3329baeb3b5df8d23f::Array,extends_ancestor,0
train,7b6ecb9ad4829e4e73600a3329baeb3b5df8d23f::FloatArray.instGetElemUSizeFloatLtNatValValSize,7b6ecb9ad4829e4e73600a3329baeb3b5df8d23f::Lean.Server.LazyCodeAction,instance_ancestor,0
train,7b6ecb9ad4829e4e73600a3329baeb3b5df8d23f::BitVec.instAndOp,7b6ecb9ad4829e4e73600a3329baeb3b5df8d23f::Lean.Meta.ReduceEval,instance_ancestor,0
train,7b6ecb9ad4829e4e73600a3329baeb3b5df8d23f::instMulUSize,7b6ecb9ad4829e4e73600a3329baeb3b5df8d23f::Lake.MonadExit,instance_ancestor,0
train,7b6ecb9ad4829e4e73600a3329baeb3b5df8d23f::instMonadExceptOfExcept,7b6ecb9ad4829e4e73600a3329baeb3b5df8d23f::Lean.Elab.CommandInfo,instance_ancestor,0
train,7b6ecb9ad4829e4e73600a3329baeb3b5df8d23f::instOrdInt,7b6ecb9ad4829e4e73600a3329baeb3b5df8d23f::Lake.ExternLibConfig,instance_ancestor,0
train,7b6ecb9ad4829e4e73600a3329baeb3b5df8d23f::instHXorOfXor,7b6ecb9ad4829e4e73600a3329baeb3b5df8d23f::Complement,instance_ancestor,0
train,7b6ecb9ad4829e4e73600a3329baeb3b5df8d23f::Lean.Omega.IntList.instSub,7b6ecb9ad4829e4e73600a3329baeb3b5df8d23f::Applicative,instance_ancestor,0
train,7b6ecb9ad4829e4e73600a3329baeb3b5df8d23f::IO.FS.instLTSystemTime,7b6ecb9ad4829e4e73600a3329baeb3b5df8d23f::IO.Process.Output,instance_ancestor,0
train,7b6ecb9ad4829e4e73600a3329baeb3b5df8d23f::Prod.Lex.instDecidableRelOfDecidableEq,7b6ecb9ad4829e4e73600a3329baeb3b5df8d23f::ForIn,instance_ancestor,0
train,7b6ecb9ad4829e4e73600a3329baeb3b5df8d23f::Subarray.instGetElemNatLtSize,7b6ecb9ad4829e4e73600a3329baeb3b5df8d23f::Lean.KeyedDeclsAttribute.Def,instance_ancestor,0
train,7b6ecb9ad4829e4e73600a3329baeb3b5df8d23f::Std.Range.instForInNat,7b6ecb9ad4829e4e73600a3329baeb3b5df8d23f::Lean.Meta.Rewrites.RewriteResult,instance_ancestor,0
train,7b6ecb9ad4829e4e73600a3329baeb3b5df8d23f::Nat.instLawfulIdentityMaxOfNat,7b6ecb9ad4829e4e73600a3329baeb3b5df8d23f::Lean.Meta.FunInfo,instance_ancestor,0
train,7b6ecb9ad4829e4e73600a3329baeb3b5df8d23f::instAssociativeBoolAnd,7b6ecb9ad4829e4e73600a3329baeb3b5df8d23f::Lean.Lsp.CompletionOptions,instance_ancestor,0
train,7b6ecb9ad4829e4e73600a3329baeb3b5df8d23f::Lean.Omega.instBEqConstraint,7b6ecb9ad4829e4e73600a3329baeb3b5df8d23f::Sigma,instance_ancestor,0
train,7b6ecb9ad4829e4e73600a3329baeb3b5df8d23f::BitVec.instToString,7b6ecb9ad4829e4e73600a3329baeb3b5df8d23f::LazyDiscrTree.ImportData,instance_ancestor,0
train,7b6ecb9ad4829e4e73600a3329baeb3b5df8d23f::Fin.decLt,7b6ecb9ad4829e4e73600a3329baeb3b5df8d23f::HPow,instance_ancestor,0
train,7b6ecb9ad4829e4e73600a3329baeb3b5df8d23f::ExceptCpsT.instMonad,7b6ecb9ad4829e4e73600a3329baeb3b5df8d23f::Lean.Meta.AbstractNestedProofs.Context,instance_ancestor,0
train,7b6ecb9ad4829e4e73600a3329baeb3b5df8d23f::StateT.instMonad,7b6ecb9ad4829e4e73600a3329baeb3b5df8d23f::LawfulGetElem,instance_ancestor,0
train,7b6ecb9ad4829e4e73600a3329baeb3b5df8d23f::instLTUInt64,7b6ecb9ad4829e4e73600a3329baeb3b5df8d23f::Lake.MaterializedDep,instance_ancestor,0
train,7b6ecb9ad4829e4e73600a3329baeb3b5df8d23f::ByteArray.instAppend,7b6ecb9ad4829e4e73600a3329baeb3b5df8d23f::Lean.Elab.Tactic.Ext.ExtTheorem,instance_ancestor,0
train,7b6ecb9ad4829e4e73600a3329baeb3b5df8d23f::instDecidableLtUInt32,7b6ecb9ad4829e4e73600a3329baeb3b5df8d23f::String.Pos,instance_ancestor,0
train,7b6ecb9ad4829e4e73600a3329baeb3b5df8d23f::Lean.instHashableName,7b6ecb9ad4829e4e73600a3329baeb3b5df8d23f::UInt64,instance_ancestor,0
train,7b6ecb9ad4829e4e73600a3329baeb3b5df8d23f::String.decLt,7b6ecb9ad4829e4e73600a3329baeb3b5df8d23f::String.Pos,instance_ancestor,0
train,7b6ecb9ad4829e4e73600a3329baeb3b5df8d23f::IO.instLTTaskState,7b6ecb9ad4829e4e73600a3329baeb3b5df8d23f::IO.AccessRight,instance_ancestor,0
train,7b6ecb9ad4829e4e73600a3329baeb3b5df8d23f::instDecidableLtUInt16,7b6ecb9ad4829e4e73600a3329baeb3b5df8d23f::Lean.Language.Lean.HeaderParsedState,instance_ancestor,0
train,7b6ecb9ad4829e4e73600a3329baeb3b5df8d23f::instTransIff,7b6ecb9ad4829e4e73600a3329baeb3b5df8d23f::ForIn,instance_ancestor,0
train,7b6ecb9ad4829e4e73600a3329baeb3b5df8d23f::instCoeHTCTNatOfNatCast,7b6ecb9ad4829e4e73600a3329baeb3b5df8d23f::Lean.Meta.AbstractMVarsResult,instance_ancestor,0
train,7b6ecb9ad4829e4e73600a3329baeb3b5df8d23f::instLTPos,7b6ecb9ad4829e4e73600a3329baeb3b5df8d23f::HOrElse,instance_ancestor,0
train,7b6ecb9ad4829e4e73600a3329baeb3b5df8d23f::Lean.instEvalUnit,7b6ecb9ad4829e4e73600a3329baeb3b5df8d23f::IO.FileRight,instance_ancestor,0
train,7b6ecb9ad4829e4e73600a3329baeb3b5df8d23f::Lean.instEvalBaseIO,7b6ecb9ad4829e4e73600a3329baeb3b5df8d23f::IO.CancelToken,instance_ancestor,0
train,7b6ecb9ad4829e4e73600a3329baeb3b5df8d23f::List.instFunctor,7b6ecb9ad4829e4e73600a3329baeb3b5df8d23f::Lean.Meta.Match.AltLHS,instance_ancestor,0
train,7b6ecb9ad4829e4e73600a3329baeb3b5df8d23f::instHashableBool,7b6ecb9ad4829e4e73600a3329baeb3b5df8d23f::Lake.BinderSyntaxView,instance_ancestor,0
train,7b6ecb9ad4829e4e73600a3329baeb3b5df8d23f::StateT.instMonad,7b6ecb9ad4829e4e73600a3329baeb3b5df8d23f::Lean.Lsp.DidChangeTextDocumentParams,instance_ancestor,0
train,7b6ecb9ad4829e4e73600a3329baeb3b5df8d23f::Lean.instQuoteProdMkStr1,7b6ecb9ad4829e4e73600a3329baeb3b5df8d23f::Meta.Omega.OmegaConfig,instance_ancestor,0
train,7b6ecb9ad4829e4e73600a3329baeb3b5df8d23f::instShiftRightUInt32,7b6ecb9ad4829e4e73600a3329baeb3b5df8d23f::Decidable,instance_ancestor,0
train,7b6ecb9ad4829e4e73600a3329baeb3b5df8d23f::instToStringExcept,7b6ecb9ad4829e4e73600a3329baeb3b5df8d23f::Lean.Meta.Simp.State,instance_ancestor,0
train,7b6ecb9ad4829e4e73600a3329baeb3b5df8d23f::Alternative,7b6ecb9ad4829e4e73600a3329baeb3b5df8d23f::MonadControlT,extends_ancestor,0
train,7b6ecb9ad4829e4e73600a3329baeb3b5df8d23f::System.instDecidableEqFilePath,7b6ecb9ad4829e4e73600a3329baeb3b5df8d23f::Lean.Omega.LinearCombo,instance_ancestor,0
train,7b6ecb9ad4829e4e73600a3329baeb3b5df8d23f::Lean.Meta.instInhabitedEtaStructMode,7b6ecb9ad4829e4e73600a3329baeb3b5df8d23f::Lean.Module,instance_ancestor,0
train,7b6ecb9ad4829e4e73600a3329baeb3b5df8d23f::instCoeOTCOfCoeOut,7b6ecb9ad4829e4e73600a3329baeb3b5df8d23f::CoeTail,instance_ancestor,0
train,7b6ecb9ad4829e4e73600a3329baeb3b5df8d23f::instLEFin,7b6ecb9ad4829e4e73600a3329baeb3b5df8d23f::String,instance_ancestor,0
train,7b6ecb9ad4829e4e73600a3329baeb3b5df8d23f::instHOrOfOrOp,7b6ecb9ad4829e4e73600a3329baeb3b5df8d23f::String.Pos,instance_ancestor,0
train,7b6ecb9ad4829e4e73600a3329baeb3b5df8d23f::Nat.instShiftRight,7b6ecb9ad4829e4e73600a3329baeb3b5df8d23f::Lean.Compiler.LCNF.Simp.State,instance_ancestor,0
train,7b6ecb9ad4829e4e73600a3329baeb3b5df8d23f::instInhabitedReaderT,7b6ecb9ad4829e4e73600a3329baeb3b5df8d23f::MonadExcept,instance_ancestor,0
train,7b6ecb9ad4829e4e73600a3329baeb3b5df8d23f::UInt8.instOfNat,7b6ecb9ad4829e4e73600a3329baeb3b5df8d23f::Lean.Firefox.SamplesTable,instance_ancestor,0
train,7b6ecb9ad4829e4e73600a3329baeb3b5df8d23f::Bool.instDecidableLe,7b6ecb9ad4829e4e73600a3329baeb3b5df8d23f::Lean.IR.DeclInfo,instance_ancestor,0
train,7b6ecb9ad4829e4e73600a3329baeb3b5df8d23f::System.instInhabitedFilePath,7b6ecb9ad4829e4e73600a3329baeb3b5df8d23f::Lean.Lsp.Command,instance_ancestor,0
train,7b6ecb9ad4829e4e73600a3329baeb3b5df8d23f::Int.instLTInt,7b6ecb9ad4829e4e73600a3329baeb3b5df8d23f::Lean.Parser.ParserCacheKey,instance_ancestor,0
train,7b6ecb9ad4829e4e73600a3329baeb3b5df8d23f::List.instLawfulIdentityHAppendNil,7b6ecb9ad4829e4e73600a3329baeb3b5df8d23f::Lean.IR.DeclInfo,instance_ancestor,0
train,7b6ecb9ad4829e4e73600a3329baeb3b5df8d23f::FloatArray.instInhabited,7b6ecb9ad4829e4e73600a3329baeb3b5df8d23f::Lean.InductiveType,instance_ancestor,0
train,7b6ecb9ad4829e4e73600a3329baeb3b5df8d23f::Lean.Data.AC.instReprExpr,7b6ecb9ad4829e4e73600a3329baeb3b5df8d23f::Lean.Data.AC.ContextInformation,instance_ancestor,0
train,7b6ecb9ad4829e4e73600a3329baeb3b5df8d23f::instReprDecidable,7b6ecb9ad4829e4e73600a3329baeb3b5df8d23f::ReprAtom,instance_ancestor,0
train,7b6ecb9ad4829e4e73600a3329baeb3b5df8d23f::Except.instMonad,7b6ecb9ad4829e4e73600a3329baeb3b5df8d23f::Lean.MetavarDecl,instance_ancestor,0
train,7b6ecb9ad4829e4e73600a3329baeb3b5df8d23f::instOrdUInt8,7b6ecb9ad4829e4e73600a3329baeb3b5df8d23f::Lean.Meta.SimpCongrTheorem,instance_ancestor,0
train,7b6ecb9ad4829e4e73600a3329baeb3b5df8d23f::Id.instMonad,7b6ecb9ad4829e4e73600a3329baeb3b5df8d23f::Neg,instance_ancestor,0
train,7b6ecb9ad4829e4e73600a3329baeb3b5df8d23f::Std.instCommutativeAnd,7b6ecb9ad4829e4e73600a3329baeb3b5df8d23f::HasSubset,instance_ancestor,0
train,7b6ecb9ad4829e4e73600a3329baeb3b5df8d23f::instMaxUInt64,7b6ecb9ad4829e4e73600a3329baeb3b5df8d23f::Lean.Meta.Canonicalizer.State,instance_ancestor,0
train,7b6ecb9ad4829e4e73600a3329baeb3b5df8d23f::Int.instCommutativeMin,7b6ecb9ad4829e4e73600a3329baeb3b5df8d23f::Lean.LocalContext,instance_ancestor,0
train,7b6ecb9ad4829e4e73600a3329baeb3b5df8d23f::IO.instMaxTaskState,7b6ecb9ad4829e4e73600a3329baeb3b5df8d23f::IO.FS.Stream.Buffer,instance_ancestor,0
train,7b6ecb9ad4829e4e73600a3329baeb3b5df8d23f::instDecidableLtPos,7b6ecb9ad4829e4e73600a3329baeb3b5df8d23f::Functor,instance_ancestor,0
train,7b6ecb9ad4829e4e73600a3329baeb3b5df8d23f::Nat.instAntisymmLe,7b6ecb9ad4829e4e73600a3329baeb3b5df8d23f::Lean.Meta.Canonicalizer.ExprVisited,instance_ancestor,0
train,7b6ecb9ad4829e4e73600a3329baeb3b5df8d23f::ReaderT.instLawfulMonad,7b6ecb9ad4829e4e73600a3329baeb3b5df8d23f::Lean.Meta.Contradiction.Config,instance_ancestor,0
train,7b6ecb9ad4829e4e73600a3329baeb3b5df8d23f::Nat.instIdempotentOpMin,7b6ecb9ad4829e4e73600a3329baeb3b5df8d23f::CoeHTC,instance_ancestor,0
train,7b6ecb9ad4829e4e73600a3329baeb3b5df8d23f::Lean.Macro.instMonadQuotationMacroM,7b6ecb9ad4829e4e73600a3329baeb3b5df8d23f::HMul,instance_ancestor,0
train,7b6ecb9ad4829e4e73600a3329baeb3b5df8d23f::Array.instForIn,7b6ecb9ad4829e4e73600a3329baeb3b5df8d23f::Lean.Server.RpcProcedure,instance_ancestor,0
train,7b6ecb9ad4829e4e73600a3329baeb3b5df8d23f::Monad,7b6ecb9ad4829e4e73600a3329baeb3b5df8d23f::Lean.Syntax.TSepArray,extends_ancestor,0
train,7b6ecb9ad4829e4e73600a3329baeb3b5df8d23f::Nat.instLawfulIdentityHMulOfNat,7b6ecb9ad4829e4e73600a3329baeb3b5df8d23f::Lean.Lsp.DeleteFile,instance_ancestor,0
train,7b6ecb9ad4829e4e73600a3329baeb3b5df8d23f::instMonadOption,7b6ecb9ad4829e4e73600a3329baeb3b5df8d23f::Lean.Elab.DefsParsedSnapshot,instance_ancestor,0
train,7b6ecb9ad4829e4e73600a3329baeb3b5df8d23f::instInhabitedProp,7b6ecb9ad4829e4e73600a3329baeb3b5df8d23f::Iff,instance_ancestor,0
train,7b6ecb9ad4829e4e73600a3329baeb3b5df8d23f::instMonadOption,7b6ecb9ad4829e4e73600a3329baeb3b5df8d23f::LawfulMonad,instance_ancestor,0
train,7b6ecb9ad4829e4e73600a3329baeb3b5df8d23f::ExceptCpsT.instLawfulMonad,7b6ecb9ad4829e4e73600a3329baeb3b5df8d23f::Lean.IR.ExplicitBoxing.BoxingContext,instance_ancestor,0
train,7b6ecb9ad4829e4e73600a3329baeb3b5df8d23f::instComplementUInt32,7b6ecb9ad4829e4e73600a3329baeb3b5df8d23f::Lean.Elab.Term.ToDepElimPattern.State,instance_ancestor,0
train,7b6ecb9ad4829e4e73600a3329baeb3b5df8d23f::System.instCoeStringFilePath,7b6ecb9ad4829e4e73600a3329baeb3b5df8d23f::Lean.Elab.Term.MutualClosure.LetRecClosure,instance_ancestor,0
train,7b6ecb9ad4829e4e73600a3329baeb3b5df8d23f::instInhabitedNat,7b6ecb9ad4829e4e73600a3329baeb3b5df8d23f::LT,instance_ancestor,0
train,7b6ecb9ad4829e4e73600a3329baeb3b5df8d23f::ReaderT.instApplicativeOfMonad,7b6ecb9ad4829e4e73600a3329baeb3b5df8d23f::Monad,instance_ancestor,0
train,7b6ecb9ad4829e4e73600a3329baeb3b5df8d23f::instSubUSize,7b6ecb9ad4829e4e73600a3329baeb3b5df8d23f::Lean.Compiler.LCNF.ConfigOptions,instance_ancestor,0
train,7b6ecb9ad4829e4e73600a3329baeb3b5df8d23f::instReprUSize,7b6ecb9ad4829e4e73600a3329baeb3b5df8d23f::ReprAtom,instance_ancestor,0
train,7b6ecb9ad4829e4e73600a3329baeb3b5df8d23f::Std.LawfulCommIdentity,7b6ecb9ad4829e4e73600a3329baeb3b5df8d23f::Equivalence,extends_ancestor,0
train,7b6ecb9ad4829e4e73600a3329baeb3b5df8d23f::instDecidableLeUSize,7b6ecb9ad4829e4e73600a3329baeb3b5df8d23f::Lean.PrettyPrinter.Delaborator.SubExpr.HoleIterator,instance_ancestor,0
train,7b6ecb9ad4829e4e73600a3329baeb3b5df8d23f::instMonadLiftT,7b6ecb9ad4829e4e73600a3329baeb3b5df8d23f::ShiftRight,instance_ancestor,0
train,7b6ecb9ad4829e4e73600a3329baeb3b5df8d23f::IO.instReprTaskState,7b6ecb9ad4829e4e73600a3329baeb3b5df8d23f::Lean.Eval,instance_ancestor,0
train,7b6ecb9ad4829e4e73600a3329baeb3b5df8d23f::ExceptCpsT.instMonad,7b6ecb9ad4829e4e73600a3329baeb3b5df8d23f::Lake.Toml.Time,instance_ancestor,0
train,7b6ecb9ad4829e4e73600a3329baeb3b5df8d23f::Except.instMonad,7b6ecb9ad4829e4e73600a3329baeb3b5df8d23f::Lean.Lsp.WorkspaceFolder,instance_ancestor,0
train,7b6ecb9ad4829e4e73600a3329baeb3b5df8d23f::IO.FS.instReprFileType,7b6ecb9ad4829e4e73600a3329baeb3b5df8d23f::IO.Process.Output,instance_ancestor,0
train,7b6ecb9ad4829e4e73600a3329baeb3b5df8d23f::instMaxUInt32,7b6ecb9ad4829e4e73600a3329baeb3b5df8d23f::OrElse,instance_ancestor,0
train,7b6ecb9ad4829e4e73600a3329baeb3b5df8d23f::instShiftRightUInt16,7b6ecb9ad4829e4e73600a3329baeb3b5df8d23f::Lean.Meta.Rewrite.Config,instance_ancestor,0
train,7b6ecb9ad4829e4e73600a3329baeb3b5df8d23f::EStateM.instMonadFinally,7b6ecb9ad4829e4e73600a3329baeb3b5df8d23f::Lean.Macro.Context,instance_ancestor,0
train,7b6ecb9ad4829e4e73600a3329baeb3b5df8d23f::instInhabitedForInStep_1,7b6ecb9ad4829e4e73600a3329baeb3b5df8d23f::Sigma,instance_ancestor,0
train,7b6ecb9ad4829e4e73600a3329baeb3b5df8d23f::Subarray.instLawfulGetElemNatLtSize,7b6ecb9ad4829e4e73600a3329baeb3b5df8d23f::Lean.Lsp.TextDocumentChangeRegistrationOptions,instance_ancestor,0
train,7b6ecb9ad4829e4e73600a3329baeb3b5df8d23f::IO.instNonemptyMutex,7b6ecb9ad4829e4e73600a3329baeb3b5df8d23f::Lean.Elab.Term.Do.Alt,instance_ancestor,0
train,7b6ecb9ad4829e4e73600a3329baeb3b5df8d23f::instSubFloat,7b6ecb9ad4829e4e73600a3329baeb3b5df8d23f::FloatSpec,instance_ancestor,0
train,7b6ecb9ad4829e4e73600a3329baeb3b5df8d23f::Std.LawfulCommIdentity,7b6ecb9ad4829e4e73600a3329baeb3b5df8d23f::HasSSubset,extends_ancestor,0
train,7b6ecb9ad4829e4e73600a3329baeb3b5df8d23f::StateT.instAlternative,7b6ecb9ad4829e4e73600a3329baeb3b5df8d23f::Lean.MessageDataContext,instance_ancestor,0
train,7b6ecb9ad4829e4e73600a3329baeb3b5df8d23f::UInt64.instOfNat,7b6ecb9ad4829e4e73600a3329baeb3b5df8d23f::Lean.Lsp.WorkDoneProgressReport,instance_ancestor,0
train,7b6ecb9ad4829e4e73600a3329baeb3b5df8d23f::String.instOfNatPos,7b6ecb9ad4829e4e73600a3329baeb3b5df8d23f::LazyDiscrTree.InitResults,instance_ancestor,0
train,7b6ecb9ad4829e4e73600a3329baeb3b5df8d23f::Bool.instLawfulIdentityBeqTrue,7b6ecb9ad4829e4e73600a3329baeb3b5df8d23f::Lean.ScopedEnvExtension.StateStack,instance_ancestor,0
train,7b6ecb9ad4829e4e73600a3329baeb3b5df8d23f::String.instSizeOfIterator,7b6ecb9ad4829e4e73600a3329baeb3b5df8d23f::Lean.QuotVal,instance_ancestor,0
train,7b6ecb9ad4829e4e73600a3329baeb3b5df8d23f::Lean.Grind.instBEqConfig,7b6ecb9ad4829e4e73600a3329baeb3b5df8d23f::Lean.Lsp.LeanImportClosureParams,instance_ancestor,0
train,7b6ecb9ad4829e4e73600a3329baeb3b5df8d23f::Option.instForIn'InferInstanceMembership,7b6ecb9ad4829e4e73600a3329baeb3b5df8d23f::Lean.Elab.Tactic.Omega.Problem,instance_ancestor,0
train,7b6ecb9ad4829e4e73600a3329baeb3b5df8d23f::Int.instDecidableEq,7b6ecb9ad4829e4e73600a3329baeb3b5df8d23f::Lean.Omega.Constraint,instance_ancestor,0
train,7b6ecb9ad4829e4e73600a3329baeb3b5df8d23f::EStateM.instInhabited,7b6ecb9ad4829e4e73600a3329baeb3b5df8d23f::SeqLeft,instance_ancestor,0
train,7b6ecb9ad4829e4e73600a3329baeb3b5df8d23f::instNonemptyDynamic,7b6ecb9ad4829e4e73600a3329baeb3b5df8d23f::Lean.Parser.Error,instance_ancestor,0
train,7b6ecb9ad4829e4e73600a3329baeb3b5df8d23f::instHashableUInt8,7b6ecb9ad4829e4e73600a3329baeb3b5df8d23f::Lean.Elab.Tactic.Ext.ExtTheorem,instance_ancestor,0
train,7b6ecb9ad4829e4e73600a3329baeb3b5df8d23f::instHAndOfAndOp,7b6ecb9ad4829e4e73600a3329baeb3b5df8d23f::Sub,instance_ancestor,0
train,7b6ecb9ad4829e4e73600a3329baeb3b5df8d23f::EStateM.instMonad,7b6ecb9ad4829e4e73600a3329baeb3b5df8d23f::Xor,instance_ancestor,0
train,7b6ecb9ad4829e4e73600a3329baeb3b5df8d23f::instInhabitedExcept,7b6ecb9ad4829e4e73600a3329baeb3b5df8d23f::Pure,instance_ancestor,0
train,7b6ecb9ad4829e4e73600a3329baeb3b5df8d23f::instToStringIterator,7b6ecb9ad4829e4e73600a3329baeb3b5df8d23f::MonadWithReaderOf,instance_ancestor,0
train,7b6ecb9ad4829e4e73600a3329baeb3b5df8d23f::instDecidableEqNat,7b6ecb9ad4829e4e73600a3329baeb3b5df8d23f::USize,instance_ancestor,0
train,7b6ecb9ad4829e4e73600a3329baeb3b5df8d23f::ByteArray.instInhabited,7b6ecb9ad4829e4e73600a3329baeb3b5df8d23f::Lean.Elab.Term.Do.CodeBlock,instance_ancestor,0
train,7b6ecb9ad4829e4e73600a3329baeb3b5df8d23f::Array.instEmptyCollection,7b6ecb9ad4829e4e73600a3329baeb3b5df8d23f::Lean.Elab.Modifiers,instance_ancestor,0
train,7b6ecb9ad4829e4e73600a3329baeb3b5df8d23f::Nat.instTransLeLt,7b6ecb9ad4829e4e73600a3329baeb3b5df8d23f::Iff,instance_ancestor,0
train,7b6ecb9ad4829e4e73600a3329baeb3b5df8d23f::ReaderT.instFunctorOfMonad,7b6ecb9ad4829e4e73600a3329baeb3b5df8d23f::LE,instance_ancestor,0
train,7b6ecb9ad4829e4e73600a3329baeb3b5df8d23f::ReaderT.instLawfulFunctor,7b6ecb9ad4829e4e73600a3329baeb3b5df8d23f::Lean.Compiler.LCNF.Testing.InOutAssertionContext,instance_ancestor,0
train,7b6ecb9ad4829e4e73600a3329baeb3b5df8d23f::instMonadFunctorTOfMonadFunctor,7b6ecb9ad4829e4e73600a3329baeb3b5df8d23f::ShiftRight,instance_ancestor,0
train,7b6ecb9ad4829e4e73600a3329baeb3b5df8d23f::ReaderT.instApplicativeOfMonad,7b6ecb9ad4829e4e73600a3329baeb3b5df8d23f::Max,instance_ancestor,0
train,7b6ecb9ad4829e4e73600a3329baeb3b5df8d23f::instToStringFloat,7b6ecb9ad4829e4e73600a3329baeb3b5df8d23f::Float,instance_ancestor,0
train,7b6ecb9ad4829e4e73600a3329baeb3b5df8d23f::Std.Format.instInhabitedSpaceResult,7b6ecb9ad4829e4e73600a3329baeb3b5df8d23f::_private.Init.Data.Format.Basic.0.Std.Format.State,instance_ancestor,0
train,7b6ecb9ad4829e4e73600a3329baeb3b5df8d23f::instInhabitedTask,7b6ecb9ad4829e4e73600a3329baeb3b5df8d23f::Std.LeftIdentity,instance_ancestor,0
train,7b6ecb9ad4829e4e73600a3329baeb3b5df8d23f::Int.decidableDvd,7b6ecb9ad4829e4e73600a3329baeb3b5df8d23f::ToBool,instance_ancestor,0
train,7b6ecb9ad4829e4e73600a3329baeb3b5df8d23f::Array.instGetElemUSizeLtNatToNatSize,7b6ecb9ad4829e4e73600a3329baeb3b5df8d23f::Lean.Meta.Config,instance_ancestor,0
train,7b6ecb9ad4829e4e73600a3329baeb3b5df8d23f::instToFormatPos,7b6ecb9ad4829e4e73600a3329baeb3b5df8d23f::HShiftRight,instance_ancestor,0
train,7b6ecb9ad4829e4e73600a3329baeb3b5df8d23f::BitVec.instAssociativeHMul,7b6ecb9ad4829e4e73600a3329baeb3b5df8d23f::Lean.ImportState,instance_ancestor,0
train,7b6ecb9ad4829e4e73600a3329baeb3b5df8d23f::ExceptCpsT.instMonad,7b6ecb9ad4829e4e73600a3329baeb3b5df8d23f::Lean.MonadBacktrack,instance_ancestor,0
train,7b6ecb9ad4829e4e73600a3329baeb3b5df8d23f::instDecidableLeUInt8,7b6ecb9ad4829e4e73600a3329baeb3b5df8d23f::Lean.Meta.SynthInstance.GeneratorNode,instance_ancestor,0
train,7b6ecb9ad4829e4e73600a3329baeb3b5df8d23f::Lean.Omega.IntList.instNeg,7b6ecb9ad4829e4e73600a3329baeb3b5df8d23f::Lean.Elab.Term.ElabAppArgs.State,instance_ancestor,0
train,7b6ecb9ad4829e4e73600a3329baeb3b5df8d23f::BitVec.instSub,7b6ecb9ad4829e4e73600a3329baeb3b5df8d23f::Lean.Meta.Canonicalizer.State,instance_ancestor,0
train,7b6ecb9ad4829e4e73600a3329baeb3b5df8d23f::ExceptT.finally,7b6ecb9ad4829e4e73600a3329baeb3b5df8d23f::Lean.Elab.Tactic.SavedState,instance_ancestor,0
train,7b6ecb9ad4829e4e73600a3329baeb3b5df8d23f::StateT.instMonad,7b6ecb9ad4829e4e73600a3329baeb3b5df8d23f::Lean.Compiler.NumScalarTypeInfo,instance_ancestor,0
train,7b6ecb9ad4829e4e73600a3329baeb3b5df8d23f::Nat.instMod,7b6ecb9ad4829e4e73600a3329baeb3b5df8d23f::ForIn,instance_ancestor,0
train,7b6ecb9ad4829e4e73600a3329baeb3b5df8d23f::instLawfulMonadExcept,7b6ecb9ad4829e4e73600a3329baeb3b5df8d23f::HShiftLeft,instance_ancestor,0
train,7b6ecb9ad4829e4e73600a3329baeb3b5df8d23f::instToStringOption,7b6ecb9ad4829e4e73600a3329baeb3b5df8d23f::Lean.Elab.Tactic.ElimApp.Context,instance_ancestor,0
train,7b6ecb9ad4829e4e73600a3329baeb3b5df8d23f::StateT.instMonad,7b6ecb9ad4829e4e73600a3329baeb3b5df8d23f::Lean.Elab.TacticInfo,instance_ancestor,0
train,7b6ecb9ad4829e4e73600a3329baeb3b5df8d23f::Std.LawfulLeftIdentity,7b6ecb9ad4829e4e73600a3329baeb3b5df8d23f::Std.LawfulIdentity,extends_ancestor,0
train,7b6ecb9ad4829e4e73600a3329baeb3b5df8d23f::Lean.instQuoteBoolMkStr1,7b6ecb9ad4829e4e73600a3329baeb3b5df8d23f::Lean.Meta.Rewrite.Config,instance_ancestor,0
train,7b6ecb9ad4829e4e73600a3329baeb3b5df8d23f::Lean.Omega.LinearCombo.instToString,7b6ecb9ad4829e4e73600a3329baeb3b5df8d23f::Lean.Meta.KExprMap,instance_ancestor,0
train,7b6ecb9ad4829e4e73600a3329baeb3b5df8d23f::instAddUInt64,7b6ecb9ad4829e4e73600a3329baeb3b5df8d23f::Lean.DeclarationRanges,instance_ancestor,0
train,7b6ecb9ad4829e4e73600a3329baeb3b5df8d23f::ExceptT.instMonad,7b6ecb9ad4829e4e73600a3329baeb3b5df8d23f::Lean.Meta.AbstractMVars.State,instance_ancestor,0
train,7b6ecb9ad4829e4e73600a3329baeb3b5df8d23f::Lean.TSyntax.instCoeStrLitTerm,7b6ecb9ad4829e4e73600a3329baeb3b5df8d23f::Lean.Meta.Omega.OmegaConfig,instance_ancestor,0
train,7b6ecb9ad4829e4e73600a3329baeb3b5df8d23f::instDecidableLePos,7b6ecb9ad4829e4e73600a3329baeb3b5df8d23f::Lean.MonadRef,instance_ancestor,0
train,7b6ecb9ad4829e4e73600a3329baeb3b5df8d23f::StateCpsT.instLawfulMonad,7b6ecb9ad4829e4e73600a3329baeb3b5df8d23f::Std.Format.MonadPrettyFormat,instance_ancestor,0
train,7b6ecb9ad4829e4e73600a3329baeb3b5df8d23f::instMonadEST,7b6ecb9ad4829e4e73600a3329baeb3b5df8d23f::STWorld,instance_ancestor,0
train,7b6ecb9ad4829e4e73600a3329baeb3b5df8d23f::List.instAppend,7b6ecb9ad4829e4e73600a3329baeb3b5df8d23f::Lean.Server.FileWorker.LeanSemanticToken,instance_ancestor,0
train,7b6ecb9ad4829e4e73600a3329baeb3b5df8d23f::FloatArray.instEmptyCollection,7b6ecb9ad4829e4e73600a3329baeb3b5df8d23f::Lean.Parser.TokenCacheEntry,instance_ancestor,0
train,7b6ecb9ad4829e4e73600a3329baeb3b5df8d23f::instSubsingletonPUnit,7b6ecb9ad4829e4e73600a3329baeb3b5df8d23f::Sigma,instance_ancestor,0
train,7b6ecb9ad4829e4e73600a3329baeb3b5df8d23f::Array.instGetElemUSizeLtNatToNatSize,7b6ecb9ad4829e4e73600a3329baeb3b5df8d23f::Lean.RecursorVal,instance_ancestor,0
train,7b6ecb9ad4829e4e73600a3329baeb3b5df8d23f::instDecidableEqList,7b6ecb9ad4829e4e73600a3329baeb3b5df8d23f::HAnd,instance_ancestor,0
train,7b6ecb9ad4829e4e73600a3329baeb3b5df8d23f::StateRefT'.instAlternativeOfMonad,7b6ecb9ad4829e4e73600a3329baeb3b5df8d23f::IO.FileRight,instance_ancestor,0
train,7b6ecb9ad4829e4e73600a3329baeb3b5df8d23f::Nat.instLawfulIdentityMaxOfNat,7b6ecb9ad4829e4e73600a3329baeb3b5df8d23f::Lean.Meta.Linear.State,instance_ancestor,0
train,7b6ecb9ad4829e4e73600a3329baeb3b5df8d23f::StateT.instMonad,7b6ecb9ad4829e4e73600a3329baeb3b5df8d23f::Lean.Parser.ParserCacheEntry,instance_ancestor,0
train,7b6ecb9ad4829e4e73600a3329baeb3b5df8d23f::instShiftLeftUSize,7b6ecb9ad4829e4e73600a3329baeb3b5df8d23f::Lean.IR.Checker.CheckerState,instance_ancestor,0
train,7b6ecb9ad4829e4e73600a3329baeb3b5df8d23f::Option.instBEq,7b6ecb9ad4829e4e73600a3329baeb3b5df8d23f::Lean.Elab.Term.FunBinders.State,instance_ancestor,0
train,7b6ecb9ad4829e4e73600a3329baeb3b5df8d23f::instReprBool,7b6ecb9ad4829e4e73600a3329baeb3b5df8d23f::ReprAtom,instance_ancestor,0
train,7b6ecb9ad4829e4e73600a3329baeb3b5df8d23f::instToStringByteArray,7b6ecb9ad4829e4e73600a3329baeb3b5df8d23f::Lake.Manifest,instance_ancestor,0
train,7b6ecb9ad4829e4e73600a3329baeb3b5df8d23f::instDecidableOr,7b6ecb9ad4829e4e73600a3329baeb3b5df8d23f::AndOp,instance_ancestor,0
train,7b6ecb9ad4829e4e73600a3329baeb3b5df8d23f::Nat.decidable_dvd,7b6ecb9ad4829e4e73600a3329baeb3b5df8d23f::Bind,instance_ancestor,0
train,7b6ecb9ad4829e4e73600a3329baeb3b5df8d23f::instHashable,7b6ecb9ad4829e4e73600a3329baeb3b5df8d23f::LLVM.Builder,instance_ancestor,0
train,7b6ecb9ad4829e4e73600a3329baeb3b5df8d23f::Lean.Data.AC.instEvalInformationContext,7b6ecb9ad4829e4e73600a3329baeb3b5df8d23f::Lean.Data.AC.Variable,instance_ancestor,0
train,7b6ecb9ad4829e4e73600a3329baeb3b5df8d23f::instLawfulBEqChar,7b6ecb9ad4829e4e73600a3329baeb3b5df8d23f::HasSubset,instance_ancestor,0
train,7b6ecb9ad4829e4e73600a3329baeb3b5df8d23f::instAddFloat,7b6ecb9ad4829e4e73600a3329baeb3b5df8d23f::Float,instance_ancestor,0
train,7b6ecb9ad4829e4e73600a3329baeb3b5df8d23f::Lean.instEvalBaseIO,7b6ecb9ad4829e4e73600a3329baeb3b5df8d23f::IO.Process.Output,instance_ancestor,0
train,7b6ecb9ad4829e4e73600a3329baeb3b5df8d23f::instOrdBool,7b6ecb9ad4829e4e73600a3329baeb3b5df8d23f::Lean.Meta.AbstractNestedProofs.State,instance_ancestor,0
train,7b6ecb9ad4829e4e73600a3329baeb3b5df8d23f::Nat.instAntisymmNotLt,7b6ecb9ad4829e4e73600a3329baeb3b5df8d23f::Lake.MonadError,instance_ancestor,0
train,7b6ecb9ad4829e4e73600a3329baeb3b5df8d23f::instReprAtomNat,7b6ecb9ad4829e4e73600a3329baeb3b5df8d23f::ReprTuple,instance_ancestor,0
train,7b6ecb9ad4829e4e73600a3329baeb3b5df8d23f::ReaderT.instLawfulMonad,7b6ecb9ad4829e4e73600a3329baeb3b5df8d23f::Lean.PrettyPrinter.Delaborator.TopDownAnalyze.App.State,instance_ancestor,0
train,7b6ecb9ad4829e4e73600a3329baeb3b5df8d23f::Lean.instMonadQuotationOfMonadFunctorOfMonadLift,7b6ecb9ad4829e4e73600a3329baeb3b5df8d23f::EStateM.Backtrackable,instance_ancestor,0
train,7b6ecb9ad4829e4e73600a3329baeb3b5df8d23f::instInhabitedOption,7b6ecb9ad4829e4e73600a3329baeb3b5df8d23f::Lean.MonadRef,instance_ancestor,0
train,7b6ecb9ad4829e4e73600a3329baeb3b5df8d23f::ShareCommon.instNonemptyStateFactory,7b6ecb9ad4829e4e73600a3329baeb3b5df8d23f::ShareCommon.StateFactoryBuilder,instance_ancestor,0
train,7b6ecb9ad4829e4e73600a3329baeb3b5df8d23f::instHSub,7b6ecb9ad4829e4e73600a3329baeb3b5df8d23f::HShiftRight,instance_ancestor,0
train,7b6ecb9ad4829e4e73600a3329baeb3b5df8d23f::StateT.instAlternative,7b6ecb9ad4829e4e73600a3329baeb3b5df8d23f::Lean.Elab.Term.CollectPatternVars.Context,instance_ancestor,0
train,7b6ecb9ad4829e4e73600a3329baeb3b5df8d23f::Lean.Name.instDecidableEq,7b6ecb9ad4829e4e73600a3329baeb3b5df8d23f::Lean.Meta.Omega.OmegaConfig,instance_ancestor,0
train,7b6ecb9ad4829e4e73600a3329baeb3b5df8d23f::BitVec.instAdd,7b6ecb9ad4829e4e73600a3329baeb3b5df8d23f::Lean.Lsp.VersionedTextDocumentIdentifier,instance_ancestor,0
train,7b6ecb9ad4829e4e73600a3329baeb3b5df8d23f::Lean.Syntax.instRepr,7b6ecb9ad4829e4e73600a3329baeb3b5df8d23f::Lean.Meta.Rewrite.Config,instance_ancestor,0
train,7b6ecb9ad4829e4e73600a3329baeb3b5df8d23f::BitVec.instRepr,7b6ecb9ad4829e4e73600a3329baeb3b5df8d23f::Lean.Compiler.LCNF.Specialize.CacheEntry,instance_ancestor,0
train,7b6ecb9ad4829e4e73600a3329baeb3b5df8d23f::EStateM.instReprResult,7b6ecb9ad4829e4e73600a3329baeb3b5df8d23f::Lake.CheckExists,instance_ancestor,0
train,7b6ecb9ad4829e4e73600a3329baeb3b5df8d23f::Nat.instTransLt,7b6ecb9ad4829e4e73600a3329baeb3b5df8d23f::LazyDiscrTree.InitResults,instance_ancestor,0
train,7b6ecb9ad4829e4e73600a3329baeb3b5df8d23f::Lean.instCoeSyntaxTSyntaxConsSyntaxNodeKindMkStr1Nil,7b6ecb9ad4829e4e73600a3329baeb3b5df8d23f::Lean.Firefox.StackTable,instance_ancestor,0
train,7b6ecb9ad4829e4e73600a3329baeb3b5df8d23f::OptionT.instMonadExceptOfOfMonad,7b6ecb9ad4829e4e73600a3329baeb3b5df8d23f::Lean.Elab.Term.PatternVarDecl,instance_ancestor,0
train,7b6ecb9ad4829e4e73600a3329baeb3b5df8d23f::Lean.Omega.instReprLinearCombo,7b6ecb9ad4829e4e73600a3329baeb3b5df8d23f::Lean.Widget.GetGoToLocationParams,instance_ancestor,0
train,7b6ecb9ad4829e4e73600a3329baeb3b5df8d23f::List.instLT,7b6ecb9ad4829e4e73600a3329baeb3b5df8d23f::Lean.MonadOptions,instance_ancestor,0
train,7b6ecb9ad4829e4e73600a3329baeb3b5df8d23f::ReaderT.instAlternativeOfMonad,7b6ecb9ad4829e4e73600a3329baeb3b5df8d23f::Lean.Compiler.LCNF.ToMonoM.State,instance_ancestor,0
train,7b6ecb9ad4829e4e73600a3329baeb3b5df8d23f::BitVec.instDecidableLe,7b6ecb9ad4829e4e73600a3329baeb3b5df8d23f::Lean.IR.VarId,instance_ancestor,0
train,7b6ecb9ad4829e4e73600a3329baeb3b5df8d23f::Fin.instOrOp,7b6ecb9ad4829e4e73600a3329baeb3b5df8d23f::Lean.Server.Snapshots.Snapshot,instance_ancestor,0
train,7b6ecb9ad4829e4e73600a3329baeb3b5df8d23f::instToFormatOfToString,7b6ecb9ad4829e4e73600a3329baeb3b5df8d23f::Lake.Toml.DecodeError,instance_ancestor,0
train,7b6ecb9ad4829e4e73600a3329baeb3b5df8d23f::instBEqNat,7b6ecb9ad4829e4e73600a3329baeb3b5df8d23f::Xor,instance_ancestor,0
train,7b6ecb9ad4829e4e73600a3329baeb3b5df8d23f::instMonadBaseIO,7b6ecb9ad4829e4e73600a3329baeb3b5df8d23f::IO.CancelToken,instance_ancestor,0
train,7b6ecb9ad4829e4e73600a3329baeb3b5df8d23f::instInhabitedSubstring,7b6ecb9ad4829e4e73600a3329baeb3b5df8d23f::Fin,instance_ancestor,0
train,7b6ecb9ad4829e4e73600a3329baeb3b5df8d23f::instHPow,7b6ecb9ad4829e4e73600a3329baeb3b5df8d23f::Inhabited,instance_ancestor,0
train,7b6ecb9ad4829e4e73600a3329baeb3b5df8d23f::instDecidableEqNat,7b6ecb9ad4829e4e73600a3329baeb3b5df8d23f::HOrElse,instance_ancestor,0
train,7b6ecb9ad4829e4e73600a3329baeb3b5df8d23f::IO.FS.instReprMetadata,7b6ecb9ad4829e4e73600a3329baeb3b5df8d23f::IO.Process.SpawnArgs,instance_ancestor,0
train,7b6ecb9ad4829e4e73600a3329baeb3b5df8d23f::instMulFloat,7b6ecb9ad4829e4e73600a3329baeb3b5df8d23f::Float,instance_ancestor,0
train,7b6ecb9ad4829e4e73600a3329baeb3b5df8d23f::instReprId_1,7b6ecb9ad4829e4e73600a3329baeb3b5df8d23f::ReprTuple,instance_ancestor,0
train,7b6ecb9ad4829e4e73600a3329baeb3b5df8d23f::Int.instLawfulIdentityHMulOfNat,7b6ecb9ad4829e4e73600a3329baeb3b5df8d23f::Float,instance_ancestor,0
train,7b6ecb9ad4829e4e73600a3329baeb3b5df8d23f::instAndOpUSize,7b6ecb9ad4829e4e73600a3329baeb3b5df8d23f::Lean.Lsp.RefInfo.ParentDecl,instance_ancestor,0
train,7b6ecb9ad4829e4e73600a3329baeb3b5df8d23f::Except.instMonad,7b6ecb9ad4829e4e73600a3329baeb3b5df8d23f::Std.LawfulLeftIdentity,instance_ancestor,0
train,7b6ecb9ad4829e4e73600a3329baeb3b5df8d23f::instCoeTailIntOfIntCast,7b6ecb9ad4829e4e73600a3329baeb3b5df8d23f::Nat.Linear.PolyCnstr,instance_ancestor,0
train,7b6ecb9ad4829e4e73600a3329baeb3b5df8d23f::IO.FS.instInhabitedStream,7b6ecb9ad4829e4e73600a3329baeb3b5df8d23f::IO.FS.Stream,instance_ancestor,0
train,7b6ecb9ad4829e4e73600a3329baeb3b5df8d23f::Std.Format.instInhabitedFlattenBehavior,7b6ecb9ad4829e4e73600a3329baeb3b5df8d23f::Std.Format.MonadPrettyFormat,instance_ancestor,0
train,7b6ecb9ad4829e4e73600a3329baeb3b5df8d23f::instBEqFloat,7b6ecb9ad4829e4e73600a3329baeb3b5df8d23f::FloatSpec,instance_ancestor,0
train,7b6ecb9ad4829e4e73600a3329baeb3b5df8d23f::System.instToStringFilePath,7b6ecb9ad4829e4e73600a3329baeb3b5df8d23f::Complement,instance_ancestor,0
train,7b6ecb9ad4829e4e73600a3329baeb3b5df8d23f::Std.Queue.instInhabited,7b6ecb9ad4829e4e73600a3329baeb3b5df8d23f::HomogeneousPow,instance_ancestor,0
train,7b6ecb9ad4829e4e73600a3329baeb3b5df8d23f::ExceptCpsT.instMonad,7b6ecb9ad4829e4e73600a3329baeb3b5df8d23f::Lean.Elab.Term.ElabElim.State,instance_ancestor,0
train,7b6ecb9ad4829e4e73600a3329baeb3b5df8d23f::ExceptCpsT.instInhabited,7b6ecb9ad4829e4e73600a3329baeb3b5df8d23f::Lean.Lsp.CodeAction,instance_ancestor,0
train,7b6ecb9ad4829e4e73600a3329baeb3b5df8d23f::Nat.instLawfulIdentityMaxOfNat,7b6ecb9ad4829e4e73600a3329baeb3b5df8d23f::Lake.NamedConfigDecl,instance_ancestor,0
train,7b6ecb9ad4829e4e73600a3329baeb3b5df8d23f::boolToSort,7b6ecb9ad4829e4e73600a3329baeb3b5df8d23f::CoeDep,instance_ancestor,0
train,7b6ecb9ad4829e4e73600a3329baeb3b5df8d23f::UInt64.instInhabited,7b6ecb9ad4829e4e73600a3329baeb3b5df8d23f::Lean.Compiler.LCNF.Simp.Config,instance_ancestor,0
train,7b6ecb9ad4829e4e73600a3329baeb3b5df8d23f::BitVec.natCastInst,7b6ecb9ad4829e4e73600a3329baeb3b5df8d23f::Lean.Server.FileWorker.FileSetupResult,instance_ancestor,0
train,7b6ecb9ad4829e4e73600a3329baeb3b5df8d23f::instToStringSubarray,7b6ecb9ad4829e4e73600a3329baeb3b5df8d23f::Lean.Meta.CongrTheorem,instance_ancestor,0
train,7b6ecb9ad4829e4e73600a3329baeb3b5df8d23f::EStateM.instMonad,7b6ecb9ad4829e4e73600a3329baeb3b5df8d23f::BEq,instance_ancestor,0
train,7b6ecb9ad4829e4e73600a3329baeb3b5df8d23f::instMonadST,7b6ecb9ad4829e4e73600a3329baeb3b5df8d23f::STWorld,instance_ancestor,0
train,7b6ecb9ad4829e4e73600a3329baeb3b5df8d23f::Nat.instLawfulIdentityGcdOfNat,7b6ecb9ad4829e4e73600a3329baeb3b5df8d23f::Lean.StructureDescr,instance_ancestor,0
train,7b6ecb9ad4829e4e73600a3329baeb3b5df8d23f::Nat.instAssociativeMin,7b6ecb9ad4829e4e73600a3329baeb3b5df8d23f::Lean.CodeAction.CommandCodeActions,instance_ancestor,0
train,7b6ecb9ad4829e4e73600a3329baeb3b5df8d23f::Lean.Meta.DSimp.instInhabitedConfig,7b6ecb9ad4829e4e73600a3329baeb3b5df8d23f::Lean.NameGenerator,instance_ancestor,0
train,7b6ecb9ad4829e4e73600a3329baeb3b5df8d23f::instHashablePos,7b6ecb9ad4829e4e73600a3329baeb3b5df8d23f::Lean.AttributeImpl,instance_ancestor,0
train,7b6ecb9ad4829e4e73600a3329baeb3b5df8d23f::instMulUInt64,7b6ecb9ad4829e4e73600a3329baeb3b5df8d23f::Lean.Lsp.PlainGoal,instance_ancestor,0
train,7b6ecb9ad4829e4e73600a3329baeb3b5df8d23f::instLawfulIdentityAndTrue,7b6ecb9ad4829e4e73600a3329baeb3b5df8d23f::Lake.ExternLibDecl,instance_ancestor,0
train,7b6ecb9ad4829e4e73600a3329baeb3b5df8d23f::instDecidableLeUInt16,7b6ecb9ad4829e4e73600a3329baeb3b5df8d23f::Lean.Meta.SimpTheorem,instance_ancestor,0
train,7b6ecb9ad4829e4e73600a3329baeb3b5df8d23f::Std.instToFormatFormat,7b6ecb9ad4829e4e73600a3329baeb3b5df8d23f::Std.Format.WorkGroup,instance_ancestor,0
train,7b6ecb9ad4829e4e73600a3329baeb3b5df8d23f::String.instLE,7b6ecb9ad4829e4e73600a3329baeb3b5df8d23f::Lean.PrettyPrinter.Delaborator.TopDownAnalyze.App.Context,instance_ancestor,0
train,7b6ecb9ad4829e4e73600a3329baeb3b5df8d23f::Id.instMonad,7b6ecb9ad4829e4e73600a3329baeb3b5df8d23f::Ord,instance_ancestor,0
train,7b6ecb9ad4829e4e73600a3329baeb3b5df8d23f::instMulUInt32,7b6ecb9ad4829e4e73600a3329baeb3b5df8d23f::String.Iterator,instance_ancestor,0
train,7b6ecb9ad4829e4e73600a3329baeb3b5df8d23f::Bool.instCommutativeOr,7b6ecb9ad4829e4e73600a3329baeb3b5df8d23f::Lean.ProjectionFunctionInfo,instance_ancestor,0
train,7b6ecb9ad4829e4e73600a3329baeb3b5df8d23f::instHashableString,7b6ecb9ad4829e4e73600a3329baeb3b5df8d23f::MonadStateOf,instance_ancestor,0
train,7b6ecb9ad4829e4e73600a3329baeb3b5df8d23f::instLEUSize,7b6ecb9ad4829e4e73600a3329baeb3b5df8d23f::Lean.Meta.Match.Extension.State,instance_ancestor,0
train,7b6ecb9ad4829e4e73600a3329baeb3b5df8d23f::instDecidableEqOfIff,7b6ecb9ad4829e4e73600a3329baeb3b5df8d23f::PSigma,instance_ancestor,0
train,7b6ecb9ad4829e4e73600a3329baeb3b5df8d23f::instShiftRightUInt64,7b6ecb9ad4829e4e73600a3329baeb3b5df8d23f::Lean.Lsp.InitializeResult,instance_ancestor,0
train,7b6ecb9ad4829e4e73600a3329baeb3b5df8d23f::Nat.SOM.instInhabitedExpr,7b6ecb9ad4829e4e73600a3329baeb3b5df8d23f::Array,instance_ancestor,0
train,7b6ecb9ad4829e4e73600a3329baeb3b5df8d23f::StateT.instMonad,7b6ecb9ad4829e4e73600a3329baeb3b5df8d23f::Lean.Meta.Linear.Poly,instance_ancestor,0
train,7b6ecb9ad4829e4e73600a3329baeb3b5df8d23f::Bool.instDecidableLt,7b6ecb9ad4829e4e73600a3329baeb3b5df8d23f::Lean.Compiler.LCNF.ToLCNF.State,instance_ancestor,0
train,7b6ecb9ad4829e4e73600a3329baeb3b5df8d23f::instLawfulMonadStateRefT',7b6ecb9ad4829e4e73600a3329baeb3b5df8d23f::Lean.Compiler.LCNF.SpecState,instance_ancestor,0
train,7b6ecb9ad4829e4e73600a3329baeb3b5df8d23f::Nat.instCommutativeHAdd,7b6ecb9ad4829e4e73600a3329baeb3b5df8d23f::Lean.Omega.Constraint,instance_ancestor,0
train,7b6ecb9ad4829e4e73600a3329baeb3b5df8d23f::instHShiftRightOfShiftRight,7b6ecb9ad4829e4e73600a3329baeb3b5df8d23f::Membership,instance_ancestor,0
train,7b6ecb9ad4829e4e73600a3329baeb3b5df8d23f::instSubUInt64,7b6ecb9ad4829e4e73600a3329baeb3b5df8d23f::Lean.Meta.SynthInstance.State,instance_ancestor,0
train,7b6ecb9ad4829e4e73600a3329baeb3b5df8d23f::Lean.instInhabitedTSyntax,7b6ecb9ad4829e4e73600a3329baeb3b5df8d23f::Lean.Syntax.TSepArray,instance_ancestor,0
train,7b6ecb9ad4829e4e73600a3329baeb3b5df8d23f::Std.instCommutativeIff,7b6ecb9ad4829e4e73600a3329baeb3b5df8d23f::Std.LeftIdentity,instance_ancestor,0
train,7b6ecb9ad4829e4e73600a3329baeb3b5df8d23f::Lean.TSyntax.instCoeNumLitTerm,7b6ecb9ad4829e4e73600a3329baeb3b5df8d23f::Lean.Meta.Omega.OmegaConfig,instance_ancestor,0
train,7b6ecb9ad4829e4e73600a3329baeb3b5df8d23f::Bool.instLawfulIdentityBneFalse,7b6ecb9ad4829e4e73600a3329baeb3b5df8d23f::Lean.Lsp.WaitForDiagnosticsParams,instance_ancestor,0
train,7b6ecb9ad4829e4e73600a3329baeb3b5df8d23f::Fin.instMod,7b6ecb9ad4829e4e73600a3329baeb3b5df8d23f::Lean.CollectLevelParams.State,instance_ancestor,0
train,7b6ecb9ad4829e4e73600a3329baeb3b5df8d23f::instToFormatArray,7b6ecb9ad4829e4e73600a3329baeb3b5df8d23f::Lake.Workspace,instance_ancestor,0
train,7b6ecb9ad4829e4e73600a3329baeb3b5df8d23f::instToStreamRange,7b6ecb9ad4829e4e73600a3329baeb3b5df8d23f::Stream,instance_ancestor,0
train,7b6ecb9ad4829e4e73600a3329baeb3b5df8d23f::instToStringId_1,7b6ecb9ad4829e4e73600a3329baeb3b5df8d23f::Lean.Elab.Term.Do.JPDecl,instance_ancestor,0
train,7b6ecb9ad4829e4e73600a3329baeb3b5df8d23f::ExceptT.instMonad,7b6ecb9ad4829e4e73600a3329baeb3b5df8d23f::Lean.Lsp.RefInfo.ParentDecl,instance_ancestor,0
train,7b6ecb9ad4829e4e73600a3329baeb3b5df8d23f::Monad,7b6ecb9ad4829e4e73600a3329baeb3b5df8d23f::UInt32,extends_ancestor,0
train,7b6ecb9ad4829e4e73600a3329baeb3b5df8d23f::Nat.decidableExistsLE,7b6ecb9ad4829e4e73600a3329baeb3b5df8d23f::Lean.Compiler.CSimp.Entry,instance_ancestor,0
train,7b6ecb9ad4829e4e73600a3329baeb3b5df8d23f::instDecidableEqPEmpty,7b6ecb9ad4829e4e73600a3329baeb3b5df8d23f::Std.LawfulLeftIdentity,instance_ancestor,0
train,7b6ecb9ad4829e4e73600a3329baeb3b5df8d23f::Fin.decLe,7b6ecb9ad4829e4e73600a3329baeb3b5df8d23f::Lean.TSyntax,instance_ancestor,0
train,7b6ecb9ad4829e4e73600a3329baeb3b5df8d23f::ExceptT.instMonadLift,7b6ecb9ad4829e4e73600a3329baeb3b5df8d23f::Lake.GitRepo,instance_ancestor,0
train,7b6ecb9ad4829e4e73600a3329baeb3b5df8d23f::Bool.instCommutativeAnd,7b6ecb9ad4829e4e73600a3329baeb3b5df8d23f::Lean.Lsp.CompletionItem,instance_ancestor,0
train,7b6ecb9ad4829e4e73600a3329baeb3b5df8d23f::Lean.Omega.LinearCombo.instAdd,7b6ecb9ad4829e4e73600a3329baeb3b5df8d23f::Lean.Lsp.WaitForDiagnostics,instance_ancestor,0
train,7b6ecb9ad4829e4e73600a3329baeb3b5df8d23f::instToStringInt,7b6ecb9ad4829e4e73600a3329baeb3b5df8d23f::Lake.TextFilePath,instance_ancestor,0
train,7b6ecb9ad4829e4e73600a3329baeb3b5df8d23f::Option.instDecidableExistsAndMemOfDecidablePred,7b6ecb9ad4829e4e73600a3329baeb3b5df8d23f::Lean.Lsp.CreateFile.Options,instance_ancestor,0
train,7b6ecb9ad4829e4e73600a3329baeb3b5df8d23f::instInhabitedPUnit,7b6ecb9ad4829e4e73600a3329baeb3b5df8d23f::Sigma,instance_ancestor,0
train,7b6ecb9ad4829e4e73600a3329baeb3b5df8d23f::instAddUSize,7b6ecb9ad4829e4e73600a3329baeb3b5df8d23f::Lean.Server.FileWorker.FileSetupResult,instance_ancestor,0
train,7b6ecb9ad4829e4e73600a3329baeb3b5df8d23f::Bool.instDecidableExistsOfDecidablePred,7b6ecb9ad4829e4e73600a3329baeb3b5df8d23f::Lake.LeanExe,instance_ancestor,0
train,7b6ecb9ad4829e4e73600a3329baeb3b5df8d23f::instShiftLeftUInt32,7b6ecb9ad4829e4e73600a3329baeb3b5df8d23f::Lean.Server.Completion.State,instance_ancestor,0
train,7b6ecb9ad4829e4e73600a3329baeb3b5df8d23f::instReprAtomUSize,7b6ecb9ad4829e4e73600a3329baeb3b5df8d23f::ReprTuple,instance_ancestor,0
train,7b6ecb9ad4829e4e73600a3329baeb3b5df8d23f::Std.Range.instForIn'NatInferInstanceMembership,7b6ecb9ad4829e4e73600a3329baeb3b5df8d23f::HXor,instance_ancestor,0
train,7b6ecb9ad4829e4e73600a3329baeb3b5df8d23f::ReaderT.instAlternativeOfMonad,7b6ecb9ad4829e4e73600a3329baeb3b5df8d23f::Lean.Compiler.LCNF.Testing.SimpleAssertionContext,instance_ancestor,0
train,7b6ecb9ad4829e4e73600a3329baeb3b5df8d23f::Nat.Linear.instBEqPolyCnstr,7b6ecb9ad4829e4e73600a3329baeb3b5df8d23f::Nat.Linear.ExprCnstr,instance_ancestor,0
train,7b6ecb9ad4829e4e73600a3329baeb3b5df8d23f::Lean.Omega.instDecidableEqConstraint,7b6ecb9ad4829e4e73600a3329baeb3b5df8d23f::SDiff,instance_ancestor,0
train,7b6ecb9ad4829e4e73600a3329baeb3b5df8d23f::BitVec.instHShiftRightNat,7b6ecb9ad4829e4e73600a3329baeb3b5df8d23f::Lean.Lsp.InitializeResult,instance_ancestor,0
train,7b6ecb9ad4829e4e73600a3329baeb3b5df8d23f::StateRefT'.instAlternativeOfMonad,7b6ecb9ad4829e4e73600a3329baeb3b5df8d23f::Lean.SimplePersistentEnvExtensionDescr,instance_ancestor,0
train,7b6ecb9ad4829e4e73600a3329baeb3b5df8d23f::instDivUInt8,7b6ecb9ad4829e4e73600a3329baeb3b5df8d23f::Lean.Lsp.DidSaveTextDocumentParams,instance_ancestor,0
train,7b6ecb9ad4829e4e73600a3329baeb3b5df8d23f::StateRefT'.instAlternativeOfMonad,7b6ecb9ad4829e4e73600a3329baeb3b5df8d23f::Lean.Lsp.CallHierarchyOutgoingCallsParams,instance_ancestor,0
train,7b6ecb9ad4829e4e73600a3329baeb3b5df8d23f::instDecidableForall,7b6ecb9ad4829e4e73600a3329baeb3b5df8d23f::Inter,instance_ancestor,0
train,7b6ecb9ad4829e4e73600a3329baeb3b5df8d23f::StateT.instMonad,7b6ecb9ad4829e4e73600a3329baeb3b5df8d23f::LLVM.AttributeIndex,instance_ancestor,0
train,7b6ecb9ad4829e4e73600a3329baeb3b5df8d23f::instOrElseEIO,7b6ecb9ad4829e4e73600a3329baeb3b5df8d23f::IO.Process.Output,instance_ancestor,0
train,7b6ecb9ad4829e4e73600a3329baeb3b5df8d23f::instInhabitedSort,7b6ecb9ad4829e4e73600a3329baeb3b5df8d23f::UInt8,instance_ancestor,0
